[
    {
        "calculationDate": "20200903",
        "outstanding": 0.0
    },
    {
        "calculationDate": "20200917",
        "outstanding": 0.0
    },
    {
        "calculationDate": "20200727",
        "outstanding": 0.0
    },
    {
        "calculationDate": "20200820",
        "outstanding": 0.0
    },
    {
        "calculationDate": "20200907",
        "outstanding": 89641.0
    },
    {
        "calculationDate": "20200921",
        "outstanding": 87897.0
    },
    {
        "calculationDate": "20200910",
        "outstanding": 0.0
    },
    {
        "calculationDate": "20200806",
        "outstanding": 49945.0
    },
    {
        "calculationDate": "20201012",
        "outstanding": 85497.0
    },
    {
        "calculationDate": "20200730",
        "outstanding": 1190.0
    },
    {
        "calculationDate": "20201030",
        "outstanding": 0.0
    },
    {
        "calculationDate": "20200813",
        "outstanding": 0.0
    },
    {
        "calculationDate": "20201008",
        "outstanding": 85497.0
    },
    {
        "calculationDate": "20200928",
        "outstanding": 88997.0
    },
    {
        "calculationDate": "20201026",
        "outstanding": 0.0
    },
    {
        "calculationDate": "20200831",
        "outstanding": 0.0
    },
    {
        "calculationDate": "20201029",
        "outstanding": 0.0
    },
    {
        "calculationDate": "20201126",
        "outstanding": 0.0
    },
    {
        "calculationDate": "20200803",
        "outstanding": 48845.0
    },
    {
        "calculationDate": "20201019",
        "outstanding": 85497.0
    }
]