[
    {
        "calculationDate": "20221024",
        "outstanding": 0.0
    },
    {
        "calculationDate": "20230320",
        "outstanding": 16572.33
    },
    {
        "calculationDate": "20230309",
        "outstanding": 19868.73
    },
    {
        "calculationDate": "20221110",
        "outstanding": 19983.21
    },
    {
        "calculationDate": "20220721",
        "outstanding": 12558.0
    },
    {
        "calculationDate": "20230420",
        "outstanding": 19220.33
    },
    {
        "calculationDate": "20221031",
        "outstanding": 18628.21
    },
    {
        "calculationDate": "20220902",
        "outstanding": 19283.0
    },
    {
        "calculationDate": "20220722",
        "outstanding": 12558.0
    },
    {
        "calculationDate": "20220810",
        "outstanding": 16083.0
    },
    {
        "calculationDate": "20220908",
        "outstanding": 19382.0
    },
    {
        "calculationDate": "20220712",
        "outstanding": 10699.0
    },
    {
        "calculationDate": "20230321",
        "outstanding": 20000.0
    },
    {
        "calculationDate": "20220809",
        "outstanding": 18583.0
    },
    {
        "calculationDate": "20220921",
        "outstanding": 18782.0
    },
    {
        "calculationDate": "20221026",
        "outstanding": 6977.0
    },
    {
        "calculationDate": "20220905",
        "outstanding": 19283.0
    },
    {
        "calculationDate": "20220707",
        "outstanding": 4059.0
    },
    {
        "calculationDate": "20220718",
        "outstanding": 8413.0
    },
    {
        "calculationDate": "20220715",
        "outstanding": 7699.0
    },
    {
        "calculationDate": "20220811",
        "outstanding": 16323.0
    },
    {
        "calculationDate": "20230228",
        "outstanding": 18769.73
    },
    {
        "calculationDate": "20230125",
        "outstanding": 17855.73
    },
    {
        "calculationDate": "20230402",
        "outstanding": 20000.0
    },
    {
        "calculationDate": "20221230",
        "outstanding": 7731.21
    },
    {
        "calculationDate": "20221121",
        "outstanding": 19383.21
    },
    {
        "calculationDate": "20230119",
        "outstanding": 14855.73
    },
    {
        "calculationDate": "20230313",
        "outstanding": 0.0
    },
    {
        "calculationDate": "20230301",
        "outstanding": 19769.73
    },
    {
        "calculationDate": "20230209",
        "outstanding": 19454.73
    },
    {
        "calculationDate": "20221025",
        "outstanding": 5481.0
    },
    {
        "calculationDate": "20221130",
        "outstanding": 19783.21
    },
    {
        "calculationDate": "20220802",
        "outstanding": 15427.0
    },
    {
        "calculationDate": "20221207",
        "outstanding": 19882.21
    },
    {
        "calculationDate": "20221004",
        "outstanding": 18782.0
    },
    {
        "calculationDate": "20230219",
        "outstanding": 18769.73
    },
    {
        "calculationDate": "20220812",
        "outstanding": 19283.0
    },
    {
        "calculationDate": "20221127",
        "outstanding": 19783.21
    },
    {
        "calculationDate": "20221021",
        "outstanding": 18281.0
    },
    {
        "calculationDate": "20230108",
        "outstanding": 15256.73
    },
    {
        "calculationDate": "20220719",
        "outstanding": 11558.0
    },
    {
        "calculationDate": "20230316",
        "outstanding": 5572.33
    },
    {
        "calculationDate": "20220804",
        "outstanding": 18484.0
    },
    {
        "calculationDate": "20230425",
        "outstanding": 19725.33
    },
    {
        "calculationDate": "20221106",
        "outstanding": 19034.21
    },
    {
        "calculationDate": "20220727",
        "outstanding": 16427.0
    },
    {
        "calculationDate": "20230514",
        "outstanding": 19126.33
    },
    {
        "calculationDate": "20230319",
        "outstanding": 13072.33
    },
    {
        "calculationDate": "20220726",
        "outstanding": 15677.0
    },
    {
        "calculationDate": "20220708",
        "outstanding": 7299.0
    },
    {
        "calculationDate": "20221010",
        "outstanding": 18881.0
    },
    {
        "calculationDate": "20230509",
        "outstanding": 15626.33
    },
    {
        "calculationDate": "20230605",
        "outstanding": 0.0
    },
    {
        "calculationDate": "20221220",
        "outstanding": 19231.21
    },
    {
        "calculationDate": "20221122",
        "outstanding": 18783.21
    },
    {
        "calculationDate": "20230522",
        "outstanding": 19374.33
    },
    {
        "calculationDate": "20230423",
        "outstanding": 19725.33
    },
    {
        "calculationDate": "20221231",
        "outstanding": 9256.73
    },
    {
        "calculationDate": "20230131",
        "outstanding": 17855.73
    },
    {
        "calculationDate": "20221107",
        "outstanding": 19133.21
    },
    {
        "calculationDate": "20230531",
        "outstanding": 19374.33
    },
    {
        "calculationDate": "20230109",
        "outstanding": 15355.73
    },
    {
        "calculationDate": "20221123",
        "outstanding": 18783.21
    },
    {
        "calculationDate": "20230501",
        "outstanding": 19725.33
    }
]