[
    {
        "calculationDate": "20230309",
        "outstanding": 45825.47
    },
    {
        "calculationDate": "20221028",
        "outstanding": 0.0
    },
    {
        "calculationDate": "20221101",
        "outstanding": 6236.75
    },
    {
        "calculationDate": "20221019",
        "outstanding": 7074.0
    },
    {
        "calculationDate": "20230212",
        "outstanding": 20272.73
    },
    {
        "calculationDate": "20230103",
        "outstanding": 40675.36
    },
    {
        "calculationDate": "20230319",
        "outstanding": 45825.47
    },
    {
        "calculationDate": "20230509",
        "outstanding": 28550.61
    },
    {
        "calculationDate": "20230409",
        "outstanding": 70111.42
    },
    {
        "calculationDate": "20230110",
        "outstanding": 43850.1
    },
    {
        "calculationDate": "20221117",
        "outstanding": 4960.03
    },
    {
        "calculationDate": "20221108",
        "outstanding": 13829.13
    },
    {
        "calculationDate": "20221110",
        "outstanding": 13829.13
    },
    {
        "calculationDate": "20230528",
        "outstanding": 27076.34
    },
    {
        "calculationDate": "20230402",
        "outstanding": 71024.13
    },
    {
        "calculationDate": "20230307",
        "outstanding": 45825.47
    },
    {
        "calculationDate": "20221024",
        "outstanding": 12463.0
    },
    {
        "calculationDate": "20230427",
        "outstanding": 9982.51
    },
    {
        "calculationDate": "20221012",
        "outstanding": 0.0
    },
    {
        "calculationDate": "20230105",
        "outstanding": 43850.1
    },
    {
        "calculationDate": "20230228",
        "outstanding": 40406.22
    },
    {
        "calculationDate": "20230514",
        "outstanding": 40018.35
    },
    {
        "calculationDate": "20230420",
        "outstanding": 36.73
    },
    {
        "calculationDate": "20230511",
        "outstanding": 32209.21
    },
    {
        "calculationDate": "20230214",
        "outstanding": 20272.73
    },
    {
        "calculationDate": "20230108",
        "outstanding": 43850.1
    },
    {
        "calculationDate": "20230601",
        "outstanding": 0.0
    },
    {
        "calculationDate": "20221120",
        "outstanding": 4960.03
    },
    {
        "calculationDate": "20230518",
        "outstanding": 26583.35
    },
    {
        "calculationDate": "20230521",
        "outstanding": 19075.94
    },
    {
        "calculationDate": "20230525",
        "outstanding": 31152.82
    },
    {
        "calculationDate": "20230504",
        "outstanding": 18670.98
    },
    {
        "calculationDate": "20230226",
        "outstanding": 20272.73
    },
    {
        "calculationDate": "20230305",
        "outstanding": 45825.47
    },
    {
        "calculationDate": "20221005",
        "outstanding": 0.0
    },
    {
        "calculationDate": "20221229",
        "outstanding": 29968.06
    },
    {
        "calculationDate": "20230417",
        "outstanding": 0.0
    },
    {
        "calculationDate": "20230423",
        "outstanding": 4693.34
    },
    {
        "calculationDate": "20221021",
        "outstanding": 6954.0
    },
    {
        "calculationDate": "20230328",
        "outstanding": 71024.13
    },
    {
        "calculationDate": "20230112",
        "outstanding": 43850.1
    },
    {
        "calculationDate": "20230404",
        "outstanding": 65251.35
    },
    {
        "calculationDate": "20230516",
        "outstanding": 23205.66
    },
    {
        "calculationDate": "20230216",
        "outstanding": 20272.73
    },
    {
        "calculationDate": "20221127",
        "outstanding": 4960.03
    },
    {
        "calculationDate": "20221102",
        "outstanding": 7691.0
    },
    {
        "calculationDate": "20221017",
        "outstanding": 2545.0
    },
    {
        "calculationDate": "20221113",
        "outstanding": 4960.03
    },
    {
        "calculationDate": "20230406",
        "outstanding": 67315.52
    },
    {
        "calculationDate": "20230221",
        "outstanding": 20272.73
    },
    {
        "calculationDate": "20221115",
        "outstanding": 4960.03
    },
    {
        "calculationDate": "20230223",
        "outstanding": 20272.73
    },
    {
        "calculationDate": "20230608",
        "outstanding": 0.0
    },
    {
        "calculationDate": "20230411",
        "outstanding": 56153.89
    },
    {
        "calculationDate": "20221010",
        "outstanding": 3858.0
    },
    {
        "calculationDate": "20230430",
        "outstanding": 4035.66
    },
    {
        "calculationDate": "20230611",
        "outstanding": 886.84
    },
    {
        "calculationDate": "20230606",
        "outstanding": 2779.5
    },
    {
        "calculationDate": "20230502",
        "outstanding": 12493.08
    },
    {
        "calculationDate": "20230418",
        "outstanding": 0.0
    },
    {
        "calculationDate": "20230604",
        "outstanding": 1212.16
    },
    {
        "calculationDate": "20221027",
        "outstanding": 15915.0
    },
    {
        "calculationDate": "20230523",
        "outstanding": 22613.97
    },
    {
        "calculationDate": "20230314",
        "outstanding": 45825.47
    },
    {
        "calculationDate": "20230613",
        "outstanding": 2732.08
    },
    {
        "calculationDate": "20230507",
        "outstanding": 19584.61
    },
    {
        "calculationDate": "20230312",
        "outstanding": 45825.47
    },
    {
        "calculationDate": "20230323",
        "outstanding": 45825.47
    },
    {
        "calculationDate": "20230413",
        "outstanding": 56764.11
    },
    {
        "calculationDate": "20221014",
        "outstanding": 3601.0
    },
    {
        "calculationDate": "20230522",
        "outstanding": 21399.86
    },
    {
        "calculationDate": "20221007",
        "outstanding": 309.0
    },
    {
        "calculationDate": "20230515",
        "outstanding": 21032.33
    },
    {
        "calculationDate": "20221109",
        "outstanding": 13829.13
    },
    {
        "calculationDate": "20230316",
        "outstanding": 45825.47
    },
    {
        "calculationDate": "20230425",
        "outstanding": 8081.64
    },
    {
        "calculationDate": "20230530",
        "outstanding": 0.0
    },
    {
        "calculationDate": "20230302",
        "outstanding": 40406.22
    },
    {
        "calculationDate": "20230101",
        "outstanding": 29968.06
    },
    {
        "calculationDate": "20230326",
        "outstanding": 71024.13
    },
    {
        "calculationDate": "20230219",
        "outstanding": 20272.73
    }
]