[
    {
        "calculationDate": "20191012",
        "outstanding": 326.0
    },
    {
        "calculationDate": "20130701",
        "outstanding": 15067.0
    },
    {
        "calculationDate": "20170630",
        "outstanding": 2177.0
    },
    {
        "calculationDate": "20150218",
        "outstanding": 66126.0
    },
    {
        "calculationDate": "20180731",
        "outstanding": 1654.0
    },
    {
        "calculationDate": "20191214",
        "outstanding": 307.0
    },
    {
        "calculationDate": "20190331",
        "outstanding": 0.0
    },
    {
        "calculationDate": "20150114",
        "outstanding": 68275.0
    },
    {
        "calculationDate": "20191108",
        "outstanding": 212.0
    },
    {
        "calculationDate": "20150129",
        "outstanding": 65028.0
    },
    {
        "calculationDate": "20141231",
        "outstanding": 67517.0
    },
    {
        "calculationDate": "20140702",
        "outstanding": 53273.0
    },
    {
        "calculationDate": "20141211",
        "outstanding": 70351.0
    },
    {
        "calculationDate": "20170831",
        "outstanding": 3876.0
    },
    {
        "calculationDate": "20150303",
        "outstanding": 62798.0
    },
    {
        "calculationDate": "20150506",
        "outstanding": 57918.0
    },
    {
        "calculationDate": "20141126",
        "outstanding": 69566.0
    },
    {
        "calculationDate": "20141218",
        "outstanding": 70743.0
    },
    {
        "calculationDate": "20150520",
        "outstanding": 602.0
    },
    {
        "calculationDate": "20190804",
        "outstanding": 159.0
    },
    {
        "calculationDate": "20190906",
        "outstanding": 399.0
    },
    {
        "calculationDate": "20191020",
        "outstanding": 326.0
    },
    {
        "calculationDate": "20150401",
        "outstanding": 60248.0
    },
    {
        "calculationDate": "20140717",
        "outstanding": 63089.0
    },
    {
        "calculationDate": "20190531",
        "outstanding": 4415.0
    },
    {
        "calculationDate": "20160630",
        "outstanding": 0.0
    },
    {
        "calculationDate": "20160311",
        "outstanding": 0.0
    },
    {
        "calculationDate": "20190228",
        "outstanding": 3058.0
    },
    {
        "calculationDate": "20150205",
        "outstanding": 65394.0
    },
    {
        "calculationDate": "20141015",
        "outstanding": 75131.0
    },
    {
        "calculationDate": "20170430",
        "outstanding": 10483.0
    },
    {
        "calculationDate": "20171231",
        "outstanding": 3936.0
    },
    {
        "calculationDate": "20190901",
        "outstanding": 268.0
    },
    {
        "calculationDate": "20160930",
        "outstanding": 0.0
    },
    {
        "calculationDate": "20141010",
        "outstanding": 74719.0
    },
    {
        "calculationDate": "20180531",
        "outstanding": 1571.0
    },
    {
        "calculationDate": "20191026",
        "outstanding": 326.0
    },
    {
        "calculationDate": "20140528",
        "outstanding": 58428.0
    },
    {
        "calculationDate": "20140626",
        "outstanding": 55653.0
    },
    {
        "calculationDate": "20161031",
        "outstanding": 0.0
    },
    {
        "calculationDate": "20141001",
        "outstanding": 74307.0
    },
    {
        "calculationDate": "20190720",
        "outstanding": 79.0
    },
    {
        "calculationDate": "20140926",
        "outstanding": 76891.0
    },
    {
        "calculationDate": "20191027",
        "outstanding": 326.0
    },
    {
        "calculationDate": "20160731",
        "outstanding": 0.0
    },
    {
        "calculationDate": "20161130",
        "outstanding": 8366.0
    },
    {
        "calculationDate": "20140101",
        "outstanding": 58880.0
    },
    {
        "calculationDate": "20150429",
        "outstanding": 57594.0
    },
    {
        "calculationDate": "20171130",
        "outstanding": 3028.0
    },
    {
        "calculationDate": "20190928",
        "outstanding": 0.0
    },
    {
        "calculationDate": "20190831",
        "outstanding": 13477.0
    },
    {
        "calculationDate": "20150318",
        "outstanding": 63554.0
    },
    {
        "calculationDate": "20180630",
        "outstanding": 6424.0
    },
    {
        "calculationDate": "20180131",
        "outstanding": 3352.0
    },
    {
        "calculationDate": "20180331",
        "outstanding": 2264.0
    },
    {
        "calculationDate": "20190714",
        "outstanding": 79.0
    },
    {
        "calculationDate": "20180228",
        "outstanding": 3220.0
    },
    {
        "calculationDate": "20190824",
        "outstanding": 206.0
    },
    {
        "calculationDate": "20150610",
        "outstanding": 0.0
    },
    {
        "calculationDate": "20150225",
        "outstanding": 66492.0
    },
    {
        "calculationDate": "20150311",
        "outstanding": 63201.0
    },
    {
        "calculationDate": "20140710",
        "outstanding": 62738.0
    },
    {
        "calculationDate": "20191018",
        "outstanding": 326.0
    },
    {
        "calculationDate": "20150408",
        "outstanding": 60586.0
    },
    {
        "calculationDate": "20170131",
        "outstanding": 11542.0
    },
    {
        "calculationDate": "20140513",
        "outstanding": 57330.0
    },
    {
        "calculationDate": "20150415",
        "outstanding": 60924.0
    },
    {
        "calculationDate": "20170331",
        "outstanding": 4034.0
    },
    {
        "calculationDate": "20141203",
        "outstanding": 69903.0
    },
    {
        "calculationDate": "20150423",
        "outstanding": 61311.0
    },
    {
        "calculationDate": "20190930",
        "outstanding": 10288.0
    },
    {
        "calculationDate": "20160331",
        "outstanding": 0.0
    },
    {
        "calculationDate": "20180930",
        "outstanding": 11332.0
    },
    {
        "calculationDate": "20190809",
        "outstanding": 206.0
    },
    {
        "calculationDate": "20190728",
        "outstanding": 0.0
    },
    {
        "calculationDate": "20190623",
        "outstanding": 0.0
    },
    {
        "calculationDate": "20191116",
        "outstanding": 212.0
    },
    {
        "calculationDate": "20190705",
        "outstanding": 79.0
    },
    {
        "calculationDate": "20190726",
        "outstanding": 79.0
    },
    {
        "calculationDate": "20140201",
        "outstanding": 59658.0
    },
    {
        "calculationDate": "20190630",
        "outstanding": 5696.0
    },
    {
        "calculationDate": "20160531",
        "outstanding": 0.0
    },
    {
        "calculationDate": "20190131",
        "outstanding": 4934.0
    },
    {
        "calculationDate": "20171031",
        "outstanding": 1636.0
    },
    {
        "calculationDate": "20190807",
        "outstanding": 206.0
    },
    {
        "calculationDate": "20181130",
        "outstanding": 9493.0
    },
    {
        "calculationDate": "20191115",
        "outstanding": 212.0
    },
    {
        "calculationDate": "20190731",
        "outstanding": 14833.0
    },
    {
        "calculationDate": "20180430",
        "outstanding": 2067.0
    },
    {
        "calculationDate": "20140923",
        "outstanding": 78406.0
    },
    {
        "calculationDate": "20190719",
        "outstanding": 79.0
    },
    {
        "calculationDate": "20150211",
        "outstanding": 65760.0
    },
    {
        "calculationDate": "20150818",
        "outstanding": 0.0
    },
    {
        "calculationDate": "20140807",
        "outstanding": 70534.0
    },
    {
        "calculationDate": "20170731",
        "outstanding": 4824.0
    },
    {
        "calculationDate": "20191208",
        "outstanding": 307.0
    },
    {
        "calculationDate": "20181031",
        "outstanding": 12857.0
    },
    {
        "calculationDate": "20140820",
        "outstanding": 73632.0
    },
    {
        "calculationDate": "20160831",
        "outstanding": 0.0
    },
    {
        "calculationDate": "20170930",
        "outstanding": 1776.0
    },
    {
        "calculationDate": "20151125",
        "outstanding": 0.0
    },
    {
        "calculationDate": "20161231",
        "outstanding": 5614.0
    },
    {
        "calculationDate": "20191201",
        "outstanding": 284.0
    },
    {
        "calculationDate": "20160430",
        "outstanding": 0.0
    },
    {
        "calculationDate": "20150327",
        "outstanding": 63906.0
    },
    {
        "calculationDate": "20191130",
        "outstanding": 15981.0
    },
    {
        "calculationDate": "20140611",
        "outstanding": 55041.0
    },
    {
        "calculationDate": "20130801",
        "outstanding": 26104.0
    },
    {
        "calculationDate": "20150121",
        "outstanding": 68654.0
    },
    {
        "calculationDate": "20151118",
        "outstanding": 0.0
    },
    {
        "calculationDate": "20140915",
        "outstanding": 77917.0
    },
    {
        "calculationDate": "20140521",
        "outstanding": 58107.0
    },
    {
        "calculationDate": "20190430",
        "outstanding": 2264.0
    },
    {
        "calculationDate": "20141029",
        "outstanding": 71951.0
    },
    {
        "calculationDate": "20131101",
        "outstanding": 38549.0
    },
    {
        "calculationDate": "20190825",
        "outstanding": 0.0
    },
    {
        "calculationDate": "20170228",
        "outstanding": 3111.0
    },
    {
        "calculationDate": "20141225",
        "outstanding": 71136.0
    },
    {
        "calculationDate": "20190727",
        "outstanding": 79.0
    },
    {
        "calculationDate": "20191101",
        "outstanding": 8.0
    },
    {
        "calculationDate": "20170531",
        "outstanding": 3495.0
    },
    {
        "calculationDate": "20160225",
        "outstanding": 0.0
    },
    {
        "calculationDate": "20141022",
        "outstanding": 75543.0
    },
    {
        "calculationDate": "20150513",
        "outstanding": 58242.0
    },
    {
        "calculationDate": "20141112",
        "outstanding": 72760.0
    },
    {
        "calculationDate": "20191124",
        "outstanding": 212.0
    },
    {
        "calculationDate": "20180831",
        "outstanding": 2021.0
    },
    {
        "calculationDate": "20181231",
        "outstanding": 6234.0
    },
    {
        "calculationDate": "20191206",
        "outstanding": 307.0
    },
    {
        "calculationDate": "20191031",
        "outstanding": 10634.0
    },
    {
        "calculationDate": "20191005",
        "outstanding": 326.0
    },
    {
        "calculationDate": "20190721",
        "outstanding": 79.0
    },
    {
        "calculationDate": "20140314",
        "outstanding": 61551.0
    },
    {
        "calculationDate": "20191123",
        "outstanding": 212.0
    },
    {
        "calculationDate": "20141120",
        "outstanding": 73165.0
    },
    {
        "calculationDate": "20131201",
        "outstanding": 59159.0
    },
    {
        "calculationDate": "20140425",
        "outstanding": 61661.0
    },
    {
        "calculationDate": "20130901",
        "outstanding": 32738.0
    },
    {
        "calculationDate": "20131001",
        "outstanding": 40631.0
    },
    {
        "calculationDate": "20140725",
        "outstanding": 69507.0
    },
    {
        "calculationDate": "20191004",
        "outstanding": 54.0
    }
]