[
    {
        "calculationDate": "20200420",
        "outstanding": 0.0
    },
    {
        "calculationDate": "20180726",
        "outstanding": 33157.0
    },
    {
        "calculationDate": "20180806",
        "outstanding": 0.0
    },
    {
        "calculationDate": "20190701",
        "outstanding": 46188.0
    },
    {
        "calculationDate": "20181022",
        "outstanding": 50510.0
    },
    {
        "calculationDate": "20181108",
        "outstanding": 50510.0
    },
    {
        "calculationDate": "20180625",
        "outstanding": 24391.0
    },
    {
        "calculationDate": "20180525",
        "outstanding": 9831.0
    },
    {
        "calculationDate": "20190124",
        "outstanding": 90127.0
    },
    {
        "calculationDate": "20191208",
        "outstanding": 2319.0
    },
    {
        "calculationDate": "20190402",
        "outstanding": 82333.0
    },
    {
        "calculationDate": "20181015",
        "outstanding": 0.0
    },
    {
        "calculationDate": "20200309",
        "outstanding": 2458.0
    },
    {
        "calculationDate": "20180809",
        "outstanding": 0.0
    },
    {
        "calculationDate": "20180830",
        "outstanding": 25275.0
    },
    {
        "calculationDate": "20180712",
        "outstanding": 26769.0
    },
    {
        "calculationDate": "20190128",
        "outstanding": 89027.0
    },
    {
        "calculationDate": "20181004",
        "outstanding": 42791.0
    },
    {
        "calculationDate": "20190418",
        "outstanding": 92949.0
    },
    {
        "calculationDate": "20181231",
        "outstanding": 0.0
    },
    {
        "calculationDate": "20190110",
        "outstanding": 85083.0
    },
    {
        "calculationDate": "20190919",
        "outstanding": 20146.0
    },
    {
        "calculationDate": "20190114",
        "outstanding": 90127.0
    },
    {
        "calculationDate": "20190801",
        "outstanding": 32352.0
    },
    {
        "calculationDate": "20200319",
        "outstanding": 0.0
    },
    {
        "calculationDate": "20190514",
        "outstanding": 93213.0
    },
    {
        "calculationDate": "20190308",
        "outstanding": 85174.0
    },
    {
        "calculationDate": "20190409",
        "outstanding": 82772.0
    },
    {
        "calculationDate": "20191110",
        "outstanding": 1400.0
    },
    {
        "calculationDate": "20190808",
        "outstanding": 33909.0
    },
    {
        "calculationDate": "20180813",
        "outstanding": 0.0
    },
    {
        "calculationDate": "20190305",
        "outstanding": 85174.0
    },
    {
        "calculationDate": "20190930",
        "outstanding": 20146.0
    },
    {
        "calculationDate": "20190131",
        "outstanding": 89027.0
    },
    {
        "calculationDate": "20190213",
        "outstanding": 89925.0
    },
    {
        "calculationDate": "20191124",
        "outstanding": 2296.0
    },
    {
        "calculationDate": "20190620",
        "outstanding": 77277.0
    },
    {
        "calculationDate": "20181011",
        "outstanding": 44819.0
    },
    {
        "calculationDate": "20190103",
        "outstanding": 20330.0
    },
    {
        "calculationDate": "20190604",
        "outstanding": 75537.0
    },
    {
        "calculationDate": "20180820",
        "outstanding": 28600.0
    },
    {
        "calculationDate": "20190503",
        "outstanding": 91197.0
    },
    {
        "calculationDate": "20180827",
        "outstanding": 26756.0
    },
    {
        "calculationDate": "20190704",
        "outstanding": 47067.0
    },
    {
        "outstanding": 0.0
    },
    {
        "calculationDate": "20200416",
        "outstanding": 0.0
    },
    {
        "calculationDate": "20180904",
        "outstanding": 26624.0
    },
    {
        "calculationDate": "20190718",
        "outstanding": 31907.0
    },
    {
        "calculationDate": "20181112",
        "outstanding": 51011.0
    },
    {
        "calculationDate": "20181025",
        "outstanding": 50510.0
    },
    {
        "calculationDate": "20181122",
        "outstanding": 51214.0
    },
    {
        "calculationDate": "20191021",
        "outstanding": 0.0
    },
    {
        "calculationDate": "20190909",
        "outstanding": 39403.0
    },
    {
        "calculationDate": "20180628",
        "outstanding": 24561.0
    },
    {
        "calculationDate": "20190226",
        "outstanding": 85000.0
    },
    {
        "calculationDate": "20190819",
        "outstanding": 37993.0
    },
    {
        "calculationDate": "20180618",
        "outstanding": 24185.0
    },
    {
        "calculationDate": "20190711",
        "outstanding": 78915.0
    },
    {
        "calculationDate": "20180920",
        "outstanding": 39759.0
    },
    {
        "calculationDate": "20190610",
        "outstanding": 76293.0
    },
    {
        "calculationDate": "20181126",
        "outstanding": 53312.0
    },
    {
        "calculationDate": "20190624",
        "outstanding": 77496.0
    },
    {
        "calculationDate": "20180823",
        "outstanding": 17646.0
    },
    {
        "calculationDate": "20190902",
        "outstanding": 39025.0
    },
    {
        "calculationDate": "20200224",
        "outstanding": 927.0
    },
    {
        "calculationDate": "20180512",
        "outstanding": 1190.0
    },
    {
        "calculationDate": "20190815",
        "outstanding": 36358.0
    },
    {
        "calculationDate": "20190715",
        "outstanding": 80519.0
    },
    {
        "calculationDate": "20180706",
        "outstanding": 47748.0
    },
    {
        "calculationDate": "20190405",
        "outstanding": 82772.0
    },
    {
        "calculationDate": "20191003",
        "outstanding": 20472.0
    },
    {
        "calculationDate": "20180914",
        "outstanding": 39285.0
    },
    {
        "calculationDate": "20190829",
        "outstanding": 37993.0
    },
    {
        "calculationDate": "20180927",
        "outstanding": 41051.0
    },
    {
        "calculationDate": "20180611",
        "outstanding": 18722.0
    },
    {
        "calculationDate": "20181009",
        "outstanding": 43643.0
    },
    {
        "calculationDate": "20190812",
        "outstanding": 35337.0
    },
    {
        "calculationDate": "20200109",
        "outstanding": 2627.0
    },
    {
        "calculationDate": "20181206",
        "outstanding": 53627.0
    },
    {
        "calculationDate": "20190311",
        "outstanding": 86033.0
    },
    {
        "calculationDate": "20180906",
        "outstanding": 36784.0
    },
    {
        "calculationDate": "20190329",
        "outstanding": 82333.0
    },
    {
        "calculationDate": "20180911",
        "outstanding": 38975.0
    },
    {
        "calculationDate": "20191014",
        "outstanding": 22349.0
    },
    {
        "calculationDate": "20180925",
        "outstanding": 40069.0
    },
    {
        "calculationDate": "20190411",
        "outstanding": 83607.0
    },
    {
        "calculationDate": "20190708",
        "outstanding": 54081.0
    },
    {
        "calculationDate": "20190627",
        "outstanding": 39263.0
    },
    {
        "calculationDate": "20180523",
        "outstanding": 7579.0
    },
    {
        "calculationDate": "20180730",
        "outstanding": 33157.0
    },
    {
        "calculationDate": "20190805",
        "outstanding": 32563.0
    },
    {
        "calculationDate": "20181213",
        "outstanding": 54159.0
    },
    {
        "calculationDate": "20200116",
        "outstanding": 0.0
    },
    {
        "calculationDate": "20190415",
        "outstanding": 90511.0
    },
    {
        "calculationDate": "20190430",
        "outstanding": 88849.0
    },
    {
        "calculationDate": "20191117",
        "outstanding": 0.0
    },
    {
        "calculationDate": "20181018",
        "outstanding": 49858.0
    },
    {
        "calculationDate": "20190107",
        "outstanding": 23076.0
    },
    {
        "calculationDate": "20200220",
        "outstanding": 128.0
    },
    {
        "calculationDate": "20200430",
        "outstanding": 0.0
    },
    {
        "calculationDate": "20181129",
        "outstanding": 51281.0
    },
    {
        "calculationDate": "20181012",
        "outstanding": 20724.0
    },
    {
        "calculationDate": "20190221",
        "outstanding": 89925.0
    },
    {
        "calculationDate": "20190509",
        "outstanding": 92023.0
    },
    {
        "calculationDate": "20191010",
        "outstanding": 20676.0
    },
    {
        "calculationDate": "20200102",
        "outstanding": 0.0
    },
    {
        "calculationDate": "20200303",
        "outstanding": 2431.0
    },
    {
        "calculationDate": "20191215",
        "outstanding": 0.0
    },
    {
        "calculationDate": "20190912",
        "outstanding": 51110.0
    },
    {
        "calculationDate": "20190530",
        "outstanding": 74978.0
    },
    {
        "calculationDate": "20190527",
        "outstanding": 74978.0
    },
    {
        "calculationDate": "20180716",
        "outstanding": 28193.0
    }
]