[
    {
        "calculationDate": "20220822",
        "outstanding": 12424.0
    },
    {
        "calculationDate": "20200423",
        "outstanding": 46260.0
    },
    {
        "calculationDate": "20190826",
        "outstanding": 15000.0
    },
    {
        "calculationDate": "20201012",
        "outstanding": 5000.0
    },
    {
        "calculationDate": "20200316",
        "outstanding": 29328.0
    },
    {
        "calculationDate": "20220408",
        "outstanding": 0.0
    },
    {
        "calculationDate": "20220309",
        "outstanding": 0.0
    },
    {
        "calculationDate": "20201001",
        "outstanding": 0.0
    },
    {
        "calculationDate": "20211203",
        "outstanding": 0.0
    },
    {
        "calculationDate": "20211018",
        "outstanding": 47342.0
    },
    {
        "calculationDate": "20210322",
        "outstanding": 0.0
    },
    {
        "calculationDate": "20210909",
        "outstanding": 45752.0
    },
    {
        "calculationDate": "20200123",
        "outstanding": 32570.0
    },
    {
        "calculationDate": "20200220",
        "outstanding": 25000.0
    },
    {
        "calculationDate": "20210617",
        "outstanding": 0.0
    },
    {
        "calculationDate": "20201022",
        "outstanding": 5000.0
    },
    {
        "calculationDate": "20210920",
        "outstanding": 45849.0
    },
    {
        "calculationDate": "20211021",
        "outstanding": 49268.0
    },
    {
        "calculationDate": "20220812",
        "outstanding": 8584.0
    },
    {
        "calculationDate": "20210809",
        "outstanding": 1201.0
    },
    {
        "calculationDate": "20211116",
        "outstanding": 24038.0
    },
    {
        "calculationDate": "20200629",
        "outstanding": 3474.0
    },
    {
        "calculationDate": "20210607",
        "outstanding": 0.0
    },
    {
        "calculationDate": "20191117",
        "outstanding": 14990.0
    },
    {
        "calculationDate": "20210913",
        "outstanding": 43063.0
    },
    {
        "calculationDate": "20210405",
        "outstanding": 0.0
    },
    {
        "calculationDate": "20200525",
        "outstanding": 0.0
    },
    {
        "calculationDate": "20200713",
        "outstanding": 6129.0
    },
    {
        "calculationDate": "20191124",
        "outstanding": 0.0
    },
    {
        "calculationDate": "20210812",
        "outstanding": 3970.0
    },
    {
        "calculationDate": "20200813",
        "outstanding": 6129.0
    },
    {
        "calculationDate": "20210930",
        "outstanding": 40931.0
    },
    {
        "calculationDate": "20210114",
        "outstanding": 0.0
    },
    {
        "calculationDate": "20191021",
        "outstanding": 14990.0
    },
    {
        "calculationDate": "20210208",
        "outstanding": 6502.0
    },
    {
        "calculationDate": "20210927",
        "outstanding": 39996.0
    },
    {
        "calculationDate": "20210826",
        "outstanding": 42268.0
    },
    {
        "calculationDate": "20220704",
        "outstanding": 0.0
    },
    {
        "calculationDate": "20210823",
        "outstanding": 38455.0
    },
    {
        "calculationDate": "20200514",
        "outstanding": 44260.0
    },
    {
        "calculationDate": "20210415",
        "outstanding": 0.0
    },
    {
        "calculationDate": "20210329",
        "outstanding": 0.0
    },
    {
        "calculationDate": "20201231",
        "outstanding": 0.0
    },
    {
        "calculationDate": "20200420",
        "outstanding": 46260.0
    },
    {
        "calculationDate": "20200921",
        "outstanding": 441.0
    },
    {
        "calculationDate": "20200224",
        "outstanding": 25000.0
    },
    {
        "calculationDate": "20201217",
        "outstanding": 49906.0
    },
    {
        "calculationDate": "20210628",
        "outstanding": 0.0
    },
    {
        "calculationDate": "20210419",
        "outstanding": 0.0
    },
    {
        "calculationDate": "20211111",
        "outstanding": 23333.0
    },
    {
        "calculationDate": "20220919",
        "outstanding": 12070.0
    },
    {
        "calculationDate": "20210701",
        "outstanding": 0.0
    },
    {
        "calculationDate": "20211211",
        "outstanding": 0.0
    },
    {
        "calculationDate": "20210708",
        "outstanding": 0.0
    },
    {
        "calculationDate": "20220817",
        "outstanding": 10934.0
    },
    {
        "calculationDate": "20210311",
        "outstanding": 0.0
    },
    {
        "calculationDate": "20211028",
        "outstanding": 47746.0
    },
    {
        "calculationDate": "20200702",
        "outstanding": 6129.0
    },
    {
        "calculationDate": "20190930",
        "outstanding": 14990.0
    },
    {
        "calculationDate": "20220921",
        "outstanding": 12070.0
    },
    {
        "calculationDate": "20210531",
        "outstanding": 7350.0
    },
    {
        "calculationDate": "20210524",
        "outstanding": 4544.0
    },
    {
        "calculationDate": "20220530",
        "outstanding": 0.0
    },
    {
        "calculationDate": "20220207",
        "outstanding": 0.0
    },
    {
        "calculationDate": "20211123",
        "outstanding": 26835.0
    },
    {
        "calculationDate": "20211129",
        "outstanding": 7572.0
    },
    {
        "calculationDate": "20220422",
        "outstanding": 10536.0
    },
    {
        "calculationDate": "20220715",
        "outstanding": 8584.0
    },
    {
        "calculationDate": "20210325",
        "outstanding": 0.0
    },
    {
        "calculationDate": "20190822",
        "outstanding": 0.0
    },
    {
        "calculationDate": "20210830",
        "outstanding": 43209.0
    },
    {
        "calculationDate": "20211101",
        "outstanding": 47945.0
    },
    {
        "calculationDate": "20200130",
        "outstanding": 27570.0
    },
    {
        "calculationDate": "20220722",
        "outstanding": 8584.0
    },
    {
        "calculationDate": "20201203",
        "outstanding": 36139.0
    },
    {
        "calculationDate": "20210816",
        "outstanding": 0.0
    },
    {
        "calculationDate": "20210624",
        "outstanding": 0.0
    },
    {
        "calculationDate": "20200416",
        "outstanding": 45596.0
    },
    {
        "calculationDate": "20220513",
        "outstanding": 8936.0
    },
    {
        "calculationDate": "20210222",
        "outstanding": 9838.0
    },
    {
        "calculationDate": "20201113",
        "outstanding": 5000.0
    },
    {
        "calculationDate": "20210318",
        "outstanding": 0.0
    },
    {
        "calculationDate": "20200430",
        "outstanding": 44260.0
    },
    {
        "calculationDate": "20201221",
        "outstanding": 49906.0
    },
    {
        "calculationDate": "20200402",
        "outstanding": 12051.0
    },
    {
        "calculationDate": "20210712",
        "outstanding": 0.0
    },
    {
        "calculationDate": "20210315",
        "outstanding": 0.0
    },
    {
        "calculationDate": "20220405",
        "outstanding": 0.0
    },
    {
        "calculationDate": "20200413",
        "outstanding": 34630.0
    },
    {
        "calculationDate": "20200323",
        "outstanding": 29328.0
    },
    {
        "calculationDate": "20211207",
        "outstanding": 0.0
    },
    {
        "calculationDate": "20210308",
        "outstanding": 0.0
    },
    {
        "calculationDate": "20210726",
        "outstanding": 0.0
    },
    {
        "calculationDate": "20210527",
        "outstanding": 5962.0
    },
    {
        "calculationDate": "20210715",
        "outstanding": 0.0
    },
    {
        "calculationDate": "20211014",
        "outstanding": 45660.0
    },
    {
        "calculationDate": "20211011",
        "outstanding": 44387.0
    },
    {
        "calculationDate": "20200113",
        "outstanding": 32570.0
    },
    {
        "calculationDate": "20210802",
        "outstanding": 0.0
    },
    {
        "calculationDate": "20210805",
        "outstanding": 0.0
    },
    {
        "calculationDate": "20211108",
        "outstanding": 23083.0
    },
    {
        "calculationDate": "20201214",
        "outstanding": 36139.0
    },
    {
        "calculationDate": "20220711",
        "outstanding": 8131.0
    },
    {
        "calculationDate": "20210211",
        "outstanding": 12338.0
    },
    {
        "calculationDate": "20200213",
        "outstanding": 27570.0
    },
    {
        "calculationDate": "20210719",
        "outstanding": 0.0
    },
    {
        "calculationDate": "20210603",
        "outstanding": 0.0
    },
    {
        "calculationDate": "20200928",
        "outstanding": 441.0
    },
    {
        "calculationDate": "20210104",
        "outstanding": 0.0
    },
    {
        "calculationDate": "20210906",
        "outstanding": 45030.0
    },
    {
        "calculationDate": "20210705",
        "outstanding": 0.0
    },
    {
        "calculationDate": "20211025",
        "outstanding": 49746.0
    },
    {
        "calculationDate": "20220912",
        "outstanding": 12424.0
    },
    {
        "calculationDate": "20200824",
        "outstanding": 1419.0
    },
    {
        "calculationDate": "20191014",
        "outstanding": 14990.0
    },
    {
        "calculationDate": "20200406",
        "outstanding": 13800.0
    },
    {
        "calculationDate": "20201120",
        "outstanding": 5000.0
    },
    {
        "calculationDate": "20211118",
        "outstanding": 25545.0
    },
    {
        "calculationDate": "20210729",
        "outstanding": 0.0
    },
    {
        "calculationDate": "20220606",
        "outstanding": 0.0
    },
    {
        "calculationDate": "20210401",
        "outstanding": 0.0
    },
    {
        "calculationDate": "20200409",
        "outstanding": 17345.0
    },
    {
        "calculationDate": "20220524",
        "outstanding": 6636.0
    },
    {
        "calculationDate": "20210819",
        "outstanding": 0.0
    },
    {
        "calculationDate": "20220727",
        "outstanding": 8584.0
    },
    {
        "calculationDate": "20200820",
        "outstanding": 0.0
    },
    {
        "calculationDate": "20220511",
        "outstanding": 8936.0
    },
    {
        "calculationDate": "20211104",
        "outstanding": 22945.0
    },
    {
        "calculationDate": "20191224",
        "outstanding": 33070.0
    },
    {
        "calculationDate": "20200723",
        "outstanding": 6129.0
    },
    {
        "calculationDate": "20201026",
        "outstanding": 5000.0
    },
    {
        "calculationDate": "20220411",
        "outstanding": 9137.0
    },
    {
        "calculationDate": "20200312",
        "outstanding": 29328.0
    },
    {
        "calculationDate": "20200521",
        "outstanding": 34260.0
    },
    {
        "calculationDate": "20210923",
        "outstanding": 39287.0
    },
    {
        "calculationDate": "20210902",
        "outstanding": 44655.0
    },
    {
        "calculationDate": "20211215",
        "outstanding": 0.0
    },
    {
        "calculationDate": "20211007",
        "outstanding": 45180.0
    },
    {
        "calculationDate": "20221017",
        "outstanding": 0.0
    },
    {
        "calculationDate": "20200910",
        "outstanding": 23829.0
    },
    {
        "calculationDate": "20211004",
        "outstanding": 43907.0
    },
    {
        "calculationDate": "20221012",
        "outstanding": 12070.0
    },
    {
        "calculationDate": "20210916",
        "outstanding": 45029.0
    },
    {
        "calculationDate": "20220103",
        "outstanding": 0.0
    },
    {
        "calculationDate": "20210722",
        "outstanding": 0.0
    },
    {
        "calculationDate": "20201123",
        "outstanding": 37239.0
    },
    {
        "calculationDate": "20200326",
        "outstanding": 0.0
    }
]