[
    {
        "calculationDate": "20210408",
        "outstanding": 145600.0
    },
    {
        "calculationDate": "20211123",
        "outstanding": 95600.0
    },
    {
        "calculationDate": "20210603",
        "outstanding": 45600.0
    },
    {
        "calculationDate": "20220408",
        "outstanding": 99950.0
    },
    {
        "calculationDate": "20200727",
        "outstanding": 50000.0
    },
    {
        "calculationDate": "20210607",
        "outstanding": 95600.0
    },
    {
        "calculationDate": "20210621",
        "outstanding": 92800.0
    },
    {
        "calculationDate": "20210315",
        "outstanding": 100000.0
    },
    {
        "calculationDate": "20210215",
        "outstanding": 50000.0
    },
    {
        "calculationDate": "20210520",
        "outstanding": 0.0
    },
    {
        "calculationDate": "20210201",
        "outstanding": 0.0
    },
    {
        "calculationDate": "20201214",
        "outstanding": 0.0
    },
    {
        "calculationDate": "20211028",
        "outstanding": 48500.0
    },
    {
        "calculationDate": "20201207",
        "outstanding": 0.0
    },
    {
        "calculationDate": "20200910",
        "outstanding": 95000.0
    },
    {
        "calculationDate": "20200907",
        "outstanding": 100000.0
    },
    {
        "calculationDate": "20210826",
        "outstanding": 136000.0
    },
    {
        "calculationDate": "20200213",
        "outstanding": 92000.0
    },
    {
        "calculationDate": "20200304",
        "outstanding": 0.0
    },
    {
        "calculationDate": "20211211",
        "outstanding": 99600.0
    },
    {
        "calculationDate": "20210104",
        "outstanding": 0.0
    },
    {
        "calculationDate": "20201026",
        "outstanding": 0.0
    },
    {
        "calculationDate": "20210308",
        "outstanding": 50000.0
    },
    {
        "calculationDate": "20200921",
        "outstanding": 145000.0
    },
    {
        "calculationDate": "20210329",
        "outstanding": 98500.0
    },
    {
        "calculationDate": "20220128",
        "outstanding": 96700.0
    },
    {
        "calculationDate": "20200430",
        "outstanding": 97000.0
    },
    {
        "calculationDate": "20211207",
        "outstanding": 99600.0
    },
    {
        "calculationDate": "20210301",
        "outstanding": 50000.0
    },
    {
        "calculationDate": "20220228",
        "outstanding": 0.0
    },
    {
        "calculationDate": "20220526",
        "outstanding": 96750.0
    },
    {
        "calculationDate": "20191209",
        "outstanding": 0.0
    },
    {
        "calculationDate": "20200109",
        "outstanding": 50000.0
    },
    {
        "calculationDate": "20201029",
        "outstanding": 0.0
    },
    {
        "calculationDate": "20220530",
        "outstanding": 96750.0
    },
    {
        "calculationDate": "20220705",
        "outstanding": 0.0
    },
    {
        "calculationDate": "20220211",
        "outstanding": 146700.0
    },
    {
        "calculationDate": "20211025",
        "outstanding": 48500.0
    },
    {
        "calculationDate": "20220207",
        "outstanding": 96700.0
    },
    {
        "calculationDate": "20220309",
        "outstanding": 102950.0
    },
    {
        "calculationDate": "20200420",
        "outstanding": 97000.0
    },
    {
        "calculationDate": "20201008",
        "outstanding": 145000.0
    },
    {
        "calculationDate": "20220608",
        "outstanding": 96750.0
    },
    {
        "calculationDate": "20210809",
        "outstanding": 139600.0
    },
    {
        "calculationDate": "20220509",
        "outstanding": 97050.0
    },
    {
        "calculationDate": "20200528",
        "outstanding": 97000.0
    },
    {
        "calculationDate": "20211007",
        "outstanding": 50000.0
    },
    {
        "calculationDate": "20220610",
        "outstanding": 0.0
    },
    {
        "calculationDate": "20200116",
        "outstanding": 45000.0
    },
    {
        "calculationDate": "20200330",
        "outstanding": 50000.0
    },
    {
        "calculationDate": "20200409",
        "outstanding": 50000.0
    },
    {
        "calculationDate": "20220713",
        "outstanding": 0.0
    },
    {
        "calculationDate": "20201221",
        "outstanding": 0.0
    },
    {
        "calculationDate": "20200210",
        "outstanding": 95000.0
    },
    {
        "calculationDate": "20211101",
        "outstanding": 98500.0
    },
    {
        "calculationDate": "20210729",
        "outstanding": 89600.0
    },
    {
        "calculationDate": "20200608",
        "outstanding": 97000.0
    },
    {
        "calculationDate": "20210722",
        "outstanding": 89600.0
    },
    {
        "calculationDate": "20220401",
        "outstanding": 99950.0
    },
    {
        "calculationDate": "20220425",
        "outstanding": 97050.0
    },
    {
        "calculationDate": "20200507",
        "outstanding": 97000.0
    },
    {
        "calculationDate": "20210708",
        "outstanding": 92800.0
    },
    {
        "calculationDate": "20200103",
        "outstanding": 50000.0
    },
    {
        "calculationDate": "20210830",
        "outstanding": 136000.0
    },
    {
        "calculationDate": "20210902",
        "outstanding": 0.0
    },
    {
        "calculationDate": "20200130",
        "outstanding": 95000.0
    },
    {
        "calculationDate": "20210913",
        "outstanding": 50000.0
    },
    {
        "calculationDate": "20200810",
        "outstanding": 100000.0
    },
    {
        "calculationDate": "20191230",
        "outstanding": 50000.0
    },
    {
        "calculationDate": "20200831",
        "outstanding": 100000.0
    },
    {
        "calculationDate": "20210510",
        "outstanding": 145600.0
    },
    {
        "calculationDate": "20211230",
        "outstanding": 99600.0
    },
    {
        "calculationDate": "20200723",
        "outstanding": 0.0
    },
    {
        "calculationDate": "20220303",
        "outstanding": 52950.0
    },
    {
        "calculationDate": "20210429",
        "outstanding": 145600.0
    },
    {
        "calculationDate": "20220328",
        "outstanding": 99950.0
    },
    {
        "calculationDate": "20200625",
        "outstanding": 0.0
    },
    {
        "calculationDate": "20211108",
        "outstanding": 98500.0
    },
    {
        "calculationDate": "20211129",
        "outstanding": 0.0
    },
    {
        "calculationDate": "20200416",
        "outstanding": 47000.0
    },
    {
        "calculationDate": "20200120",
        "outstanding": 95000.0
    },
    {
        "calculationDate": "20220429",
        "outstanding": 97050.0
    },
    {
        "calculationDate": "20201001",
        "outstanding": 145000.0
    },
    {
        "calculationDate": "20220110",
        "outstanding": 96700.0
    },
    {
        "calculationDate": "20211203",
        "outstanding": 49600.0
    },
    {
        "calculationDate": "20220527",
        "outstanding": 96750.0
    },
    {
        "calculationDate": "20210318",
        "outstanding": 98500.0
    },
    {
        "calculationDate": "20210701",
        "outstanding": 92800.0
    }
]