[
    {
        "calculationDate": "20210903",
        "outstanding": 5396.0
    },
    {
        "calculationDate": "20171020",
        "outstanding": 0.0
    },
    {
        "calculationDate": "20210721",
        "outstanding": 0.0
    },
    {
        "calculationDate": "20141201",
        "outstanding": 0.0
    },
    {
        "calculationDate": "20181118",
        "outstanding": 2392.0
    },
    {
        "calculationDate": "20161119",
        "outstanding": 0.0
    },
    {
        "calculationDate": "20180519",
        "outstanding": 0.0
    },
    {
        "calculationDate": "20211104",
        "outstanding": 0.0
    },
    {
        "calculationDate": "20170719",
        "outstanding": 0.0
    },
    {
        "calculationDate": "20190619",
        "outstanding": 0.0
    },
    {
        "calculationDate": "20201220",
        "outstanding": 0.0
    },
    {
        "calculationDate": "20180419",
        "outstanding": 132.0
    },
    {
        "calculationDate": "20160309",
        "outstanding": 0.0
    },
    {
        "calculationDate": "20201120",
        "outstanding": 0.0
    },
    {
        "calculationDate": "20211031",
        "outstanding": 3639.0
    },
    {
        "calculationDate": "20190719",
        "outstanding": 2028.0
    },
    {
        "calculationDate": "20160419",
        "outstanding": 0.0
    },
    {
        "calculationDate": "20210419",
        "outstanding": 0.0
    },
    {
        "calculationDate": "20200819",
        "outstanding": 0.0
    },
    {
        "calculationDate": "20170920",
        "outstanding": 8438.0
    },
    {
        "calculationDate": "20160321",
        "outstanding": 0.0
    },
    {
        "calculationDate": "20160721",
        "outstanding": 0.0
    },
    {
        "calculationDate": "20200921",
        "outstanding": 0.0
    },
    {
        "calculationDate": "20150928",
        "outstanding": 0.0
    },
    {
        "calculationDate": "20190104",
        "outstanding": 42.0
    },
    {
        "calculationDate": "20200119",
        "outstanding": 0.0
    },
    {
        "calculationDate": "20210929",
        "outstanding": 4823.0
    },
    {
        "calculationDate": "20170417",
        "outstanding": 0.0
    },
    {
        "calculationDate": "20190321",
        "outstanding": 0.0
    },
    {
        "calculationDate": "20160516",
        "outstanding": 0.0
    },
    {
        "calculationDate": "20160221",
        "outstanding": 17138.0
    },
    {
        "calculationDate": "20151204",
        "outstanding": 4592.0
    },
    {
        "calculationDate": "20191124",
        "outstanding": 0.0
    },
    {
        "calculationDate": "20141225",
        "outstanding": 18895.0
    },
    {
        "calculationDate": "20181005",
        "outstanding": 0.0
    },
    {
        "calculationDate": "20210620",
        "outstanding": 0.0
    },
    {
        "calculationDate": "20170320",
        "outstanding": 0.0
    },
    {
        "calculationDate": "20200619",
        "outstanding": 39658.0
    },
    {
        "calculationDate": "20201021",
        "outstanding": 0.0
    },
    {
        "calculationDate": "20211029",
        "outstanding": 3526.0
    },
    {
        "calculationDate": "20161220",
        "outstanding": 0.0
    },
    {
        "calculationDate": "20190510",
        "outstanding": 141.0
    },
    {
        "calculationDate": "20160914",
        "outstanding": 0.0
    },
    {
        "calculationDate": "20210104",
        "outstanding": 0.0
    },
    {
        "calculationDate": "20191230",
        "outstanding": 0.0
    },
    {
        "calculationDate": "20210207",
        "outstanding": 0.0
    },
    {
        "calculationDate": "20161107",
        "outstanding": 0.0
    },
    {
        "calculationDate": "20200219",
        "outstanding": 0.0
    },
    {
        "outstanding": 0.0
    },
    {
        "calculationDate": "20210927",
        "outstanding": 3182.0
    },
    {
        "calculationDate": "20180621",
        "outstanding": 0.0
    },
    {
        "calculationDate": "20210306",
        "outstanding": 0.0
    },
    {
        "calculationDate": "20141008",
        "outstanding": 0.0
    },
    {
        "calculationDate": "20210218",
        "outstanding": 0.0
    },
    {
        "calculationDate": "20171222",
        "outstanding": 0.0
    },
    {
        "calculationDate": "20190223",
        "outstanding": 2078.0
    },
    {
        "calculationDate": "20180320",
        "outstanding": 0.0
    },
    {
        "calculationDate": "20190119",
        "outstanding": 0.0
    },
    {
        "calculationDate": "20200420",
        "outstanding": 0.0
    },
    {
        "calculationDate": "20191108",
        "outstanding": 9103.0
    },
    {
        "calculationDate": "20161023",
        "outstanding": 1011.0
    },
    {
        "calculationDate": "20160920",
        "outstanding": 0.0
    },
    {
        "calculationDate": "20210404",
        "outstanding": 0.0
    },
    {
        "calculationDate": "20170221",
        "outstanding": 0.0
    },
    {
        "calculationDate": "20191221",
        "outstanding": 8450.0
    },
    {
        "calculationDate": "20140629",
        "outstanding": 0.0
    },
    {
        "calculationDate": "20180118",
        "outstanding": 0.0
    },
    {
        "calculationDate": "20180425",
        "outstanding": 0.0
    },
    {
        "calculationDate": "20160117",
        "outstanding": 0.0
    },
    {
        "calculationDate": "20210119",
        "outstanding": 0.0
    },
    {
        "calculationDate": "20180821",
        "outstanding": 0.0
    },
    {
        "calculationDate": "20151221",
        "outstanding": 0.0
    },
    {
        "calculationDate": "20181019",
        "outstanding": 0.0
    },
    {
        "calculationDate": "20211003",
        "outstanding": 6085.0
    },
    {
        "calculationDate": "20190224",
        "outstanding": 2078.0
    },
    {
        "calculationDate": "20200318",
        "outstanding": 3954.0
    },
    {
        "calculationDate": "20210209",
        "outstanding": 0.0
    },
    {
        "calculationDate": "20200520",
        "outstanding": 0.0
    },
    {
        "calculationDate": "20210806",
        "outstanding": 0.0
    },
    {
        "calculationDate": "20160519",
        "outstanding": 0.0
    },
    {
        "calculationDate": "20180712",
        "outstanding": 0.0
    },
    {
        "calculationDate": "20200327",
        "outstanding": 0.0
    },
    {
        "calculationDate": "20180208",
        "outstanding": 0.0
    },
    {
        "calculationDate": "20170923",
        "outstanding": 0.0
    },
    {
        "calculationDate": "20181109",
        "outstanding": 485.0
    },
    {
        "calculationDate": "20191021",
        "outstanding": 0.0
    },
    {
        "calculationDate": "20170128"
    },
    {
        "calculationDate": "20210923",
        "outstanding": 1304.0
    },
    {
        "calculationDate": "20201010",
        "outstanding": 0.0
    },
    {
        "calculationDate": "20200209",
        "outstanding": 0.0
    },
    {
        "calculationDate": "20210731",
        "outstanding": 165.0
    },
    {
        "calculationDate": "20210606",
        "outstanding": 0.0
    },
    {
        "calculationDate": "20210320",
        "outstanding": 0.0
    },
    {
        "calculationDate": "20170420",
        "outstanding": 0.0
    },
    {
        "calculationDate": "20150111",
        "outstanding": 4801.0
    },
    {
        "calculationDate": "20211112",
        "outstanding": 0.0
    },
    {
        "calculationDate": "20190520",
        "outstanding": 141.0
    },
    {
        "calculationDate": "20190818",
        "outstanding": 0.0
    },
    {
        "calculationDate": "20140515",
        "outstanding": 0.0
    },
    {
        "calculationDate": "20200720",
        "outstanding": 0.0
    },
    {
        "calculationDate": "20170619",
        "outstanding": 0.0
    },
    {
        "calculationDate": "20180920",
        "outstanding": 5331.0
    },
    {
        "calculationDate": "20180221",
        "outstanding": 0.0
    },
    {
        "calculationDate": "20190920",
        "outstanding": 0.0
    },
    {
        "calculationDate": "20170520",
        "outstanding": 0.0
    },
    {
        "calculationDate": "20170203",
        "outstanding": 0.0
    },
    {
        "calculationDate": "20181207",
        "outstanding": 0.0
    },
    {
        "calculationDate": "20171119",
        "outstanding": 0.0
    },
    {
        "calculationDate": "20171110",
        "outstanding": 0.0
    },
    {
        "calculationDate": "20200705",
        "outstanding": 0.0
    },
    {
        "calculationDate": "20160706",
        "outstanding": 0.0
    },
    {
        "calculationDate": "20191114",
        "outstanding": 0.0
    },
    {
        "calculationDate": "20190310",
        "outstanding": 0.0
    },
    {
        "calculationDate": "20161211",
        "outstanding": 0.0
    },
    {
        "calculationDate": "20190908",
        "outstanding": 18343.0
    },
    {
        "calculationDate": "20171116",
        "outstanding": 426.0
    },
    {
        "calculationDate": "20150120",
        "outstanding": 10234.0
    },
    {
        "calculationDate": "20180311",
        "outstanding": 0.0
    },
    {
        "calculationDate": "20210519",
        "outstanding": 0.0
    },
    {
        "calculationDate": "20140825",
        "outstanding": 0.0
    },
    {
        "calculationDate": "20160821",
        "outstanding": 0.0
    },
    {
        "calculationDate": "20160120",
        "outstanding": 0.0
    },
    {
        "calculationDate": "20210802",
        "outstanding": 2698.0
    },
    {
        "calculationDate": "20190419",
        "outstanding": 17323.0
    },
    {
        "calculationDate": "20210618",
        "outstanding": 482.0
    },
    {
        "calculationDate": "20210905",
        "outstanding": 0.0
    },
    {
        "calculationDate": "20161020"
    },
    {
        "calculationDate": "20190524",
        "outstanding": 0.0
    },
    {
        "calculationDate": "20170116",
        "outstanding": 0.0
    },
    {
        "calculationDate": "20190725",
        "outstanding": 0.0
    },
    {
        "calculationDate": "20151206",
        "outstanding": 0.0
    },
    {
        "calculationDate": "20191205",
        "outstanding": 261.0
    },
    {
        "calculationDate": "20210804",
        "outstanding": 7471.0
    },
    {
        "calculationDate": "20151029",
        "outstanding": 0.0
    },
    {
        "calculationDate": "20201018",
        "outstanding": 0.0
    },
    {
        "calculationDate": "20160621",
        "outstanding": 5387.0
    },
    {
        "calculationDate": "20200816",
        "outstanding": 0.0
    },
    {
        "calculationDate": "20191120",
        "outstanding": 0.0
    },
    {
        "calculationDate": "20170119",
        "outstanding": 0.0
    },
    {
        "calculationDate": "20190110",
        "outstanding": 0.0
    },
    {
        "calculationDate": "20200607",
        "outstanding": 39415.0
    },
    {
        "calculationDate": "20211007",
        "outstanding": 0.0
    },
    {
        "calculationDate": "20181221",
        "outstanding": 0.0
    },
    {
        "calculationDate": "20141115",
        "outstanding": 5.0
    },
    {
        "calculationDate": "20180719",
        "outstanding": 0.0
    }
]