[
    {
        "calculationDate": "20230129",
        "outstanding": 17942.68
    },
    {
        "calculationDate": "20230211",
        "outstanding": 30000.0
    },
    {
        "calculationDate": "20230110",
        "outstanding": 2235.6
    },
    {
        "calculationDate": "20230227",
        "outstanding": 29761.0
    },
    {
        "calculationDate": "20220820",
        "outstanding": 29753.0
    },
    {
        "calculationDate": "20220712",
        "outstanding": 29908.0
    },
    {
        "calculationDate": "20230208",
        "outstanding": 29988.0
    },
    {
        "calculationDate": "20230307",
        "outstanding": 0.0
    },
    {
        "calculationDate": "20220517",
        "outstanding": 15844.0
    },
    {
        "calculationDate": "20221109",
        "outstanding": 30000.0
    },
    {
        "calculationDate": "20220604",
        "outstanding": 30000.0
    },
    {
        "calculationDate": "20220924",
        "outstanding": 0.0
    },
    {
        "calculationDate": "20230404",
        "outstanding": 4986.61
    },
    {
        "calculationDate": "20230405",
        "outstanding": 30000.0
    },
    {
        "calculationDate": "20220823",
        "outstanding": 29753.0
    },
    {
        "calculationDate": "20220929",
        "outstanding": 347.0
    },
    {
        "calculationDate": "20230114",
        "outstanding": 3100.6
    },
    {
        "calculationDate": "20220528",
        "outstanding": 27360.0
    },
    {
        "calculationDate": "20221221",
        "outstanding": 29883.52
    },
    {
        "calculationDate": "20220728",
        "outstanding": 31873.0
    },
    {
        "calculationDate": "20220521",
        "outstanding": 0.0
    },
    {
        "calculationDate": "20220906",
        "outstanding": 28915.0
    },
    {
        "calculationDate": "20220524",
        "outstanding": 22483.0
    },
    {
        "calculationDate": "20220825",
        "outstanding": 29753.0
    },
    {
        "calculationDate": "20221205",
        "outstanding": 29883.52
    },
    {
        "calculationDate": "20221030",
        "outstanding": 30000.0
    },
    {
        "calculationDate": "20230202",
        "outstanding": 28560.17
    },
    {
        "calculationDate": "20220730",
        "outstanding": 27969.0
    },
    {
        "calculationDate": "20230131",
        "outstanding": 26481.82
    },
    {
        "calculationDate": "20220802",
        "outstanding": 29598.0
    },
    {
        "calculationDate": "20230308",
        "outstanding": 30000.0
    },
    {
        "calculationDate": "20220702",
        "outstanding": 30590.0
    },
    {
        "calculationDate": "20230328",
        "outstanding": 0.0
    },
    {
        "calculationDate": "20230527",
        "outstanding": 30000.0
    },
    {
        "calculationDate": "20220709",
        "outstanding": 28430.0
    },
    {
        "calculationDate": "20221202",
        "outstanding": 28200.0
    },
    {
        "calculationDate": "20221001",
        "outstanding": 0.0
    },
    {
        "calculationDate": "20230204",
        "outstanding": 29542.01
    },
    {
        "calculationDate": "20230427",
        "outstanding": 30000.0
    },
    {
        "calculationDate": "20220830",
        "outstanding": 30815.0
    },
    {
        "calculationDate": "20221029",
        "outstanding": 0.0
    },
    {
        "calculationDate": "20220519",
        "outstanding": 24201.0
    },
    {
        "calculationDate": "20220913",
        "outstanding": 0.0
    },
    {
        "calculationDate": "20220818",
        "outstanding": 26659.0
    },
    {
        "calculationDate": "20220526",
        "outstanding": 24825.0
    },
    {
        "calculationDate": "20220602",
        "outstanding": 29592.0
    },
    {
        "calculationDate": "20230425",
        "outstanding": 0.0
    },
    {
        "calculationDate": "20220531",
        "outstanding": 30000.0
    },
    {
        "calculationDate": "20220705",
        "outstanding": 28690.0
    }
]