[
    {
        "calculationDate": "20180723",
        "outstanding": 0.0
    },
    {
        "calculationDate": "20210504",
        "outstanding": 0.0
    },
    {
        "calculationDate": "20191227",
        "outstanding": 10000.0
    },
    {
        "calculationDate": "20190408",
        "outstanding": 0.0
    },
    {
        "calculationDate": "20180423",
        "outstanding": 0.0
    },
    {
        "calculationDate": "20200125",
        "outstanding": 13552.0
    },
    {
        "calculationDate": "20200111",
        "outstanding": 0.0
    },
    {
        "calculationDate": "20170207",
        "outstanding": 0.0
    },
    {
        "calculationDate": "20211221",
        "outstanding": 13070.0
    },
    {
        "calculationDate": "20200122",
        "outstanding": 14117.0
    },
    {
        "calculationDate": "20160913",
        "outstanding": 0.0
    },
    {
        "calculationDate": "20161130",
        "outstanding": 1291.0
    },
    {
        "calculationDate": "20190306",
        "outstanding": 0.0
    },
    {
        "calculationDate": "20170419",
        "outstanding": 0.0
    },
    {
        "calculationDate": "20180622",
        "outstanding": 0.0
    },
    {
        "calculationDate": "20161025",
        "outstanding": 0.0
    },
    {
        "calculationDate": "20171010",
        "outstanding": 0.0
    },
    {
        "calculationDate": "20180704",
        "outstanding": 0.0
    },
    {
        "calculationDate": "20200102",
        "outstanding": 0.0
    },
    {
        "calculationDate": "20200920",
        "outstanding": 0.0
    },
    {
        "calculationDate": "20190731",
        "outstanding": 13000.0
    },
    {
        "calculationDate": "20220108",
        "outstanding": 36694.0
    },
    {
        "calculationDate": "20180219",
        "outstanding": 0.0
    },
    {
        "calculationDate": "20170219",
        "outstanding": 0.0
    },
    {
        "calculationDate": "20170624",
        "outstanding": 0.0
    },
    {
        "calculationDate": "20200725",
        "outstanding": 2500.0
    },
    {
        "calculationDate": "20170823",
        "outstanding": 0.0
    },
    {
        "calculationDate": "20211105",
        "outstanding": 0.0
    },
    {
        "calculationDate": "20200409",
        "outstanding": 20000.0
    },
    {
        "calculationDate": "20190815",
        "outstanding": 0.0
    },
    {
        "calculationDate": "20190422",
        "outstanding": 0.0
    },
    {
        "calculationDate": "20190321",
        "outstanding": 0.0
    },
    {
        "calculationDate": "20201122",
        "outstanding": 3306.0
    },
    {
        "calculationDate": "20170522",
        "outstanding": 0.0
    },
    {
        "calculationDate": "20201108",
        "outstanding": 6936.0
    },
    {
        "calculationDate": "20190315",
        "outstanding": 0.0
    },
    {
        "calculationDate": "20170321",
        "outstanding": 0.0
    },
    {
        "calculationDate": "20211231",
        "outstanding": 16839.0
    },
    {
        "calculationDate": "20170324",
        "outstanding": 0.0
    },
    {
        "calculationDate": "20161013",
        "outstanding": 0.0
    },
    {
        "calculationDate": "20201231",
        "outstanding": 0.0
    },
    {
        "calculationDate": "20210509",
        "outstanding": 10000.0
    },
    {
        "calculationDate": "20210831",
        "outstanding": 23155.0
    },
    {
        "calculationDate": "20161022",
        "outstanding": 0.0
    },
    {
        "calculationDate": "20200713",
        "outstanding": 3172.0
    },
    {
        "calculationDate": "20180520",
        "outstanding": 0.0
    },
    {
        "calculationDate": "20210522",
        "outstanding": 5000.0
    },
    {
        "calculationDate": "20161215",
        "outstanding": 0.0
    },
    {
        "calculationDate": "20181008",
        "outstanding": 0.0
    },
    {
        "calculationDate": "20211223",
        "outstanding": 22069.0
    },
    {
        "calculationDate": "20160728",
        "outstanding": 0.0
    },
    {
        "calculationDate": "20190803",
        "outstanding": 10000.0
    },
    {
        "calculationDate": "20161212",
        "outstanding": 0.0
    },
    {
        "calculationDate": "20200418",
        "outstanding": 22029.0
    },
    {
        "outstanding": 0.0
    },
    {
        "calculationDate": "20160830",
        "outstanding": 0.0
    },
    {
        "calculationDate": "20180607",
        "outstanding": 0.0
    },
    {
        "calculationDate": "20210623",
        "outstanding": 9230.0
    },
    {
        "calculationDate": "20191124",
        "outstanding": 5000.0
    },
    {
        "calculationDate": "20181121",
        "outstanding": 1300.0
    },
    {
        "calculationDate": "20170907",
        "outstanding": 0.0
    },
    {
        "calculationDate": "20161103",
        "outstanding": 0.0
    },
    {
        "calculationDate": "20210910",
        "outstanding": 0.0
    },
    {
        "calculationDate": "20210730",
        "outstanding": 0.0
    },
    {
        "calculationDate": "20180922",
        "outstanding": 0.0
    },
    {
        "calculationDate": "20170501"
    },
    {
        "calculationDate": "20211028",
        "outstanding": 5050.0
    },
    {
        "calculationDate": "20190524",
        "outstanding": 0.0
    },
    {
        "calculationDate": "20190614",
        "outstanding": 0.0
    },
    {
        "calculationDate": "20200331",
        "outstanding": 6431.0
    },
    {
        "calculationDate": "20220410",
        "outstanding": 0.0
    },
    {
        "calculationDate": "20200325",
        "outstanding": 23572.0
    },
    {
        "calculationDate": "20200518",
        "outstanding": 7981.0
    },
    {
        "calculationDate": "20190707",
        "outstanding": 0.0
    },
    {
        "calculationDate": "20160907",
        "outstanding": 0.0
    },
    {
        "calculationDate": "20200223",
        "outstanding": 6155.0
    },
    {
        "calculationDate": "20211201",
        "outstanding": 35898.0
    },
    {
        "calculationDate": "20181127",
        "outstanding": 0.0
    },
    {
        "calculationDate": "20210428",
        "outstanding": 0.0
    },
    {
        "calculationDate": "20220211",
        "outstanding": 8968.0
    },
    {
        "calculationDate": "20200322",
        "outstanding": 19141.0
    },
    {
        "calculationDate": "20161109",
        "outstanding": 0.0
    },
    {
        "calculationDate": "20180420",
        "outstanding": 0.0
    },
    {
        "calculationDate": "20211205",
        "outstanding": 0.0
    },
    {
        "calculationDate": "20180408",
        "outstanding": 0.0
    },
    {
        "calculationDate": "20190921",
        "outstanding": 0.0
    },
    {
        "calculationDate": "20181025",
        "outstanding": 4405.0
    },
    {
        "calculationDate": "20161124",
        "outstanding": 0.0
    },
    {
        "calculationDate": "20210322",
        "outstanding": 0.0
    },
    {
        "calculationDate": "20170422",
        "outstanding": 0.0
    },
    {
        "calculationDate": "20181217",
        "outstanding": 0.0
    },
    {
        "calculationDate": "20191126",
        "outstanding": 0.0
    },
    {
        "calculationDate": "20190622",
        "outstanding": 0.0
    },
    {
        "calculationDate": "20180613",
        "outstanding": 0.0
    },
    {
        "calculationDate": "20190122",
        "outstanding": 0.0
    },
    {
        "calculationDate": "20201228",
        "outstanding": 0.0
    },
    {
        "calculationDate": "20170410",
        "outstanding": 0.0
    },
    {
        "calculationDate": "20200310",
        "outstanding": 14000.0
    },
    {
        "calculationDate": "20200623",
        "outstanding": 0.0
    },
    {
        "calculationDate": "20171225",
        "outstanding": 0.0
    },
    {
        "calculationDate": "20170621",
        "outstanding": 0.0
    },
    {
        "calculationDate": "20200912",
        "outstanding": 3000.0
    },
    {
        "calculationDate": "20170315",
        "outstanding": 0.0
    },
    {
        "calculationDate": "20220303",
        "outstanding": 9129.0
    },
    {
        "calculationDate": "20160803",
        "outstanding": 0.0
    },
    {
        "calculationDate": "20210406",
        "outstanding": 0.0
    },
    {
        "calculationDate": "20220305",
        "outstanding": 0.0
    },
    {
        "calculationDate": "20180318",
        "outstanding": 0.0
    },
    {
        "calculationDate": "20201101",
        "outstanding": 10000.0
    },
    {
        "calculationDate": "20171221",
        "outstanding": 0.0
    },
    {
        "calculationDate": "20171001",
        "outstanding": 0.0
    },
    {
        "calculationDate": "20191217",
        "outstanding": 13281.0
    },
    {
        "calculationDate": "20200521",
        "outstanding": 7000.0
    },
    {
        "calculationDate": "20181022",
        "outstanding": 0.0
    },
    {
        "calculationDate": "20190821",
        "outstanding": 0.0
    },
    {
        "calculationDate": "20180117",
        "outstanding": 0.0
    },
    {
        "calculationDate": "20161221",
        "outstanding": 0.0
    },
    {
        "calculationDate": "20160922",
        "outstanding": 0.0
    },
    {
        "calculationDate": "20210617",
        "outstanding": 10000.0
    },
    {
        "calculationDate": "20200209",
        "outstanding": 0.0
    },
    {
        "calculationDate": "20170303",
        "outstanding": 0.0
    },
    {
        "calculationDate": "20200427",
        "outstanding": 21643.0
    },
    {
        "calculationDate": "20170102",
        "outstanding": 0.0
    },
    {
        "calculationDate": "20220317",
        "outstanding": 21799.0
    },
    {
        "calculationDate": "20200424",
        "outstanding": 21805.0
    },
    {
        "calculationDate": "20220221",
        "outstanding": 9003.0
    },
    {
        "calculationDate": "20220319",
        "outstanding": 38157.0
    },
    {
        "calculationDate": "20171118",
        "outstanding": 0.0
    },
    {
        "calculationDate": "20180823",
        "outstanding": 0.0
    },
    {
        "calculationDate": "20180123",
        "outstanding": 0.0
    },
    {
        "calculationDate": "20170820",
        "outstanding": 0.0
    },
    {
        "calculationDate": "20191018",
        "outstanding": 4000.0
    },
    {
        "calculationDate": "20180120",
        "outstanding": 0.0
    },
    {
        "calculationDate": "20220404",
        "outstanding": 0.0
    },
    {
        "calculationDate": "20190411",
        "outstanding": 0.0
    },
    {
        "calculationDate": "20210902",
        "outstanding": 0.0
    },
    {
        "calculationDate": "20211225",
        "outstanding": 21839.0
    },
    {
        "calculationDate": "20171022",
        "outstanding": 0.0
    },
    {
        "calculationDate": "20220205",
        "outstanding": 18183.0
    },
    {
        "calculationDate": "20161016",
        "outstanding": 0.0
    },
    {
        "calculationDate": "20190513",
        "outstanding": 0.0
    },
    {
        "calculationDate": "20201208",
        "outstanding": 0.0
    },
    {
        "calculationDate": "20190223",
        "outstanding": 0.0
    },
    {
        "calculationDate": "20191024",
        "outstanding": 4000.0
    },
    {
        "calculationDate": "20181223",
        "outstanding": 0.0
    },
    {
        "calculationDate": "20171209",
        "outstanding": 0.0
    },
    {
        "calculationDate": "20210319",
        "outstanding": 0.0
    },
    {
        "calculationDate": "20201219",
        "outstanding": 2001.0
    },
    {
        "calculationDate": "20170123",
        "outstanding": 0.0
    },
    {
        "calculationDate": "20190516",
        "outstanding": 0.0
    },
    {
        "calculationDate": "20170201",
        "outstanding": 0.0
    },
    {
        "calculationDate": "20170805",
        "outstanding": 0.0
    },
    {
        "calculationDate": "20190713",
        "outstanding": 0.0
    },
    {
        "calculationDate": "20200307",
        "outstanding": 12820.0
    },
    {
        "calculationDate": "20191120",
        "outstanding": 5000.0
    },
    {
        "calculationDate": "20200806",
        "outstanding": 1000.0
    },
    {
        "calculationDate": "20190318",
        "outstanding": 0.0
    },
    {
        "calculationDate": "20201023",
        "outstanding": 7200.0
    },
    {
        "calculationDate": "20170428",
        "outstanding": 0.0
    },
    {
        "calculationDate": "20201026",
        "outstanding": 5242.0
    },
    {
        "calculationDate": "20180730",
        "outstanding": 0.0
    },
    {
        "calculationDate": "20200512",
        "outstanding": 7000.0
    },
    {
        "calculationDate": "20181103",
        "outstanding": 0.0
    },
    {
        "calculationDate": "20190924",
        "outstanding": 0.0
    },
    {
        "calculationDate": "20211125",
        "outstanding": 27898.0
    },
    {
        "calculationDate": "20161112",
        "outstanding": 0.0
    },
    {
        "calculationDate": "20161209",
        "outstanding": 0.0
    },
    {
        "calculationDate": "20200923",
        "outstanding": 0.0
    },
    {
        "calculationDate": "20171007",
        "outstanding": 0.0
    },
    {
        "calculationDate": "20170222",
        "outstanding": 0.0
    },
    {
        "calculationDate": "20180306",
        "outstanding": 0.0
    },
    {
        "calculationDate": "20220121",
        "outstanding": 35000.0
    },
    {
        "calculationDate": "20220403",
        "outstanding": 30000.0
    },
    {
        "calculationDate": "20201222",
        "outstanding": 2001.0
    },
    {
        "calculationDate": "20160722",
        "outstanding": 0.0
    },
    {
        "calculationDate": "20180707",
        "outstanding": 0.0
    },
    {
        "calculationDate": "20200608",
        "outstanding": 3851.0
    },
    {
        "calculationDate": "20170922",
        "outstanding": 0.0
    },
    {
        "calculationDate": "20160703",
        "outstanding": 0.0
    },
    {
        "calculationDate": "20170525",
        "outstanding": 0.0
    },
    {
        "calculationDate": "20191030",
        "outstanding": 0.0
    },
    {
        "calculationDate": "20210410",
        "outstanding": 0.0
    },
    {
        "calculationDate": "20200524",
        "outstanding": 6790.0
    },
    {
        "calculationDate": "20220203",
        "outstanding": 37361.0
    },
    {
        "calculationDate": "20210825",
        "outstanding": 14997.0
    },
    {
        "calculationDate": "20200809",
        "outstanding": 1000.0
    },
    {
        "calculationDate": "20170408",
        "outstanding": 0.0
    },
    {
        "calculationDate": "20170327"
    },
    {
        "calculationDate": "20210519",
        "outstanding": 10000.0
    },
    {
        "calculationDate": "20171109",
        "outstanding": 0.0
    },
    {
        "calculationDate": "20210529",
        "outstanding": 0.0
    },
    {
        "calculationDate": "20170721",
        "outstanding": 0.0
    },
    {
        "calculationDate": "20170709",
        "outstanding": 0.0
    },
    {
        "calculationDate": "20170111",
        "outstanding": 0.0
    },
    {
        "calculationDate": "20210122",
        "outstanding": 0.0
    },
    {
        "calculationDate": "20180523",
        "outstanding": 0.0
    },
    {
        "calculationDate": "20190326",
        "outstanding": 0.0
    },
    {
        "calculationDate": "20191114",
        "outstanding": 1230.0
    },
    {
        "calculationDate": "20210305",
        "outstanding": 0.0
    },
    {
        "calculationDate": "20170309",
        "outstanding": 0.0
    },
    {
        "calculationDate": "20211012",
        "outstanding": 0.0
    },
    {
        "calculationDate": "20200716",
        "outstanding": 3000.0
    },
    {
        "calculationDate": "20190224",
        "outstanding": 0.0
    },
    {
        "calculationDate": "20161001",
        "outstanding": 0.0
    },
    {
        "calculationDate": "20180222",
        "outstanding": 0.0
    },
    {
        "calculationDate": "20190722",
        "outstanding": 2985.0
    },
    {
        "calculationDate": "20170706",
        "outstanding": 0.0
    },
    {
        "calculationDate": "20170928",
        "outstanding": 0.0
    },
    {
        "calculationDate": "20191221",
        "outstanding": 13281.0
    },
    {
        "calculationDate": "20210223",
        "outstanding": 10000.0
    },
    {
        "calculationDate": "20180321",
        "outstanding": 0.0
    },
    {
        "calculationDate": "20210421",
        "outstanding": 0.0
    },
    {
        "calculationDate": "20210823",
        "outstanding": 11177.0
    },
    {
        "calculationDate": "20160916",
        "outstanding": 0.0
    },
    {
        "calculationDate": "20210701",
        "outstanding": 0.0
    },
    {
        "calculationDate": "20200824",
        "outstanding": 0.0
    },
    {
        "calculationDate": "20170528",
        "outstanding": 0.0
    },
    {
        "calculationDate": "20170117",
        "outstanding": 0.0
    },
    {
        "calculationDate": "20190504",
        "outstanding": 0.0
    },
    {
        "calculationDate": "20191208",
        "outstanding": 0.0
    },
    {
        "calculationDate": "20210311",
        "outstanding": 2763.0
    },
    {
        "calculationDate": "20200503",
        "outstanding": 5889.0
    },
    {
        "calculationDate": "20191224",
        "outstanding": 10000.0
    },
    {
        "calculationDate": "20181229",
        "outstanding": 0.0
    },
    {
        "calculationDate": "20171124",
        "outstanding": 0.0
    },
    {
        "calculationDate": "20220102",
        "outstanding": 0.0
    },
    {
        "calculationDate": "20160821",
        "outstanding": 0.0
    },
    {
        "calculationDate": "20161106",
        "outstanding": 0.0
    }
]