[
    {
        "calculationDate": "20220530",
        "outstanding": 0.0
    },
    {
        "calculationDate": "20230106",
        "outstanding": 2364.11
    },
    {
        "calculationDate": "20230602",
        "outstanding": 11150.42
    },
    {
        "calculationDate": "20220601",
        "outstanding": 0.0
    },
    {
        "calculationDate": "20220424",
        "outstanding": 0.0
    },
    {
        "calculationDate": "20220619",
        "outstanding": 0.0
    },
    {
        "calculationDate": "20221002",
        "outstanding": 9724.0
    },
    {
        "calculationDate": "20220713",
        "outstanding": 21704.0
    },
    {
        "calculationDate": "20221004",
        "outstanding": 0.0
    },
    {
        "calculationDate": "20220422",
        "outstanding": 0.0
    },
    {
        "calculationDate": "20220607",
        "outstanding": 9740.0
    },
    {
        "calculationDate": "20221023",
        "outstanding": 31423.0
    },
    {
        "calculationDate": "20220906",
        "outstanding": 0.0
    },
    {
        "calculationDate": "20220520",
        "outstanding": 0.0
    },
    {
        "calculationDate": "20221005",
        "outstanding": 0.0
    },
    {
        "calculationDate": "20220801",
        "outstanding": 0.0
    },
    {
        "calculationDate": "20220722",
        "outstanding": 0.0
    },
    {
        "calculationDate": "20220930",
        "outstanding": 6753.0
    },
    {
        "calculationDate": "20220613",
        "outstanding": 15625.0
    },
    {
        "calculationDate": "20220721",
        "outstanding": 0.0
    },
    {
        "calculationDate": "20220711",
        "outstanding": 8358.0
    },
    {
        "calculationDate": "20230503",
        "outstanding": 18882.46
    },
    {
        "calculationDate": "20230324",
        "outstanding": 17724.39
    },
    {
        "calculationDate": "20220426",
        "outstanding": 0.0
    },
    {
        "calculationDate": "20220927",
        "outstanding": 6741.0
    },
    {
        "calculationDate": "20230403",
        "outstanding": 26329.63
    },
    {
        "calculationDate": "20221030",
        "outstanding": 40395.0
    },
    {
        "calculationDate": "20220617",
        "outstanding": 0.0
    },
    {
        "calculationDate": "20220502",
        "outstanding": 0.0
    },
    {
        "calculationDate": "20220901",
        "outstanding": 0.0
    },
    {
        "calculationDate": "20220611",
        "outstanding": 13753.0
    },
    {
        "calculationDate": "20220908",
        "outstanding": 0.0
    }
]