[
    {
        "calculationDate": "20200917",
        "outstanding": 217600.0
    },
    {
        "calculationDate": "20180626",
        "outstanding": 0.0
    },
    {
        "calculationDate": "20210926",
        "outstanding": 164078.0
    },
    {
        "calculationDate": "20190310",
        "outstanding": 122300.0
    },
    {
        "calculationDate": "20170424",
        "outstanding": 17987.0
    },
    {
        "calculationDate": "20210823",
        "outstanding": 153927.0
    },
    {
        "calculationDate": "20211223",
        "outstanding": 2927.0
    },
    {
        "calculationDate": "20200412",
        "outstanding": 9743.0
    },
    {
        "calculationDate": "20190326",
        "outstanding": 172674.0
    },
    {
        "calculationDate": "20211008",
        "outstanding": 163669.0
    },
    {
        "calculationDate": "20211227",
        "outstanding": 19131.0
    },
    {
        "calculationDate": "20220325",
        "outstanding": 66973.0
    },
    {
        "calculationDate": "20190327",
        "outstanding": 185928.0
    },
    {
        "calculationDate": "20220112",
        "outstanding": 50830.0
    },
    {
        "calculationDate": "20200125",
        "outstanding": 293345.0
    },
    {
        "calculationDate": "20211231",
        "outstanding": 46853.0
    },
    {
        "calculationDate": "20211010",
        "outstanding": 206047.0
    },
    {
        "calculationDate": "20200605",
        "outstanding": 75404.0
    },
    {
        "calculationDate": "20191227",
        "outstanding": 226951.0
    },
    {
        "calculationDate": "20170714",
        "outstanding": 0.0
    },
    {
        "calculationDate": "20220102",
        "outstanding": 47680.0
    },
    {
        "calculationDate": "20201208",
        "outstanding": 142443.0
    },
    {
        "calculationDate": "20180406",
        "outstanding": 0.0
    },
    {
        "calculationDate": "20211105",
        "outstanding": 267741.0
    },
    {
        "calculationDate": "20181106",
        "outstanding": 62127.0
    },
    {
        "calculationDate": "20170325",
        "outstanding": 0.0
    },
    {
        "calculationDate": "20161126",
        "outstanding": 0.0
    },
    {
        "calculationDate": "20210829",
        "outstanding": 174050.0
    },
    {
        "calculationDate": "20210707",
        "outstanding": 132731.0
    },
    {
        "calculationDate": "20190125",
        "outstanding": 152437.0
    },
    {
        "calculationDate": "20180713",
        "outstanding": 0.0
    },
    {
        "calculationDate": "20190625",
        "outstanding": 29256.0
    },
    {
        "calculationDate": "20200716",
        "outstanding": 29471.0
    },
    {
        "calculationDate": "20210512",
        "outstanding": 96020.0
    },
    {
        "calculationDate": "20170909",
        "outstanding": 0.0
    },
    {
        "calculationDate": "20211002",
        "outstanding": 173745.0
    },
    {
        "calculationDate": "20211016",
        "outstanding": 247348.0
    },
    {
        "calculationDate": "20210730",
        "outstanding": 161816.0
    },
    {
        "calculationDate": "20210611"
    },
    {
        "calculationDate": "20210908",
        "outstanding": 266398.0
    },
    {
        "calculationDate": "20211219",
        "outstanding": 0.0
    },
    {
        "calculationDate": "20211209",
        "outstanding": 17148.0
    },
    {
        "calculationDate": "20200911",
        "outstanding": 188016.0
    },
    {
        "calculationDate": "20210930",
        "outstanding": 172685.0
    },
    {
        "calculationDate": "20181115",
        "outstanding": 110981.0
    },
    {
        "calculationDate": "20201014",
        "outstanding": 177232.0
    },
    {
        "calculationDate": "20210311",
        "outstanding": 295343.0
    },
    {
        "calculationDate": "20210309",
        "outstanding": 247965.0
    },
    {
        "calculationDate": "20190524",
        "outstanding": 146623.0
    },
    {
        "calculationDate": "20210326",
        "outstanding": 280499.0
    },
    {
        "calculationDate": "20220921",
        "outstanding": 399.0
    },
    {
        "calculationDate": "20210718",
        "outstanding": 116480.0
    },
    {
        "calculationDate": "20170708",
        "outstanding": 97.0
    },
    {
        "calculationDate": "20180122",
        "outstanding": 0.0
    },
    {
        "calculationDate": "20180726",
        "outstanding": 0.0
    },
    {
        "calculationDate": "20210424",
        "outstanding": 207886.0
    },
    {
        "calculationDate": "20211014",
        "outstanding": 72627.0
    },
    {
        "calculationDate": "20181126",
        "outstanding": 100000.0
    },
    {
        "calculationDate": "20210403",
        "outstanding": 251923.0
    },
    {
        "calculationDate": "20210712",
        "outstanding": 147351.0
    },
    {
        "calculationDate": "20211215",
        "outstanding": 28458.0
    },
    {
        "calculationDate": "20191024",
        "outstanding": 224561.0
    },
    {
        "calculationDate": "20201113",
        "outstanding": 82051.0
    },
    {
        "calculationDate": "20210703",
        "outstanding": 196435.0
    },
    {
        "calculationDate": "20170211",
        "outstanding": 0.0
    },
    {
        "calculationDate": "20181223",
        "outstanding": 70499.0
    },
    {
        "calculationDate": "20210623",
        "outstanding": 182435.0
    },
    {
        "calculationDate": "20180313",
        "outstanding": 40785.0
    },
    {
        "calculationDate": "20181025",
        "outstanding": 26833.0
    },
    {
        "calculationDate": "20200908",
        "outstanding": 188016.0
    },
    {
        "calculationDate": "20200224",
        "outstanding": 165226.0
    },
    {
        "calculationDate": "20210825",
        "outstanding": 174002.0
    },
    {
        "calculationDate": "20190607",
        "outstanding": 146697.0
    },
    {
        "calculationDate": "20221021",
        "outstanding": 0.0
    },
    {
        "calculationDate": "20211111",
        "outstanding": 281828.0
    },
    {
        "calculationDate": "20180325",
        "outstanding": 13000.0
    },
    {
        "calculationDate": "20161111",
        "outstanding": 0.0
    },
    {
        "calculationDate": "20210223",
        "outstanding": 196266.0
    },
    {
        "calculationDate": "20181226",
        "outstanding": 34882.0
    },
    {
        "calculationDate": "20211207",
        "outstanding": 14531.0
    },
    {
        "calculationDate": "20210314",
        "outstanding": 146674.0
    },
    {
        "calculationDate": "20180623",
        "outstanding": 0.0
    },
    {
        "calculationDate": "20210722",
        "outstanding": 125495.0
    },
    {
        "calculationDate": "20170611",
        "outstanding": 97.0
    },
    {
        "calculationDate": "20210726",
        "outstanding": 135772.0
    },
    {
        "calculationDate": "20170906",
        "outstanding": 16837.0
    },
    {
        "calculationDate": "20230122",
        "outstanding": 0.0
    },
    {
        "calculationDate": "20191014",
        "outstanding": 159491.0
    },
    {
        "calculationDate": "20221224",
        "outstanding": 399.0
    },
    {
        "calculationDate": "20210728",
        "outstanding": 152596.0
    },
    {
        "calculationDate": "20191124",
        "outstanding": 185088.0
    },
    {
        "calculationDate": "20210803",
        "outstanding": 174780.0
    },
    {
        "calculationDate": "20211006",
        "outstanding": 160066.0
    },
    {
        "calculationDate": "20161024",
        "outstanding": 58093.0
    },
    {
        "calculationDate": "20210821",
        "outstanding": 139349.0
    },
    {
        "calculationDate": "20191224",
        "outstanding": 187679.0
    },
    {
        "calculationDate": "20210801",
        "outstanding": 166491.0
    },
    {
        "calculationDate": "20211018",
        "outstanding": 247502.0
    },
    {
        "calculationDate": "20180322",
        "outstanding": 51125.0
    },
    {
        "calculationDate": "20171012",
        "outstanding": 0.0
    },
    {
        "calculationDate": "20190228",
        "outstanding": 70719.0
    },
    {
        "calculationDate": "20171226",
        "outstanding": 4782.0
    },
    {
        "calculationDate": "20200424",
        "outstanding": 53138.0
    },
    {
        "calculationDate": "20211113",
        "outstanding": 82187.0
    },
    {
        "calculationDate": "20210205",
        "outstanding": 42989.0
    },
    {
        "calculationDate": "20200923",
        "outstanding": 291182.0
    },
    {
        "calculationDate": "20191230",
        "outstanding": 235568.0
    },
    {
        "calculationDate": "20210831",
        "outstanding": 174200.0
    },
    {
        "calculationDate": "20200515",
        "outstanding": 46781.0
    },
    {
        "calculationDate": "20220424",
        "outstanding": 399.0
    },
    {
        "calculationDate": "20210910",
        "outstanding": 272664.0
    },
    {
        "calculationDate": "20211103",
        "outstanding": 310177.0
    },
    {
        "calculationDate": "20210714",
        "outstanding": 106266.0
    },
    {
        "calculationDate": "20170509",
        "outstanding": 60407.0
    },
    {
        "calculationDate": "20200713",
        "outstanding": 129471.0
    },
    {
        "calculationDate": "20200102",
        "outstanding": 253419.0
    },
    {
        "calculationDate": "20180104",
        "outstanding": 94064.0
    },
    {
        "calculationDate": "20211217",
        "outstanding": 31511.0
    },
    {
        "calculationDate": "20200108",
        "outstanding": 197366.0
    },
    {
        "calculationDate": "20210720",
        "outstanding": 120545.0
    },
    {
        "calculationDate": "20191112",
        "outstanding": 270621.0
    },
    {
        "calculationDate": "20200203",
        "outstanding": 195144.0
    },
    {
        "calculationDate": "20220404",
        "outstanding": 66307.0
    },
    {
        "calculationDate": "20190709",
        "outstanding": 29256.0
    },
    {
        "calculationDate": "20180825",
        "outstanding": 69826.0
    },
    {
        "calculationDate": "20220607",
        "outstanding": 0.0
    },
    {
        "calculationDate": "20210506",
        "outstanding": 177809.0
    },
    {
        "calculationDate": "20210106",
        "outstanding": 91893.0
    },
    {
        "calculationDate": "20170127",
        "outstanding": 8577.0
    },
    {
        "calculationDate": "20211028",
        "outstanding": 274880.0
    },
    {
        "calculationDate": "20210805",
        "outstanding": 182639.0
    },
    {
        "calculationDate": "20220317",
        "outstanding": 66574.0
    },
    {
        "calculationDate": "20210716",
        "outstanding": 114714.0
    },
    {
        "calculationDate": "20190425",
        "outstanding": 61558.0
    },
    {
        "calculationDate": "20210124",
        "outstanding": 110145.0
    },
    {
        "calculationDate": "20190725",
        "outstanding": 61214.0
    },
    {
        "calculationDate": "20181013",
        "outstanding": 0.0
    },
    {
        "calculationDate": "20190914",
        "outstanding": 56316.0
    },
    {
        "calculationDate": "20210410",
        "outstanding": 75762.0
    },
    {
        "calculationDate": "20170924",
        "outstanding": 43875.0
    },
    {
        "calculationDate": "20201002",
        "outstanding": 167816.0
    },
    {
        "calculationDate": "20211125",
        "outstanding": 150699.0
    },
    {
        "calculationDate": "20200105",
        "outstanding": 207652.0
    },
    {
        "calculationDate": "20190209",
        "outstanding": 152191.0
    },
    {
        "calculationDate": "20210811",
        "outstanding": 92766.0
    },
    {
        "calculationDate": "20220121",
        "outstanding": 52630.0
    },
    {
        "calculationDate": "20210504",
        "outstanding": 226732.0
    },
    {
        "calculationDate": "20200209"
    },
    {
        "calculationDate": "20200812",
        "outstanding": 2660.0
    },
    {
        "calculationDate": "20161027",
        "outstanding": 39093.0
    },
    {
        "calculationDate": "20180909",
        "outstanding": 0.0
    },
    {
        "calculationDate": "20201211",
        "outstanding": 185686.0
    },
    {
        "calculationDate": "20221122",
        "outstanding": 399.0
    },
    {
        "calculationDate": "20190225",
        "outstanding": 61504.0
    },
    {
        "calculationDate": "20200824",
        "outstanding": 23013.0
    },
    {
        "calculationDate": "20220408",
        "outstanding": 0.0
    },
    {
        "calculationDate": "20210904",
        "outstanding": 183602.0
    },
    {
        "outstanding": 182296.0
    },
    {
        "calculationDate": "20180427",
        "outstanding": 0.0
    },
    {
        "calculationDate": "20191105",
        "outstanding": 282191.0
    },
    {
        "calculationDate": "20160930",
        "outstanding": 0.0
    },
    {
        "calculationDate": "20171027",
        "outstanding": 0.0
    },
    {
        "calculationDate": "20211225",
        "outstanding": 12143.0
    },
    {
        "calculationDate": "20200316",
        "outstanding": 184199.0
    },
    {
        "calculationDate": "20220823",
        "outstanding": 399.0
    },
    {
        "calculationDate": "20200926",
        "outstanding": 235284.0
    },
    {
        "calculationDate": "20220130"
    },
    {
        "calculationDate": "20181211",
        "outstanding": 23523.0
    },
    {
        "calculationDate": "20210701",
        "outstanding": 203457.0
    },
    {
        "calculationDate": "20201107",
        "outstanding": 79396.0
    },
    {
        "calculationDate": "20200524",
        "outstanding": 50027.0
    },
    {
        "calculationDate": "20210130",
        "outstanding": 112355.0
    },
    {
        "calculationDate": "20190507",
        "outstanding": 59843.0
    },
    {
        "calculationDate": "20210817",
        "outstanding": 132294.0
    },
    {
        "calculationDate": "20200623",
        "outstanding": 135200.0
    },
    {
        "calculationDate": "20170726",
        "outstanding": 0.0
    },
    {
        "calculationDate": "20211211",
        "outstanding": 21287.0
    },
    {
        "calculationDate": "20220826",
        "outstanding": 0.0
    },
    {
        "calculationDate": "20200313",
        "outstanding": 184199.0
    },
    {
        "calculationDate": "20181121",
        "outstanding": 100000.0
    },
    {
        "calculationDate": "20170903",
        "outstanding": 18837.0
    },
    {
        "calculationDate": "20210813",
        "outstanding": 93021.0
    },
    {
        "calculationDate": "20191126",
        "outstanding": 996.0
    },
    {
        "calculationDate": "20211213",
        "outstanding": 23047.0
    },
    {
        "calculationDate": "20190710",
        "outstanding": 48520.0
    },
    {
        "calculationDate": "20210724",
        "outstanding": 150845.0
    },
    {
        "calculationDate": "20210928",
        "outstanding": 167557.0
    },
    {
        "calculationDate": "20201125",
        "outstanding": 116775.0
    },
    {
        "calculationDate": "20171123",
        "outstanding": 58240.0
    },
    {
        "calculationDate": "20211012",
        "outstanding": 66689.0
    },
    {
        "calculationDate": "20200725",
        "outstanding": 32157.0
    },
    {
        "calculationDate": "20201023",
        "outstanding": 202335.0
    },
    {
        "calculationDate": "20171024",
        "outstanding": 0.0
    },
    {
        "calculationDate": "20190614",
        "outstanding": 21346.0
    },
    {
        "calculationDate": "20211022",
        "outstanding": 251282.0
    },
    {
        "calculationDate": "20210809",
        "outstanding": 89324.0
    },
    {
        "calculationDate": "20190824",
        "outstanding": 84811.0
    },
    {
        "calculationDate": "20220126",
        "outstanding": 53759.0
    },
    {
        "calculationDate": "20211026",
        "outstanding": 271488.0
    },
    {
        "calculationDate": "20220627",
        "outstanding": 0.0
    },
    {
        "calculationDate": "20171126",
        "outstanding": 53240.0
    },
    {
        "calculationDate": "20201225",
        "outstanding": 100746.0
    },
    {
        "calculationDate": "20210406",
        "outstanding": 231050.0
    },
    {
        "calculationDate": "20210521",
        "outstanding": 126481.0
    },
    {
        "calculationDate": "20161219",
        "outstanding": 0.0
    },
    {
        "calculationDate": "20210524",
        "outstanding": 131708.0
    },
    {
        "calculationDate": "20180304",
        "outstanding": 38185.0
    },
    {
        "calculationDate": "20180125",
        "outstanding": 0.0
    },
    {
        "calculationDate": "20170226",
        "outstanding": 0.0
    },
    {
        "calculationDate": "20210614",
        "outstanding": 142150.0
    },
    {
        "calculationDate": "20211229",
        "outstanding": 19939.0
    },
    {
        "calculationDate": "20211024",
        "outstanding": 265548.0
    },
    {
        "calculationDate": "20210807",
        "outstanding": 87844.0
    },
    {
        "calculationDate": "20210912",
        "outstanding": 156024.0
    },
    {
        "calculationDate": "20170623",
        "outstanding": 29140.0
    },
    {
        "calculationDate": "20180524",
        "outstanding": 0.0
    },
    {
        "calculationDate": "20190924",
        "outstanding": 124342.0
    },
    {
        "calculationDate": "20190809",
        "outstanding": 17769.0
    },
    {
        "calculationDate": "20211107",
        "outstanding": 279250.0
    },
    {
        "calculationDate": "20190510",
        "outstanding": 35469.0
    },
    {
        "calculationDate": "20210819",
        "outstanding": 135739.0
    },
    {
        "calculationDate": "20220623",
        "outstanding": 399.0
    },
    {
        "calculationDate": "20220524",
        "outstanding": 399.0
    },
    {
        "calculationDate": "20220303",
        "outstanding": 0.0
    },
    {
        "calculationDate": "20180924",
        "outstanding": 73295.0
    },
    {
        "calculationDate": "20220110",
        "outstanding": 50530.0
    },
    {
        "calculationDate": "20171211",
        "outstanding": 0.0
    },
    {
        "calculationDate": "20161225",
        "outstanding": 0.0
    },
    {
        "calculationDate": "20200212",
        "outstanding": 100339.0
    },
    {
        "calculationDate": "20200307",
        "outstanding": 233723.0
    },
    {
        "calculationDate": "20220728",
        "outstanding": 0.0
    },
    {
        "calculationDate": "20210815",
        "outstanding": 132094.0
    },
    {
        "calculationDate": "20170524",
        "outstanding": 70907.0
    },
    {
        "calculationDate": "20220225",
        "outstanding": 399.0
    },
    {
        "calculationDate": "20180223",
        "outstanding": 58185.0
    },
    {
        "calculationDate": "20210827",
        "outstanding": 187517.0
    },
    {
        "calculationDate": "20220223",
        "outstanding": 399.0
    },
    {
        "calculationDate": "20211205",
        "outstanding": 4429.0
    },
    {
        "calculationDate": "20170530",
        "outstanding": 65968.0
    },
    {
        "calculationDate": "20190405",
        "outstanding": 140213.0
    },
    {
        "calculationDate": "20200325",
        "outstanding": 188327.0
    },
    {
        "calculationDate": "20211127",
        "outstanding": 151429.0
    },
    {
        "calculationDate": "20201104",
        "outstanding": 159180.0
    },
    {
        "calculationDate": "20210329",
        "outstanding": 268067.0
    },
    {
        "calculationDate": "20190212",
        "outstanding": 42898.0
    },
    {
        "calculationDate": "20200611",
        "outstanding": 56478.0
    },
    {
        "calculationDate": "20201017",
        "outstanding": 177232.0
    },
    {
        "calculationDate": "20220923",
        "outstanding": 0.0
    },
    {
        "calculationDate": "20210906",
        "outstanding": 184202.0
    },
    {
        "calculationDate": "20190104",
        "outstanding": 43035.0
    },
    {
        "calculationDate": "20211115",
        "outstanding": 152852.0
    },
    {
        "calculationDate": "20211109",
        "outstanding": 281323.0
    },
    {
        "calculationDate": "20190414",
        "outstanding": 51794.0
    },
    {
        "calculationDate": "20210922",
        "outstanding": 163679.0
    },
    {
        "calculationDate": "20190927",
        "outstanding": 124342.0
    },
    {
        "calculationDate": "20200902",
        "outstanding": 277985.0
    }
]