[
    {
        "calculationDate": "20180305",
        "outstanding": 14510.0
    },
    {
        "calculationDate": "20180528",
        "outstanding": 34524.0
    },
    {
        "calculationDate": "20180925",
        "outstanding": 0.0
    },
    {
        "calculationDate": "20180219",
        "outstanding": 2165.0
    },
    {
        "calculationDate": "20180817",
        "outstanding": 0.0
    },
    {
        "calculationDate": "20180607",
        "outstanding": 15885.0
    },
    {
        "calculationDate": "20180814",
        "outstanding": 18987.0
    },
    {
        "calculationDate": "20180101",
        "outstanding": 32960.0
    },
    {
        "calculationDate": "20181002",
        "outstanding": 0.0
    },
    {
        "calculationDate": "20180228",
        "outstanding": 14451.0
    },
    {
        "calculationDate": "20180201",
        "outstanding": 28619.0
    },
    {
        "calculationDate": "20180312",
        "outstanding": 20283.0
    },
    {
        "calculationDate": "20181106",
        "outstanding": 0.0
    },
    {
        "calculationDate": "20181102",
        "outstanding": 27505.0
    },
    {
        "calculationDate": "20180503",
        "outstanding": 23084.0
    },
    {
        "calculationDate": "20180426",
        "outstanding": 23025.0
    },
    {
        "calculationDate": "20180521",
        "outstanding": 13084.0
    },
    {
        "calculationDate": "20180712",
        "outstanding": 15986.0
    },
    {
        "calculationDate": "20181024",
        "outstanding": 26905.0
    },
    {
        "calculationDate": "20180409",
        "outstanding": 34025.0
    },
    {
        "calculationDate": "20180215",
        "outstanding": 0.0
    },
    {
        "calculationDate": "20180406",
        "outstanding": 33828.0
    },
    {
        "calculationDate": "20180423",
        "outstanding": 23025.0
    },
    {
        "calculationDate": "20180108",
        "outstanding": 27970.0
    },
    {
        "calculationDate": "20180326",
        "outstanding": 0.0
    },
    {
        "calculationDate": "20180604",
        "outstanding": 0.0
    },
    {
        "calculationDate": "20180709",
        "outstanding": 16206.0
    },
    {
        "calculationDate": "20180402",
        "outstanding": 19262.0
    },
    {
        "calculationDate": "20180904",
        "outstanding": 171.0
    },
    {
        "calculationDate": "20180702",
        "outstanding": 16006.0
    },
    {
        "calculationDate": "20181005",
        "outstanding": 0.0
    },
    {
        "calculationDate": "20180531",
        "outstanding": 16017.0
    },
    {
        "calculationDate": "20181019",
        "outstanding": 43905.0
    },
    {
        "calculationDate": "20180803",
        "outstanding": 16639.0
    },
    {
        "calculationDate": "20181116"
    },
    {
        "calculationDate": "20180302",
        "outstanding": 14510.0
    },
    {
        "calculationDate": "20181012",
        "outstanding": 0.0
    }
]