[
    {
        "calculationDate": "20230429",
        "outstanding": 148469.28
    },
    {
        "calculationDate": "20230202",
        "outstanding": 159594.01
    },
    {
        "calculationDate": "20230430",
        "outstanding": 154059.66
    },
    {
        "calculationDate": "20230203",
        "outstanding": 161655.01
    },
    {
        "calculationDate": "20220802",
        "outstanding": 0.0
    },
    {
        "calculationDate": "20220926",
        "outstanding": 141006.0
    },
    {
        "calculationDate": "20220704",
        "outstanding": 0.0
    },
    {
        "calculationDate": "20230207",
        "outstanding": 161812.31
    },
    {
        "calculationDate": "20220822",
        "outstanding": 27162.0
    },
    {
        "calculationDate": "20230228",
        "outstanding": 150726.91
    },
    {
        "calculationDate": "20230407",
        "outstanding": 151641.28
    },
    {
        "calculationDate": "20221219",
        "outstanding": 141836.79
    },
    {
        "calculationDate": "20230314",
        "outstanding": 151326.91
    },
    {
        "calculationDate": "20230220",
        "outstanding": 159817.91
    },
    {
        "calculationDate": "20220918",
        "outstanding": 146006.0
    },
    {
        "calculationDate": "20221102",
        "outstanding": 121032.33
    },
    {
        "calculationDate": "20220701",
        "outstanding": 106.0
    },
    {
        "calculationDate": "20220910",
        "outstanding": 133708.0
    },
    {
        "calculationDate": "20230411",
        "outstanding": 151641.28
    },
    {
        "calculationDate": "20220902",
        "outstanding": 128445.0
    },
    {
        "calculationDate": "20230123",
        "outstanding": 137635.79
    },
    {
        "calculationDate": "20230426",
        "outstanding": 148205.28
    },
    {
        "calculationDate": "20221104",
        "outstanding": 145036.34
    },
    {
        "calculationDate": "20230226",
        "outstanding": 145612.31
    },
    {
        "calculationDate": "20230331",
        "outstanding": 149006.7
    },
    {
        "calculationDate": "20220829",
        "outstanding": 75395.0
    },
    {
        "calculationDate": "20230404",
        "outstanding": 149577.56
    },
    {
        "calculationDate": "20221001",
        "outstanding": 0.0
    },
    {
        "calculationDate": "20230318",
        "outstanding": 143214.76
    },
    {
        "calculationDate": "20230425",
        "outstanding": 144635.28
    },
    {
        "calculationDate": "20221106",
        "outstanding": 146836.79
    },
    {
        "calculationDate": "20230316",
        "outstanding": 143214.76
    },
    {
        "calculationDate": "20230424",
        "outstanding": 142471.28
    },
    {
        "calculationDate": "20230417",
        "outstanding": 151641.28
    },
    {
        "calculationDate": "20221103",
        "outstanding": 130847.12
    },
    {
        "calculationDate": "20230328",
        "outstanding": 143214.76
    },
    {
        "calculationDate": "20220913",
        "outstanding": 137034.0
    },
    {
        "outstanding": 158278.76
    },
    {
        "calculationDate": "20230501",
        "outstanding": 154419.63
    },
    {
        "calculationDate": "20230529",
        "outstanding": 145188.63
    },
    {
        "calculationDate": "20230522",
        "outstanding": 154695.06
    },
    {
        "calculationDate": "20230124",
        "outstanding": 143009.78
    },
    {
        "calculationDate": "20220808",
        "outstanding": 0.0
    },
    {
        "calculationDate": "20221031",
        "outstanding": 21555.43
    },
    {
        "calculationDate": "20220916",
        "outstanding": 139906.0
    },
    {
        "calculationDate": "20230419",
        "outstanding": 141541.28
    },
    {
        "calculationDate": "20220904",
        "outstanding": 131634.0
    },
    {
        "calculationDate": "20221101",
        "outstanding": 55749.42
    }
]