[
    {
        "calculationDate": "20230425",
        "outstanding": 306041.81
    },
    {
        "calculationDate": "20220728",
        "outstanding": 44260.0
    },
    {
        "calculationDate": "20211007",
        "outstanding": 301973.0
    },
    {
        "calculationDate": "20230501",
        "outstanding": 298550.06
    },
    {
        "calculationDate": "20211208",
        "outstanding": 299690.0
    },
    {
        "calculationDate": "20220930",
        "outstanding": 179961.0
    },
    {
        "calculationDate": "20230125",
        "outstanding": 300358.66
    },
    {
        "calculationDate": "20220423",
        "outstanding": 299341.0
    },
    {
        "calculationDate": "20200810",
        "outstanding": 201067.0
    },
    {
        "calculationDate": "20210929",
        "outstanding": 292847.0
    },
    {
        "calculationDate": "20210828",
        "outstanding": 255765.0
    },
    {
        "calculationDate": "20211222",
        "outstanding": 304984.0
    },
    {
        "calculationDate": "20220928",
        "outstanding": 121315.0
    },
    {
        "calculationDate": "20220706",
        "outstanding": 10480.0
    },
    {
        "calculationDate": "20200731",
        "outstanding": 199523.0
    },
    {
        "calculationDate": "20230429",
        "outstanding": 310201.99
    },
    {
        "calculationDate": "20220302",
        "outstanding": 289054.0
    },
    {
        "calculationDate": "20220131",
        "outstanding": 297194.0
    },
    {
        "calculationDate": "20220115",
        "outstanding": 304303.0
    },
    {
        "calculationDate": "20220503",
        "outstanding": 284570.0
    },
    {
        "calculationDate": "20221026",
        "outstanding": 282127.0
    },
    {
        "calculationDate": "20220830",
        "outstanding": 295903.0
    },
    {
        "calculationDate": "20200111",
        "outstanding": 0.0
    },
    {
        "calculationDate": "20201111",
        "outstanding": 7111.0
    },
    {
        "calculationDate": "20200511",
        "outstanding": 102359.0
    },
    {
        "calculationDate": "20220714",
        "outstanding": 11663.0
    },
    {
        "calculationDate": "20230325",
        "outstanding": 297125.04
    },
    {
        "calculationDate": "20201025",
        "outstanding": 284097.0
    },
    {
        "calculationDate": "20220722",
        "outstanding": 22885.0
    },
    {
        "calculationDate": "20210808",
        "outstanding": 288170.0
    },
    {
        "calculationDate": "20201205",
        "outstanding": 139807.0
    },
    {
        "calculationDate": "20210113",
        "outstanding": 130903.0
    },
    {
        "calculationDate": "20210729",
        "outstanding": 267103.0
    },
    {
        "calculationDate": "20200321",
        "outstanding": 72.0
    },
    {
        "calculationDate": "20201203",
        "outstanding": 141785.0
    },
    {
        "calculationDate": "20230530",
        "outstanding": 298156.68
    },
    {
        "calculationDate": "20211104",
        "outstanding": 304514.0
    },
    {
        "calculationDate": "20210213",
        "outstanding": 104389.0
    },
    {
        "calculationDate": "20211015",
        "outstanding": 304265.0
    },
    {
        "calculationDate": "20200912",
        "outstanding": 164773.0
    },
    {
        "calculationDate": "20220316",
        "outstanding": 298025.0
    },
    {
        "calculationDate": "20200610",
        "outstanding": 143021.0
    },
    {
        "calculationDate": "20200126",
        "outstanding": 20600.0
    },
    {
        "calculationDate": "20210407",
        "outstanding": 290734.0
    },
    {
        "calculationDate": "20221005",
        "outstanding": 227218.0
    },
    {
        "calculationDate": "20221107",
        "outstanding": 304057.07
    },
    {
        "calculationDate": "20220927",
        "outstanding": 51500.0
    },
    {
        "calculationDate": "20220804",
        "outstanding": 136313.0
    },
    {
        "calculationDate": "20220729",
        "outstanding": 44800.0
    },
    {
        "calculationDate": "20211224",
        "outstanding": 297707.0
    },
    {
        "calculationDate": "20210818",
        "outstanding": 277673.0
    },
    {
        "calculationDate": "20220531",
        "outstanding": 279955.0
    },
    {
        "calculationDate": "20230529",
        "outstanding": 309966.24
    },
    {
        "calculationDate": "20211021",
        "outstanding": 296251.0
    },
    {
        "calculationDate": "20220802",
        "outstanding": 125410.0
    },
    {
        "calculationDate": "20220805",
        "outstanding": 140261.0
    },
    {
        "calculationDate": "20200701",
        "outstanding": 205804.0
    },
    {
        "calculationDate": "20210901",
        "outstanding": 256623.0
    },
    {
        "calculationDate": "20221009",
        "outstanding": 229167.0
    },
    {
        "calculationDate": "20211216",
        "outstanding": 303594.0
    },
    {
        "calculationDate": "20220401",
        "outstanding": 293504.0
    },
    {
        "calculationDate": "20220409",
        "outstanding": 299142.0
    },
    {
        "calculationDate": "20210731",
        "outstanding": 267291.0
    },
    {
        "calculationDate": "20210609",
        "outstanding": 304173.0
    },
    {
        "calculationDate": "20200711",
        "outstanding": 206999.0
    },
    {
        "calculationDate": "20211210",
        "outstanding": 301204.0
    },
    {
        "calculationDate": "20210417",
        "outstanding": 276400.0
    },
    {
        "calculationDate": "20220909",
        "outstanding": 297357.0
    },
    {
        "calculationDate": "20221015",
        "outstanding": 285926.0
    },
    {
        "calculationDate": "20200327",
        "outstanding": 68.0
    },
    {
        "calculationDate": "20220610",
        "outstanding": 289941.0
    },
    {
        "calculationDate": "20221028",
        "outstanding": 297682.0
    },
    {
        "outstanding": 260564.0
    },
    {
        "calculationDate": "20211118",
        "outstanding": 288640.0
    },
    {
        "calculationDate": "20230228",
        "outstanding": 297313.11
    },
    {
        "calculationDate": "20220509",
        "outstanding": 287172.0
    },
    {
        "calculationDate": "20221029",
        "outstanding": 300582.0
    },
    {
        "calculationDate": "20220806",
        "outstanding": 145247.0
    },
    {
        "calculationDate": "20210411",
        "outstanding": 292043.0
    },
    {
        "calculationDate": "20200411",
        "outstanding": 68.0
    },
    {
        "calculationDate": "20210519",
        "outstanding": 287561.0
    },
    {
        "calculationDate": "20220730",
        "outstanding": 94800.0
    },
    {
        "calculationDate": "20210711",
        "outstanding": 246503.0
    },
    {
        "calculationDate": "20200828",
        "outstanding": 163511.0
    },
    {
        "calculationDate": "20210510",
        "outstanding": 305818.0
    },
    {
        "calculationDate": "20220330",
        "outstanding": 290735.0
    },
    {
        "calculationDate": "20200520",
        "outstanding": 141096.0
    },
    {
        "calculationDate": "20220803",
        "outstanding": 126955.0
    },
    {
        "calculationDate": "20200210",
        "outstanding": 33459.0
    },
    {
        "calculationDate": "20220826",
        "outstanding": 294474.0
    },
    {
        "calculationDate": "20210209",
        "outstanding": 122154.0
    },
    {
        "calculationDate": "20211001",
        "outstanding": 295583.0
    },
    {
        "calculationDate": "20220322",
        "outstanding": 290701.0
    },
    {
        "calculationDate": "20211110",
        "outstanding": 306076.0
    },
    {
        "calculationDate": "20211029",
        "outstanding": 300141.0
    },
    {
        "calculationDate": "20221006",
        "outstanding": 213471.0
    },
    {
        "calculationDate": "20221226",
        "outstanding": 290109.39
    },
    {
        "calculationDate": "20210624",
        "outstanding": 293506.0
    },
    {
        "calculationDate": "20220723",
        "outstanding": 24157.0
    },
    {
        "calculationDate": "20220109",
        "outstanding": 300991.0
    },
    {
        "calculationDate": "20220925",
        "outstanding": 0.0
    },
    {
        "calculationDate": "20220318",
        "outstanding": 290519.0
    },
    {
        "calculationDate": "20220624",
        "outstanding": 0.0
    },
    {
        "calculationDate": "20220901",
        "outstanding": 296426.0
    },
    {
        "calculationDate": "20211202",
        "outstanding": 291300.0
    },
    {
        "calculationDate": "20200915",
        "outstanding": 144986.0
    },
    {
        "calculationDate": "20211009",
        "outstanding": 303449.0
    },
    {
        "calculationDate": "20210923",
        "outstanding": 254691.0
    },
    {
        "calculationDate": "20210810",
        "outstanding": 274761.0
    },
    {
        "calculationDate": "20220604",
        "outstanding": 288489.0
    },
    {
        "calculationDate": "20220103",
        "outstanding": 299446.0
    },
    {
        "calculationDate": "20220602",
        "outstanding": 283800.0
    },
    {
        "calculationDate": "20210110",
        "outstanding": 140563.0
    },
    {
        "calculationDate": "20220809",
        "outstanding": 145641.0
    },
    {
        "calculationDate": "20220718",
        "outstanding": 1183.0
    },
    {
        "calculationDate": "20210119",
        "outstanding": 120389.0
    },
    {
        "calculationDate": "20210812",
        "outstanding": 274761.0
    },
    {
        "calculationDate": "20200414",
        "outstanding": 0.0
    },
    {
        "calculationDate": "20220525",
        "outstanding": 279914.0
    },
    {
        "calculationDate": "20210804",
        "outstanding": 283529.0
    },
    {
        "calculationDate": "20200213",
        "outstanding": 55.0
    },
    {
        "calculationDate": "20200312",
        "outstanding": 10594.0
    },
    {
        "calculationDate": "20220801",
        "outstanding": 115130.0
    },
    {
        "calculationDate": "20220202",
        "outstanding": 301662.0
    },
    {
        "calculationDate": "20201220",
        "outstanding": 132294.0
    },
    {
        "calculationDate": "20220210",
        "outstanding": 303194.0
    },
    {
        "calculationDate": "20211102",
        "outstanding": 303224.0
    },
    {
        "calculationDate": "20220220",
        "outstanding": 287300.0
    },
    {
        "calculationDate": "20220501",
        "outstanding": 283630.0
    },
    {
        "calculationDate": "20211031",
        "outstanding": 300432.0
    },
    {
        "calculationDate": "20220310",
        "outstanding": 292970.0
    },
    {
        "calculationDate": "20200909",
        "outstanding": 164773.0
    },
    {
        "calculationDate": "20201109",
        "outstanding": 7109.0
    },
    {
        "calculationDate": "20220820",
        "outstanding": 200230.0
    },
    {
        "calculationDate": "20211214",
        "outstanding": 301204.0
    },
    {
        "calculationDate": "20210320",
        "outstanding": 71531.0
    },
    {
        "calculationDate": "20220111",
        "outstanding": 303381.0
    },
    {
        "calculationDate": "20220821",
        "outstanding": 296433.0
    },
    {
        "calculationDate": "20220816",
        "outstanding": 161091.0
    },
    {
        "calculationDate": "20210221",
        "outstanding": 94866.0
    },
    {
        "calculationDate": "20201009",
        "outstanding": 196674.0
    },
    {
        "calculationDate": "20201013",
        "outstanding": 196674.0
    },
    {
        "calculationDate": "20220731",
        "outstanding": 114994.0
    },
    {
        "calculationDate": "20210312",
        "outstanding": 95976.0
    },
    {
        "calculationDate": "20220724",
        "outstanding": 25621.0
    },
    {
        "calculationDate": "20220916",
        "outstanding": 299247.0
    },
    {
        "calculationDate": "20220505",
        "outstanding": 285710.0
    },
    {
        "calculationDate": "20210925",
        "outstanding": 266298.0
    },
    {
        "calculationDate": "20230130",
        "outstanding": 293239.53
    },
    {
        "calculationDate": "20221002",
        "outstanding": 239848.0
    },
    {
        "calculationDate": "20211017",
        "outstanding": 296083.0
    },
    {
        "calculationDate": "20221014",
        "outstanding": 281020.0
    },
    {
        "calculationDate": "20210806",
        "outstanding": 285605.0
    },
    {
        "calculationDate": "20221011",
        "outstanding": 250004.0
    },
    {
        "calculationDate": "20220407",
        "outstanding": 297655.0
    },
    {
        "calculationDate": "20210915",
        "outstanding": 251066.0
    },
    {
        "calculationDate": "20210708",
        "outstanding": 246346.0
    },
    {
        "calculationDate": "20221018",
        "outstanding": 267229.0
    },
    {
        "calculationDate": "20221012",
        "outstanding": 264129.0
    },
    {
        "calculationDate": "20201212",
        "outstanding": 139959.0
    },
    {
        "calculationDate": "20201217",
        "outstanding": 135090.0
    },
    {
        "calculationDate": "20210802",
        "outstanding": 273796.0
    },
    {
        "calculationDate": "20220721",
        "outstanding": 22085.0
    },
    {
        "calculationDate": "20220720",
        "outstanding": 12224.0
    },
    {
        "calculationDate": "20220622",
        "outstanding": 294279.0
    },
    {
        "calculationDate": "20220308",
        "outstanding": 291479.0
    }
]