[
    {
        "calculationDate": "20230608",
        "outstanding": 10135.7
    },
    {
        "calculationDate": "20230211",
        "outstanding": 1238.35
    },
    {
        "calculationDate": "20230604",
        "outstanding": 23374.76
    },
    {
        "calculationDate": "20220911",
        "outstanding": 0.0
    },
    {
        "calculationDate": "20230504",
        "outstanding": 14977.76
    },
    {
        "calculationDate": "20230328",
        "outstanding": 12783.07
    },
    {
        "calculationDate": "20221113",
        "outstanding": 0.0
    },
    {
        "calculationDate": "20230411",
        "outstanding": 0.0
    },
    {
        "calculationDate": "20230323",
        "outstanding": 19150.55
    },
    {
        "calculationDate": "20230507",
        "outstanding": 21230.69
    },
    {
        "calculationDate": "20221014",
        "outstanding": 0.0
    },
    {
        "calculationDate": "20230611",
        "outstanding": 4007.95
    },
    {
        "calculationDate": "20230516",
        "outstanding": 8832.61
    },
    {
        "calculationDate": "20230302",
        "outstanding": 6790.33
    },
    {
        "calculationDate": "20230330",
        "outstanding": 14819.38
    },
    {
        "calculationDate": "20230606",
        "outstanding": 1909.53
    },
    {
        "calculationDate": "20230530",
        "outstanding": 17396.27
    },
    {
        "calculationDate": "20230305",
        "outstanding": 12274.88
    },
    {
        "calculationDate": "20230319",
        "outstanding": 15692.54
    },
    {
        "calculationDate": "20230321",
        "outstanding": 17498.04
    },
    {
        "calculationDate": "20230528",
        "outstanding": 15523.27
    },
    {
        "calculationDate": "20230430",
        "outstanding": 12915.4
    },
    {
        "calculationDate": "20230613",
        "outstanding": 9068.42
    },
    {
        "calculationDate": "20230316",
        "outstanding": 11183.59
    },
    {
        "calculationDate": "20230521",
        "outstanding": 17506.81
    },
    {
        "calculationDate": "20230226",
        "outstanding": 9216.96
    },
    {
        "calculationDate": "20230518",
        "outstanding": 11274.63
    },
    {
        "calculationDate": "20230416",
        "outstanding": 8987.84
    },
    {
        "calculationDate": "20230413",
        "outstanding": 216.74
    },
    {
        "calculationDate": "20230509",
        "outstanding": 23839.47
    },
    {
        "calculationDate": "20230406",
        "outstanding": 22628.91
    },
    {
        "calculationDate": "20230115",
        "outstanding": 519.99
    },
    {
        "calculationDate": "20220914",
        "outstanding": 0.0
    },
    {
        "calculationDate": "20230523",
        "outstanding": 21887.83
    },
    {
        "calculationDate": "20230214",
        "outstanding": 3297.1
    },
    {
        "calculationDate": "20230326",
        "outstanding": 10166.02
    },
    {
        "calculationDate": "20230404",
        "outstanding": 21902.91
    },
    {
        "calculationDate": "20230425",
        "outstanding": 0.0
    },
    {
        "calculationDate": "20230216",
        "outstanding": 5538.62
    },
    {
        "calculationDate": "20230402",
        "outstanding": 20901.91
    },
    {
        "calculationDate": "20230228",
        "outstanding": 10745.91
    },
    {
        "calculationDate": "20230525",
        "outstanding": 0.0
    },
    {
        "calculationDate": "20230423",
        "outstanding": 20753.11
    },
    {
        "calculationDate": "20221215",
        "outstanding": 0.0
    },
    {
        "calculationDate": "20230221",
        "outstanding": 12001.57
    },
    {
        "calculationDate": "20230502",
        "outstanding": 14504.65
    },
    {
        "calculationDate": "20230307",
        "outstanding": 14079.31
    },
    {
        "calculationDate": "20230312",
        "outstanding": 5890.67
    },
    {
        "calculationDate": "20230420",
        "outstanding": 11947.11
    },
    {
        "calculationDate": "20230511",
        "outstanding": 0.0
    },
    {
        "calculationDate": "20230309",
        "outstanding": 18010.38
    },
    {
        "calculationDate": "20230314",
        "outstanding": 7294.17
    },
    {
        "calculationDate": "20230219",
        "outstanding": 10544.61
    },
    {
        "calculationDate": "20230223",
        "outstanding": 2396.76
    },
    {
        "calculationDate": "20230601",
        "outstanding": 19317.18
    },
    {
        "calculationDate": "20230409",
        "outstanding": 24959.74
    },
    {
        "calculationDate": "20230418",
        "outstanding": 10022.38
    }
]