[
    {
        "calculationDate": "20150824",
        "outstanding": 14973.0
    },
    {
        "calculationDate": "20170706",
        "outstanding": 22138.0
    },
    {
        "calculationDate": "20180426",
        "outstanding": 125028.0
    },
    {
        "calculationDate": "20170828",
        "outstanding": 23929.0
    },
    {
        "calculationDate": "20180807",
        "outstanding": 472.0
    },
    {
        "calculationDate": "20140521",
        "outstanding": 32440.0
    },
    {
        "calculationDate": "20170504",
        "outstanding": 184257.0
    },
    {
        "calculationDate": "20190702",
        "outstanding": 40537.0
    },
    {
        "calculationDate": "20170116",
        "outstanding": 2112.0
    },
    {
        "calculationDate": "20171229",
        "outstanding": 11382.0
    },
    {
        "calculationDate": "20190604",
        "outstanding": 707.0
    },
    {
        "calculationDate": "20150903",
        "outstanding": 0.0
    },
    {
        "calculationDate": "20180828",
        "outstanding": 20248.0
    },
    {
        "calculationDate": "20180412",
        "outstanding": 31528.0
    },
    {
        "calculationDate": "20151112",
        "outstanding": 2716.0
    },
    {
        "calculationDate": "20170605",
        "outstanding": 112686.0
    },
    {
        "calculationDate": "20131231",
        "outstanding": 19046.0
    },
    {
        "calculationDate": "20181026",
        "outstanding": 30655.0
    },
    {
        "calculationDate": "20161107",
        "outstanding": 0.0
    },
    {
        "calculationDate": "20180925",
        "outstanding": 49720.0
    },
    {
        "calculationDate": "20171113",
        "outstanding": 4905.0
    },
    {
        "calculationDate": "20181124",
        "outstanding": 6125.0
    },
    {
        "calculationDate": "20180607",
        "outstanding": 106509.0
    },
    {
        "calculationDate": "20190226",
        "outstanding": 163716.0
    },
    {
        "calculationDate": "20160218",
        "outstanding": 89826.0
    },
    {
        "calculationDate": "20140820",
        "outstanding": 90972.0
    },
    {
        "calculationDate": "20160317",
        "outstanding": 265438.0
    },
    {
        "calculationDate": "20170313",
        "outstanding": 2612.0
    },
    {
        "calculationDate": "20171214",
        "outstanding": 0.0
    },
    {
        "calculationDate": "20160922",
        "outstanding": 2325.0
    },
    {
        "calculationDate": "20170529",
        "outstanding": 223405.0
    },
    {
        "calculationDate": "20170126",
        "outstanding": 21172.0
    },
    {
        "calculationDate": "20150924",
        "outstanding": 0.0
    },
    {
        "calculationDate": "20180611",
        "outstanding": 127835.0
    },
    {
        "calculationDate": "20181228",
        "outstanding": 42410.0
    },
    {
        "calculationDate": "20170803",
        "outstanding": 23054.0
    },
    {
        "calculationDate": "20161027",
        "outstanding": 44276.0
    },
    {
        "calculationDate": "20140604",
        "outstanding": 43280.0
    },
    {
        "calculationDate": "20181216",
        "outstanding": 54477.0
    },
    {
        "calculationDate": "20180921",
        "outstanding": 44369.0
    },
    {
        "calculationDate": "20160915",
        "outstanding": 0.0
    },
    {
        "calculationDate": "20151130",
        "outstanding": 0.0
    },
    {
        "calculationDate": "20141119",
        "outstanding": 54073.0
    },
    {
        "calculationDate": "20180101",
        "outstanding": 23097.0
    },
    {
        "calculationDate": "20190504",
        "outstanding": 251913.0
    },
    {
        "calculationDate": "20160404",
        "outstanding": 0.0
    },
    {
        "calculationDate": "20170703",
        "outstanding": 22975.0
    },
    {
        "calculationDate": "20161031",
        "outstanding": 48673.0
    },
    {
        "calculationDate": "20190723",
        "outstanding": 0.0
    },
    {
        "calculationDate": "20141126",
        "outstanding": 34273.0
    },
    {
        "calculationDate": "20161229",
        "outstanding": 76590.0
    },
    {
        "calculationDate": "20161201",
        "outstanding": 0.0
    },
    {
        "calculationDate": "20161219",
        "outstanding": 33610.0
    },
    {
        "calculationDate": "20140611",
        "outstanding": 47408.0
    },
    {
        "calculationDate": "20170727",
        "outstanding": 0.0
    },
    {
        "calculationDate": "20170104",
        "outstanding": 94553.0
    },
    {
        "calculationDate": "20171016",
        "outstanding": 30211.0
    },
    {
        "calculationDate": "20161121",
        "outstanding": 4900.0
    },
    {
        "calculationDate": "20151109",
        "outstanding": 0.0
    },
    {
        "calculationDate": "20190315",
        "outstanding": 207839.0
    },
    {
        "calculationDate": "20190517",
        "outstanding": 180735.0
    },
    {
        "calculationDate": "20141231",
        "outstanding": 21155.0
    },
    {
        "calculationDate": "20190305",
        "outstanding": 193501.0
    },
    {
        "calculationDate": "20150622",
        "outstanding": 0.0
    },
    {
        "calculationDate": "20190528",
        "outstanding": 193757.0
    },
    {
        "calculationDate": "20190129",
        "outstanding": 99682.0
    },
    {
        "calculationDate": "20160310",
        "outstanding": 251307.0
    },
    {
        "calculationDate": "20181211",
        "outstanding": 59577.0
    },
    {
        "calculationDate": "20160519",
        "outstanding": 0.0
    },
    {
        "calculationDate": "20160908",
        "outstanding": 0.0
    },
    {
        "calculationDate": "20170209",
        "outstanding": 29869.0
    },
    {
        "calculationDate": "20160602",
        "outstanding": 38631.0
    },
    {
        "calculationDate": "20170515",
        "outstanding": 238663.0
    },
    {
        "calculationDate": "20160818",
        "outstanding": 0.0
    },
    {
        "calculationDate": "20170817",
        "outstanding": 16042.0
    },
    {
        "calculationDate": "20170710",
        "outstanding": 30489.0
    },
    {
        "calculationDate": "20190118",
        "outstanding": 68871.0
    },
    {
        "calculationDate": "20151119",
        "outstanding": 32118.0
    },
    {
        "calculationDate": "20160121",
        "outstanding": 81804.0
    },
    {
        "calculationDate": "20160114",
        "outstanding": 77265.0
    },
    {
        "calculationDate": "20181012",
        "outstanding": 0.0
    },
    {
        "calculationDate": "20160613",
        "outstanding": 46304.0
    },
    {
        "calculationDate": "20180918",
        "outstanding": 40540.0
    },
    {
        "calculationDate": "20150921",
        "outstanding": 0.0
    },
    {
        "calculationDate": "20170511",
        "outstanding": 234555.0
    },
    {
        "calculationDate": "20190208",
        "outstanding": 136804.0
    },
    {
        "calculationDate": "20190201",
        "outstanding": 113326.0
    },
    {
        "calculationDate": "20190521",
        "outstanding": 181904.0
    },
    {
        "calculationDate": "20180904",
        "outstanding": 42692.0
    },
    {
        "calculationDate": "20151019",
        "outstanding": 0.0
    },
    {
        "calculationDate": "20190709",
        "outstanding": 37544.0
    },
    {
        "calculationDate": "20190319",
        "outstanding": 202400.0
    },
    {
        "calculationDate": "20150420",
        "outstanding": 0.0
    },
    {
        "calculationDate": "20131127",
        "outstanding": 0.0
    },
    {
        "calculationDate": "20150211",
        "outstanding": 0.0
    },
    {
        "calculationDate": "20150406",
        "outstanding": 222.0
    },
    {
        "calculationDate": "20151116",
        "outstanding": 30875.0
    },
    {
        "calculationDate": "20130828",
        "outstanding": 5313.0
    },
    {
        "calculationDate": "20151207",
        "outstanding": 67864.0
    },
    {
        "calculationDate": "20190507",
        "outstanding": 252132.0
    },
    {
        "calculationDate": "20161024",
        "outstanding": 51276.0
    },
    {
        "calculationDate": "20160526",
        "outstanding": 15910.0
    },
    {
        "calculationDate": "20180209",
        "outstanding": 0.0
    },
    {
        "calculationDate": "20151210",
        "outstanding": 0.0
    },
    {
        "calculationDate": "20180705",
        "outstanding": 99786.0
    },
    {
        "calculationDate": "20130626",
        "outstanding": 0.0
    },
    {
        "calculationDate": "20190205",
        "outstanding": 119088.0
    },
    {
        "calculationDate": "20160808",
        "outstanding": 47427.0
    },
    {
        "calculationDate": "20180118",
        "outstanding": 22359.0
    },
    {
        "calculationDate": "20150727",
        "outstanding": 178625.0
    },
    {
        "calculationDate": "20170202",
        "outstanding": 17748.0
    },
    {
        "calculationDate": "20141023",
        "outstanding": 39036.0
    },
    {
        "calculationDate": "20160407",
        "outstanding": 0.0
    },
    {
        "calculationDate": "20190514",
        "outstanding": 255021.0
    },
    {
        "calculationDate": "20180319",
        "outstanding": 5657.0
    },
    {
        "calculationDate": "20140129",
        "outstanding": 0.0
    },
    {
        "calculationDate": "20170608",
        "outstanding": 3287.0
    },
    {
        "calculationDate": "20160718",
        "outstanding": 0.0
    },
    {
        "calculationDate": "20170622",
        "outstanding": 38.0
    },
    {
        "calculationDate": "20160430",
        "outstanding": 74523.0
    },
    {
        "calculationDate": "20150114",
        "outstanding": 21610.0
    },
    {
        "calculationDate": "20140924",
        "outstanding": 0.0
    },
    {
        "calculationDate": "20180810",
        "outstanding": 12479.0
    },
    {
        "calculationDate": "20181127",
        "outstanding": 42929.0
    },
    {
        "calculationDate": "20180201",
        "outstanding": 0.0
    },
    {
        "calculationDate": "20160505",
        "outstanding": 12136.0
    },
    {
        "calculationDate": "20170309"
    },
    {
        "calculationDate": "20181009",
        "outstanding": 0.0
    },
    {
        "calculationDate": "20171207",
        "outstanding": 34805.0
    },
    {
        "calculationDate": "20170227",
        "outstanding": 18204.0
    },
    {
        "calculationDate": "20180312",
        "outstanding": 7874.0
    },
    {
        "calculationDate": "20180928",
        "outstanding": 49106.0
    },
    {
        "calculationDate": "20150817",
        "outstanding": 0.0
    },
    {
        "calculationDate": "20130619",
        "outstanding": 50881.0
    },
    {
        "calculationDate": "20160215",
        "outstanding": 88168.0
    },
    {
        "calculationDate": "20160303",
        "outstanding": 86503.0
    },
    {
        "calculationDate": "20161117",
        "outstanding": 10002.0
    },
    {
        "calculationDate": "20160811",
        "outstanding": 0.0
    },
    {
        "calculationDate": "20161114",
        "outstanding": 0.0
    },
    {
        "calculationDate": "20180406",
        "outstanding": 16980.0
    },
    {
        "calculationDate": "20161226",
        "outstanding": 70592.0
    },
    {
        "calculationDate": "20160321",
        "outstanding": 167084.0
    },
    {
        "calculationDate": "20190712",
        "outstanding": 26282.0
    },
    {
        "calculationDate": "20161006",
        "outstanding": 90412.0
    },
    {
        "calculationDate": "20190614",
        "outstanding": 39526.0
    },
    {
        "calculationDate": "20130925",
        "outstanding": 0.0
    },
    {
        "calculationDate": "20140205",
        "outstanding": 6012.0
    },
    {
        "calculationDate": "20180302",
        "outstanding": 0.0
    },
    {
        "calculationDate": "20151105",
        "outstanding": 0.0
    },
    {
        "calculationDate": "20140813",
        "outstanding": 79960.0
    },
    {
        "calculationDate": "20181218",
        "outstanding": 42348.0
    },
    {
        "calculationDate": "20170428",
        "outstanding": 181941.0
    },
    {
        "calculationDate": "20151228",
        "outstanding": 56598.0
    },
    {
        "calculationDate": "20170717",
        "outstanding": 471.0
    },
    {
        "calculationDate": "20140219",
        "outstanding": 50025.0
    },
    {
        "calculationDate": "20141217",
        "outstanding": 90112.0
    },
    {
        "calculationDate": "20160616",
        "outstanding": 48809.0
    },
    {
        "calculationDate": "20170501",
        "outstanding": 176324.0
    },
    {
        "calculationDate": "20151224",
        "outstanding": 29283.0
    },
    {
        "calculationDate": "20161222",
        "outstanding": 50764.0
    },
    {
        "calculationDate": "20140716",
        "outstanding": 4276.0
    },
    {
        "calculationDate": "20170907",
        "outstanding": 3386.0
    },
    {
        "calculationDate": "20160901",
        "outstanding": 0.0
    },
    {
        "calculationDate": "20160118",
        "outstanding": 79214.0
    },
    {
        "calculationDate": "20170201",
        "outstanding": 13079.0
    },
    {
        "calculationDate": "20140305",
        "outstanding": 48631.0
    },
    {
        "calculationDate": "20161110",
        "outstanding": 0.0
    },
    {
        "calculationDate": "20150702",
        "outstanding": 1945.0
    },
    {
        "calculationDate": "20180712",
        "outstanding": 119162.0
    },
    {
        "calculationDate": "20160929",
        "outstanding": 35945.0
    },
    {
        "calculationDate": "20150915",
        "outstanding": 0.0
    },
    {
        "calculationDate": "20170331",
        "outstanding": 102795.0
    },
    {
        "calculationDate": "20170525",
        "outstanding": 217399.0
    },
    {
        "calculationDate": "20140827",
        "outstanding": 63933.0
    },
    {
        "calculationDate": "20170302",
        "outstanding": 3180.0
    },
    {
        "calculationDate": "20180503",
        "outstanding": 134633.0
    },
    {
        "calculationDate": "20170724",
        "outstanding": 0.0
    },
    {
        "calculationDate": "20190412",
        "outstanding": 253148.0
    },
    {
        "calculationDate": "20190705",
        "outstanding": 42969.0
    },
    {
        "calculationDate": "20180122",
        "outstanding": 18830.0
    },
    {
        "calculationDate": "20161206",
        "outstanding": 22249.0
    },
    {
        "calculationDate": "20190125",
        "outstanding": 79058.0
    },
    {
        "calculationDate": "20150608",
        "outstanding": 1611.0
    },
    {
        "calculationDate": "20181207",
        "outstanding": 55909.0
    },
    {
        "calculationDate": "20190423",
        "outstanding": 245014.0
    },
    {
        "calculationDate": "20130605",
        "outstanding": 49999.0
    },
    {
        "calculationDate": "20140910",
        "outstanding": 0.0
    },
    {
        "calculationDate": "20160523",
        "outstanding": 10748.0
    },
    {
        "calculationDate": "20170904",
        "outstanding": 4030.0
    },
    {
        "calculationDate": "20151012",
        "outstanding": 37144.0
    },
    {
        "calculationDate": "20180212",
        "outstanding": 0.0
    },
    {
        "outstanding": 10252.0
    },
    {
        "calculationDate": "20140416",
        "outstanding": 4316.0
    },
    {
        "calculationDate": "20131023",
        "outstanding": 0.0
    },
    {
        "calculationDate": "20180817",
        "outstanding": 20194.0
    },
    {
        "calculationDate": "20160707",
        "outstanding": 20159.0
    },
    {
        "calculationDate": "20160516",
        "outstanding": 0.0
    },
    {
        "calculationDate": "20180219",
        "outstanding": 0.0
    },
    {
        "calculationDate": "20170921",
        "outstanding": 47647.0
    },
    {
        "calculationDate": "20190216",
        "outstanding": 161330.0
    },
    {
        "calculationDate": "20170131",
        "outstanding": 13079.0
    },
    {
        "calculationDate": "20190621",
        "outstanding": 79905.0
    },
    {
        "calculationDate": "20170731",
        "outstanding": 27133.0
    },
    {
        "calculationDate": "20150312",
        "outstanding": 7010.0
    },
    {
        "calculationDate": "20180507",
        "outstanding": 158852.0
    },
    {
        "calculationDate": "20170306",
        "outstanding": 754.0
    },
    {
        "calculationDate": "20130424",
        "outstanding": 0.0
    },
    {
        "calculationDate": "20190115",
        "outstanding": 72404.0
    },
    {
        "calculationDate": "20130724",
        "outstanding": 0.0
    },
    {
        "calculationDate": "20190628",
        "outstanding": 50899.0
    },
    {
        "calculationDate": "20160627",
        "outstanding": 38033.0
    },
    {
        "calculationDate": "20180831",
        "outstanding": 30577.0
    },
    {
        "calculationDate": "20131113",
        "outstanding": 0.0
    },
    {
        "calculationDate": "20150225",
        "outstanding": 0.0
    },
    {
        "calculationDate": "20171120",
        "outstanding": 4036.0
    },
    {
        "calculationDate": "20140514",
        "outstanding": 68946.0
    },
    {
        "calculationDate": "20150505",
        "outstanding": 0.0
    },
    {
        "calculationDate": "20190322",
        "outstanding": 191115.0
    },
    {
        "calculationDate": "20140122",
        "outstanding": 0.0
    },
    {
        "calculationDate": "20161124",
        "outstanding": 49089.0
    },
    {
        "calculationDate": "20160829",
        "outstanding": 0.0
    },
    {
        "calculationDate": "20160714",
        "outstanding": 35237.0
    },
    {
        "calculationDate": "20160530",
        "outstanding": 39920.0
    },
    {
        "calculationDate": "20150416",
        "outstanding": 0.0
    },
    {
        "calculationDate": "20171211",
        "outstanding": 56221.0
    },
    {
        "calculationDate": "20141112",
        "outstanding": 46876.0
    },
    {
        "calculationDate": "20171127",
        "outstanding": 14838.0
    },
    {
        "calculationDate": "20160211",
        "outstanding": 75065.0
    },
    {
        "calculationDate": "20180423",
        "outstanding": 87982.0
    },
    {
        "calculationDate": "20170329",
        "outstanding": 98810.0
    },
    {
        "calculationDate": "20140423",
        "outstanding": 0.0
    },
    {
        "calculationDate": "20160226",
        "outstanding": 76971.0
    },
    {
        "calculationDate": "20150827",
        "outstanding": 0.0
    },
    {
        "calculationDate": "20140618",
        "outstanding": 53958.0
    },
    {
        "calculationDate": "20170112",
        "outstanding": 31030.0
    },
    {
        "calculationDate": "20161010",
        "outstanding": 106304.0
    },
    {
        "calculationDate": "20180803",
        "outstanding": 17604.0
    },
    {
        "calculationDate": "20160324",
        "outstanding": 198169.0
    },
    {
        "calculationDate": "20151008",
        "outstanding": 32661.0
    },
    {
        "calculationDate": "20140226",
        "outstanding": 41371.0
    },
    {
        "calculationDate": "20140702",
        "outstanding": 54902.0
    },
    {
        "calculationDate": "20151005",
        "outstanding": 29180.0
    },
    {
        "calculationDate": "20190222",
        "outstanding": 152239.0
    },
    {
        "calculationDate": "20170320",
        "outstanding": 50268.0
    },
    {
        "calculationDate": "20160623",
        "outstanding": 150.0
    },
    {
        "calculationDate": "20180914",
        "outstanding": 31660.0
    },
    {
        "calculationDate": "20170821",
        "outstanding": 5793.0
    },
    {
        "calculationDate": "20170323",
        "outstanding": 86760.0
    },
    {
        "calculationDate": "20170508",
        "outstanding": 220515.0
    },
    {
        "calculationDate": "20160125",
        "outstanding": 98250.0
    },
    {
        "calculationDate": "20170213",
        "outstanding": 20427.0
    },
    {
        "calculationDate": "20160725",
        "outstanding": 6960.0
    },
    {
        "calculationDate": "20150810",
        "outstanding": 0.0
    },
    {
        "calculationDate": "20160801",
        "outstanding": 9669.0
    },
    {
        "calculationDate": "20171225",
        "outstanding": 123.0
    },
    {
        "calculationDate": "20131120"
    },
    {
        "calculationDate": "20181030",
        "outstanding": 33455.0
    },
    {
        "calculationDate": "20190313",
        "outstanding": 204892.0
    },
    {
        "calculationDate": "20160204",
        "outstanding": 46821.0
    },
    {
        "calculationDate": "20151026",
        "outstanding": 148155.0
    },
    {
        "calculationDate": "20181109",
        "outstanding": 4185.0
    },
    {
        "calculationDate": "20160630",
        "outstanding": 41766.0
    },
    {
        "calculationDate": "20180129",
        "outstanding": 25102.0
    },
    {
        "calculationDate": "20161017",
        "outstanding": 39628.0
    },
    {
        "calculationDate": "20190625",
        "outstanding": 49123.0
    },
    {
        "calculationDate": "20150831",
        "outstanding": 91971.0
    },
    {
        "calculationDate": "20130320",
        "outstanding": 50407.0
    },
    {
        "calculationDate": "20181024",
        "outstanding": 29385.0
    },
    {
        "calculationDate": "20190510",
        "outstanding": 252632.0
    },
    {
        "calculationDate": "20180416",
        "outstanding": 60722.0
    },
    {
        "calculationDate": "20171030",
        "outstanding": 0.0
    },
    {
        "calculationDate": "20181016",
        "outstanding": 29326.0
    },
    {
        "calculationDate": "20180727",
        "outstanding": 0.0
    },
    {
        "calculationDate": "20140212",
        "outstanding": 15157.0
    },
    {
        "calculationDate": "20150820",
        "outstanding": 852.0
    },
    {
        "outstanding": 37131.0
    },
    {
        "calculationDate": "20130123",
        "outstanding": 0.0
    },
    {
        "calculationDate": "20160606",
        "outstanding": 65510.0
    },
    {
        "calculationDate": "20160912",
        "outstanding": 0.0
    },
    {
        "calculationDate": "20180626",
        "outstanding": 132887.0
    },
    {
        "calculationDate": "20190219",
        "outstanding": 176000.0
    },
    {
        "calculationDate": "20190329",
        "outstanding": 197985.0
    },
    {
        "calculationDate": "20170403",
        "outstanding": 115212.0
    },
    {
        "calculationDate": "20180108",
        "outstanding": 0.0
    },
    {
        "calculationDate": "20150316",
        "outstanding": 0.0
    },
    {
        "calculationDate": "20181002",
        "outstanding": 57548.0
    },
    {
        "calculationDate": "20150319",
        "outstanding": 0.0
    },
    {
        "calculationDate": "20190524",
        "outstanding": 188731.0
    },
    {
        "calculationDate": "20150813",
        "outstanding": 0.0
    },
    {
        "calculationDate": "20131225",
        "outstanding": 0.0
    },
    {
        "calculationDate": "20180621",
        "outstanding": 132322.0
    },
    {
        "calculationDate": "20171109",
        "outstanding": 26269.0
    },
    {
        "calculationDate": "20130522",
        "outstanding": 0.0
    },
    {
        "calculationDate": "20160711",
        "outstanding": 31866.0
    },
    {
        "calculationDate": "20160328",
        "outstanding": 197231.0
    },
    {
        "calculationDate": "20150507",
        "outstanding": 0.0
    },
    {
        "calculationDate": "20130911",
        "outstanding": 41249.0
    },
    {
        "calculationDate": "20140528",
        "outstanding": 26690.0
    },
    {
        "calculationDate": "20190409",
        "outstanding": 238394.0
    },
    {
        "calculationDate": "20160513",
        "outstanding": 0.0
    },
    {
        "calculationDate": "20170616",
        "outstanding": 0.0
    },
    {
        "calculationDate": "20121226",
        "outstanding": 0.0
    },
    {
        "calculationDate": "20180524",
        "outstanding": 138563.0
    },
    {
        "calculationDate": "20130313",
        "outstanding": 49608.0
    },
    {
        "calculationDate": "20181102",
        "outstanding": 34155.0
    },
    {
        "calculationDate": "20160314",
        "outstanding": 257962.0
    },
    {
        "calculationDate": "20180205",
        "outstanding": 5676.0
    },
    {
        "calculationDate": "20160721",
        "outstanding": 1027.0
    },
    {
        "calculationDate": "20140903",
        "outstanding": 0.0
    },
    {
        "calculationDate": "20171012",
        "outstanding": 141751.0
    },
    {
        "calculationDate": "20150731",
        "outstanding": 198051.0
    },
    {
        "calculationDate": "20140723",
        "outstanding": 0.0
    },
    {
        "calculationDate": "20181226",
        "outstanding": 38317.0
    },
    {
        "calculationDate": "20180105",
        "outstanding": 0.0
    },
    {
        "calculationDate": "20180315",
        "outstanding": 7196.0
    },
    {
        "calculationDate": "20151015",
        "outstanding": 0.0
    },
    {
        "calculationDate": "20151214",
        "outstanding": 0.0
    },
    {
        "calculationDate": "20150427",
        "outstanding": 0.0
    },
    {
        "calculationDate": "20161020",
        "outstanding": 47724.0
    },
    {
        "calculationDate": "20180322",
        "outstanding": 38057.0
    },
    {
        "calculationDate": "20170410",
        "outstanding": 82661.0
    },
    {
        "calculationDate": "20190312",
        "outstanding": 204892.0
    },
    {
        "calculationDate": "20161003",
        "outstanding": 79518.0
    },
    {
        "calculationDate": "20161128",
        "outstanding": 59993.0
    },
    {
        "calculationDate": "20190301",
        "outstanding": 170762.0
    },
    {
        "calculationDate": "20190719",
        "outstanding": 82.0
    },
    {
        "calculationDate": "20170914"
    },
    {
        "calculationDate": "20180724",
        "outstanding": 0.0
    },
    {
        "calculationDate": "20170216",
        "outstanding": 25244.0
    },
    {
        "calculationDate": "20160111",
        "outstanding": 97265.0
    },
    {
        "calculationDate": "20171023",
        "outstanding": 0.0
    },
    {
        "calculationDate": "20160512",
        "outstanding": 0.0
    },
    {
        "calculationDate": "20140312",
        "outstanding": 50321.0
    },
    {
        "calculationDate": "20170918",
        "outstanding": 1697.0
    },
    {
        "calculationDate": "20170807",
        "outstanding": 36922.0
    },
    {
        "calculationDate": "20170831",
        "outstanding": 36068.0
    },
    {
        "calculationDate": "20170629",
        "outstanding": 9686.0
    },
    {
        "calculationDate": "20150720",
        "outstanding": 53066.0
    },
    {
        "calculationDate": "20171106",
        "outstanding": 12839.0
    },
    {
        "calculationDate": "20170911",
        "outstanding": 3028.0
    },
    {
        "calculationDate": "20160411",
        "outstanding": 0.0
    },
    {
        "calculationDate": "20170522",
        "outstanding": 217250.0
    },
    {
        "calculationDate": "20131106",
        "outstanding": 479.0
    },
    {
        "calculationDate": "20170824",
        "outstanding": 9356.0
    },
    {
        "calculationDate": "20170928",
        "outstanding": 115816.0
    },
    {
        "calculationDate": "20130821",
        "outstanding": 49.0
    },
    {
        "calculationDate": "20180907",
        "outstanding": 21080.0
    },
    {
        "calculationDate": "20170413",
        "outstanding": 58030.0
    },
    {
        "calculationDate": "20150304",
        "outstanding": 0.0
    },
    {
        "calculationDate": "20160208",
        "outstanding": 70720.0
    },
    {
        "calculationDate": "20181123",
        "outstanding": 6125.0
    },
    {
        "calculationDate": "20160201",
        "outstanding": 106221.0
    },
    {
        "calculationDate": "20150107",
        "outstanding": 9830.0
    },
    {
        "calculationDate": "20170316",
        "outstanding": 0.0
    },
    {
        "calculationDate": "20140320",
        "outstanding": 38901.0
    },
    {
        "calculationDate": "20170814",
        "outstanding": 11920.0
    },
    {
        "calculationDate": "20160728",
        "outstanding": 6963.0
    },
    {
        "calculationDate": "20141210",
        "outstanding": 47032.0
    },
    {
        "calculationDate": "20151123",
        "outstanding": 0.0
    },
    {
        "calculationDate": "20180821",
        "outstanding": 14917.0
    },
    {
        "calculationDate": "20190108",
        "outstanding": 54374.0
    },
    {
        "calculationDate": "20170109",
        "outstanding": 116980.0
    },
    {
        "calculationDate": "20181221",
        "outstanding": 34177.0
    },
    {
        "calculationDate": "20160919",
        "outstanding": 0.0
    },
    {
        "calculationDate": "20170123",
        "outstanding": 14315.0
    },
    {
        "calculationDate": "20130410",
        "outstanding": 0.0
    },
    {
        "calculationDate": "20180402",
        "outstanding": 26771.0
    },
    {
        "calculationDate": "20160620",
        "outstanding": 0.0
    },
    {
        "calculationDate": "20180409",
        "outstanding": 20164.0
    },
    {
        "calculationDate": "20161103",
        "outstanding": 0.0
    },
    {
        "calculationDate": "20141029",
        "outstanding": 36024.0
    },
    {
        "calculationDate": "20140917",
        "outstanding": 0.0
    },
    {
        "calculationDate": "20160609",
        "outstanding": 105503.0
    },
    {
        "calculationDate": "20130918",
        "outstanding": 41563.0
    },
    {
        "calculationDate": "20180326",
        "outstanding": 57024.0
    },
    {
        "calculationDate": "20180514",
        "outstanding": 167856.0
    },
    {
        "calculationDate": "20151203",
        "outstanding": 25847.0
    },
    {
        "calculationDate": "20160815",
        "outstanding": 0.0
    },
    {
        "calculationDate": "20171019",
        "outstanding": 0.0
    },
    {
        "calculationDate": "20141105",
        "outstanding": 51267.0
    },
    {
        "calculationDate": "20190402",
        "outstanding": 200494.0
    },
    {
        "calculationDate": "20180305",
        "outstanding": 537.0
    },
    {
        "calculationDate": "20180604",
        "outstanding": 107573.0
    },
    {
        "calculationDate": "20190531",
        "outstanding": 0.0
    },
    {
        "calculationDate": "20160905",
        "outstanding": 0.0
    },
    {
        "calculationDate": "20180824",
        "outstanding": 13866.0
    },
    {
        "calculationDate": "20181106",
        "outstanding": 35885.0
    },
    {
        "calculationDate": "20140709",
        "outstanding": 72102.0
    },
    {
        "calculationDate": "20150629",
        "outstanding": 0.0
    },
    {
        "calculationDate": "20151221",
        "outstanding": 126247.0
    },
    {
        "calculationDate": "20150707",
        "outstanding": 0.0
    },
    {
        "calculationDate": "20190212",
        "outstanding": 147596.0
    },
    {
        "calculationDate": "20190716",
        "outstanding": 7198.0
    },
    {
        "outstanding": 0.0
    },
    {
        "calculationDate": "20180614",
        "outstanding": 129865.0
    },
    {
        "calculationDate": "20140115",
        "outstanding": 12712.0
    },
    {
        "calculationDate": "20190405",
        "outstanding": 229594.0
    },
    {
        "calculationDate": "20170220",
        "outstanding": 10275.0
    },
    {
        "calculationDate": "20170105",
        "outstanding": 97588.0
    },
    {
        "calculationDate": "20150918",
        "outstanding": 19512.0
    },
    {
        "calculationDate": "20150723",
        "outstanding": 138677.0
    },
    {
        "calculationDate": "20180419",
        "outstanding": 100615.0
    },
    {
        "calculationDate": "20180111",
        "outstanding": 16400.0
    },
    {
        "calculationDate": "20171130",
        "outstanding": 20507.0
    },
    {
        "calculationDate": "20190308",
        "outstanding": 198702.0
    },
    {
        "calculationDate": "20160926",
        "outstanding": 15045.0
    },
    {
        "calculationDate": "20130220",
        "outstanding": 0.0
    },
    {
        "calculationDate": "20171026",
        "outstanding": 0.0
    },
    {
        "calculationDate": "20160331",
        "outstanding": 0.0
    },
    {
        "calculationDate": "20131030",
        "outstanding": 11489.0
    },
    {
        "calculationDate": "20160229",
        "outstanding": 77169.0
    },
    {
        "calculationDate": "20170925",
        "outstanding": 69990.0
    },
    {
        "calculationDate": "20171005",
        "outstanding": 147922.0
    },
    {
        "calculationDate": "20190607",
        "outstanding": 14275.0
    },
    {
        "calculationDate": "20140430",
        "outstanding": 5024.0
    },
    {
        "calculationDate": "20140328",
        "outstanding": 45236.0
    },
    {
        "calculationDate": "20181204",
        "outstanding": 54791.0
    },
    {
        "calculationDate": "20161216",
        "outstanding": 44479.0
    },
    {
        "calculationDate": "20161212",
        "outstanding": 33645.0
    },
    {
        "calculationDate": "20160704",
        "outstanding": 6845.0
    },
    {
        "calculationDate": "20190611",
        "outstanding": 21900.0
    },
    {
        "calculationDate": "20180521",
        "outstanding": 137399.0
    },
    {
        "calculationDate": "20180911",
        "outstanding": 30898.0
    },
    {
        "calculationDate": "20130612",
        "outstanding": 50373.0
    },
    {
        "calculationDate": "20160822",
        "outstanding": 1911.0
    },
    {
        "outstanding": 29649.0
    },
    {
        "calculationDate": "20180814",
        "outstanding": 15717.0
    },
    {
        "calculationDate": "20190618",
        "outstanding": 8717.0
    },
    {
        "calculationDate": "20170420",
        "outstanding": 153447.0
    },
    {
        "calculationDate": "20171116",
        "outstanding": 22268.0
    },
    {
        "calculationDate": "20181005",
        "outstanding": 24702.0
    },
    {
        "calculationDate": "20180618",
        "outstanding": 142754.0
    },
    {
        "calculationDate": "20141203",
        "outstanding": 47075.0
    },
    {
        "calculationDate": "20160307",
        "outstanding": 243447.0
    },
    {
        "calculationDate": "20150525",
        "outstanding": 0.0
    },
    {
        "calculationDate": "20170119",
        "outstanding": 0.0
    },
    {
        "calculationDate": "20180517",
        "outstanding": 137810.0
    },
    {
        "calculationDate": "20171102",
        "outstanding": 0.0
    },
    {
        "calculationDate": "20190104",
        "outstanding": 70517.0
    },
    {
        "calculationDate": "20171123",
        "outstanding": 12824.0
    },
    {
        "calculationDate": "20190426",
        "outstanding": 247440.0
    },
    {
        "calculationDate": "20180531",
        "outstanding": 158952.0
    },
    {
        "calculationDate": "20180716",
        "outstanding": 124390.0
    },
    {
        "calculationDate": "20190419",
        "outstanding": 261432.0
    },
    {
        "calculationDate": "20140409",
        "outstanding": 0.0
    },
    {
        "calculationDate": "20181130",
        "outstanding": 49929.0
    },
    {
        "calculationDate": "20180228",
        "outstanding": 0.0
    },
    {
        "calculationDate": "20170811",
        "outstanding": 10064.0
    },
    {
        "calculationDate": "20130904",
        "outstanding": 32924.0
    },
    {
        "calculationDate": "20190122",
        "outstanding": 83866.0
    },
    {
        "calculationDate": "20171221",
        "outstanding": 0.0
    },
    {
        "calculationDate": "20180709",
        "outstanding": 113103.0
    },
    {
        "calculationDate": "20130403",
        "outstanding": 42407.0
    },
    {
        "calculationDate": "20170424",
        "outstanding": 160416.0
    },
    {
        "calculationDate": "20141008",
        "outstanding": 0.0
    },
    {
        "calculationDate": "20171204",
        "outstanding": 27660.0
    },
    {
        "calculationDate": "20160107",
        "outstanding": 65896.0
    },
    {
        "calculationDate": "20151126",
        "outstanding": 0.0
    },
    {
        "calculationDate": "20140507",
        "outstanding": 45544.0
    },
    {
        "calculationDate": "20190430"
    },
    {
        "calculationDate": "20190111",
        "outstanding": 59784.0
    },
    {
        "calculationDate": "20170406",
        "outstanding": 69370.0
    },
    {
        "calculationDate": "20180528",
        "outstanding": 144138.0
    },
    {
        "calculationDate": "20170206",
        "outstanding": 26402.0
    },
    {
        "calculationDate": "20151102",
        "outstanding": 0.0
    },
    {
        "calculationDate": "20181019",
        "outstanding": 29385.0
    },
    {
        "calculationDate": "20181113",
        "outstanding": 5549.0
    },
    {
        "calculationDate": "20151029",
        "outstanding": 0.0
    },
    {
        "calculationDate": "20180801",
        "outstanding": 14372.0
    }
]