[
    {
        "calculationDate": "20160420",
        "outstanding": 47639.0
    },
    {
        "calculationDate": "20140209",
        "outstanding": 59.0
    },
    {
        "calculationDate": "20131208",
        "outstanding": 32302.0
    },
    {
        "calculationDate": "20121104",
        "outstanding": 0.0
    },
    {
        "calculationDate": "20141019",
        "outstanding": 0.0
    },
    {
        "calculationDate": "20160210",
        "outstanding": 0.0
    },
    {
        "calculationDate": "20160511",
        "outstanding": 47580.0
    },
    {
        "calculationDate": "20140824",
        "outstanding": 59.0
    },
    {
        "calculationDate": "20140323",
        "outstanding": 59.0
    },
    {
        "calculationDate": "20130929",
        "outstanding": 51495.0
    },
    {
        "calculationDate": "20140810",
        "outstanding": 19.0
    },
    {
        "calculationDate": "20150809",
        "outstanding": 4999.0
    },
    {
        "calculationDate": "20130623",
        "outstanding": 40818.0
    },
    {
        "calculationDate": "20130825",
        "outstanding": 52012.0
    },
    {
        "calculationDate": "20121020",
        "outstanding": 0.0
    },
    {
        "calculationDate": "20150620",
        "outstanding": 0.0
    },
    {
        "calculationDate": "20160525",
        "outstanding": 47639.0
    },
    {
        "calculationDate": "20150705",
        "outstanding": 0.0
    },
    {
        "calculationDate": "20130113",
        "outstanding": 0.0
    },
    {
        "calculationDate": "20151112",
        "outstanding": 0.0
    },
    {
        "calculationDate": "20141026",
        "outstanding": 0.0
    },
    {
        "calculationDate": "20160224",
        "outstanding": 59.0
    },
    {
        "calculationDate": "20160124",
        "outstanding": 59.0
    },
    {
        "calculationDate": "20121223",
        "outstanding": 12557.0
    },
    {
        "calculationDate": "20130428",
        "outstanding": 221134.0
    },
    {
        "calculationDate": "20140928",
        "outstanding": 0.0
    },
    {
        "calculationDate": "20150927",
        "outstanding": 59.0
    },
    {
        "calculationDate": "20131027",
        "outstanding": 49901.0
    },
    {
        "calculationDate": "20160703",
        "outstanding": 0.0
    },
    {
        "calculationDate": "20140126",
        "outstanding": 59.0
    },
    {
        "calculationDate": "20160110",
        "outstanding": 0.0
    },
    {
        "calculationDate": "20151213",
        "outstanding": 0.0
    },
    {
        "calculationDate": "20130721",
        "outstanding": 48997.0
    },
    {
        "calculationDate": "20130127",
        "outstanding": 59.0
    },
    {
        "calculationDate": "20140406",
        "outstanding": 2309.0
    },
    {
        "calculationDate": "20130414",
        "outstanding": 59.0
    },
    {
        "calculationDate": "20130714",
        "outstanding": 40877.0
    },
    {
        "calculationDate": "20140525",
        "outstanding": 74900.0
    },
    {
        "calculationDate": "20151022",
        "outstanding": 59.0
    },
    {
        "calculationDate": "20141102",
        "outstanding": 0.0
    },
    {
        "calculationDate": "20130602",
        "outstanding": 305460.0
    },
    {
        "calculationDate": "20150423",
        "outstanding": 0.0
    },
    {
        "calculationDate": "20141221",
        "outstanding": 0.0
    },
    {
        "calculationDate": "20140803",
        "outstanding": 3912.0
    },
    {
        "calculationDate": "20160724",
        "outstanding": 0.0
    },
    {
        "calculationDate": "20140223",
        "outstanding": 118.0
    },
    {
        "calculationDate": "20150131",
        "outstanding": 0.0
    },
    {
        "calculationDate": "20130203",
        "outstanding": 0.0
    },
    {
        "calculationDate": "20150903",
        "outstanding": 29741.0
    },
    {
        "calculationDate": "20140629",
        "outstanding": 72727.0
    },
    {
        "calculationDate": "20130616",
        "outstanding": 34178.0
    },
    {
        "calculationDate": "20140921",
        "outstanding": 0.0
    },
    {
        "calculationDate": "20140511",
        "outstanding": 74841.0
    },
    {
        "calculationDate": "20150910",
        "outstanding": 29682.0
    },
    {
        "calculationDate": "20160410",
        "outstanding": 0.0
    },
    {
        "calculationDate": "20140831",
        "outstanding": 0.0
    },
    {
        "calculationDate": "20150124",
        "outstanding": 0.0
    },
    {
        "calculationDate": "20131006",
        "outstanding": 49842.0
    },
    {
        "calculationDate": "20131127",
        "outstanding": 32302.0
    },
    {
        "calculationDate": "20140216",
        "outstanding": 59.0
    },
    {
        "calculationDate": "20130505",
        "outstanding": 283369.0
    },
    {
        "calculationDate": "20130421",
        "outstanding": 166025.0
    },
    {
        "calculationDate": "20140622",
        "outstanding": 71217.0
    },
    {
        "calculationDate": "20130609",
        "outstanding": 0.0
    },
    {
        "calculationDate": "20130407",
        "outstanding": 59.0
    },
    {
        "calculationDate": "20130512",
        "outstanding": 286009.0
    },
    {
        "calculationDate": "20130331",
        "outstanding": 118.0
    },
    {
        "calculationDate": "20131013",
        "outstanding": 49842.0
    },
    {
        "calculationDate": "20150823",
        "outstanding": 4999.0
    },
    {
        "calculationDate": "20150524",
        "outstanding": 0.0
    },
    {
        "calculationDate": "20130303",
        "outstanding": 59.0
    },
    {
        "calculationDate": "20140112",
        "outstanding": 30746.0
    },
    {
        "calculationDate": "20150813",
        "outstanding": 4940.0
    },
    {
        "calculationDate": "20151122",
        "outstanding": 59.0
    },
    {
        "calculationDate": "20130310",
        "outstanding": 59.0
    },
    {
        "calculationDate": "20140713",
        "outstanding": 70344.0
    },
    {
        "calculationDate": "20150827",
        "outstanding": 34741.0
    },
    {
        "calculationDate": "20140413",
        "outstanding": 2309.0
    },
    {
        "calculationDate": "20141228",
        "outstanding": 0.0
    },
    {
        "calculationDate": "20130630",
        "outstanding": 40877.0
    },
    {
        "calculationDate": "20130811",
        "outstanding": 51953.0
    },
    {
        "calculationDate": "20150917",
        "outstanding": 0.0
    },
    {
        "calculationDate": "20130728",
        "outstanding": 53997.0
    },
    {
        "calculationDate": "20160605",
        "outstanding": 0.0
    },
    {
        "calculationDate": "20150329",
        "outstanding": 0.0
    },
    {
        "calculationDate": "20130908",
        "outstanding": 49414.0
    },
    {
        "calculationDate": "20160319",
        "outstanding": 59.0
    },
    {
        "calculationDate": "20150502",
        "outstanding": 0.0
    },
    {
        "calculationDate": "20141130",
        "outstanding": 0.0
    },
    {
        "calculationDate": "20160302",
        "outstanding": 59.0
    },
    {
        "calculationDate": "20140727",
        "outstanding": 75403.0
    },
    {
        "calculationDate": "20151224",
        "outstanding": 59.0
    },
    {
        "calculationDate": "20150103",
        "outstanding": 0.0
    },
    {
        "calculationDate": "20130804",
        "outstanding": 51953.0
    },
    {
        "calculationDate": "20160508",
        "outstanding": 47639.0
    },
    {
        "calculationDate": "20131103",
        "outstanding": 0.0
    },
    {
        "calculationDate": "20140427",
        "outstanding": 75161.0
    },
    {
        "calculationDate": "20160309",
        "outstanding": 59.0
    },
    {
        "calculationDate": "20150723",
        "outstanding": 4999.0
    },
    {
        "calculationDate": "20150820",
        "outstanding": 4999.0
    },
    {
        "calculationDate": "20150222",
        "outstanding": 0.0
    },
    {
        "calculationDate": "20130922",
        "outstanding": 49473.0
    },
    {
        "calculationDate": "20150604",
        "outstanding": 0.0
    },
    {
        "calculationDate": "20140316",
        "outstanding": 0.0
    },
    {
        "calculationDate": "20150301",
        "outstanding": 0.0
    },
    {
        "calculationDate": "20140706",
        "outstanding": 73902.0
    },
    {
        "calculationDate": "20160313",
        "outstanding": 0.0
    },
    {
        "calculationDate": "20121209",
        "outstanding": 47.0
    },
    {
        "calculationDate": "20141005",
        "outstanding": 0.0
    },
    {
        "calculationDate": "20131222",
        "outstanding": 32361.0
    },
    {
        "calculationDate": "20151011",
        "outstanding": 0.0
    },
    {
        "calculationDate": "20141123",
        "outstanding": 0.0
    },
    {
        "calculationDate": "20130526",
        "outstanding": 305401.0
    },
    {
        "calculationDate": "20150322",
        "outstanding": 0.0
    },
    {
        "calculationDate": "20140817",
        "outstanding": 19.0
    },
    {
        "calculationDate": "20160316",
        "outstanding": 0.0
    },
    {
        "calculationDate": "20140608",
        "outstanding": 71158.0
    }
]