[
    {
        "calculationDate": "20170321",
        "outstanding": 3554.0
    },
    {
        "calculationDate": "20161115",
        "outstanding": 0.0
    },
    {
        "calculationDate": "20170221",
        "outstanding": 8.0
    },
    {
        "calculationDate": "20170314",
        "outstanding": 11554.0
    },
    {
        "calculationDate": "20160912",
        "outstanding": 0.0
    },
    {
        "calculationDate": "20170526",
        "outstanding": 0.0
    },
    {
        "calculationDate": "20170728",
        "outstanding": 0.0
    },
    {
        "calculationDate": "20161014",
        "outstanding": 8857.0
    },
    {
        "calculationDate": "20161007",
        "outstanding": 10016.0
    },
    {
        "calculationDate": "20160905",
        "outstanding": 0.0
    },
    {
        "calculationDate": "20161222",
        "outstanding": 121.0
    },
    {
        "calculationDate": "20160916",
        "outstanding": 12292.0
    },
    {
        "calculationDate": "20170123",
        "outstanding": 0.0
    },
    {
        "calculationDate": "20170421",
        "outstanding": 1391.0
    },
    {
        "calculationDate": "20170512",
        "outstanding": 10178.0
    },
    {
        "calculationDate": "20170407",
        "outstanding": 10133.0
    },
    {
        "calculationDate": "20170116",
        "outstanding": 8426.0
    },
    {
        "calculationDate": "20170616",
        "outstanding": 0.0
    },
    {
        "calculationDate": "20161122",
        "outstanding": 1017.0
    },
    {
        "calculationDate": "20161215",
        "outstanding": 15230.0
    },
    {
        "calculationDate": "20170519",
        "outstanding": 0.0
    },
    {
        "calculationDate": "20170214",
        "outstanding": 7071.0
    },
    {
        "calculationDate": "20160923",
        "outstanding": 7080.0
    },
    {
        "calculationDate": "20170714",
        "outstanding": 0.0
    },
    {
        "calculationDate": "20161130",
        "outstanding": 2366.0
    },
    {
        "calculationDate": "20160930",
        "outstanding": 9579.0
    },
    {
        "calculationDate": "20170414",
        "outstanding": 11891.0
    },
    {
        "calculationDate": "20161108",
        "outstanding": 9796.0
    },
    {
        "calculationDate": "20161021",
        "outstanding": 3734.0
    }
]