[
    {
        "calculationDate": "20220301",
        "outstanding": 288772.0
    },
    {
        "calculationDate": "20220303",
        "outstanding": 288772.0
    },
    {
        "calculationDate": "20221116",
        "outstanding": 150000.0
    },
    {
        "calculationDate": "20230415",
        "outstanding": 0.0
    },
    {
        "calculationDate": "20211225",
        "outstanding": 53666.0
    },
    {
        "calculationDate": "20220126",
        "outstanding": 232876.0
    },
    {
        "calculationDate": "20211229",
        "outstanding": 54539.0
    },
    {
        "calculationDate": "20211211",
        "outstanding": 5369.0
    },
    {
        "calculationDate": "20211217",
        "outstanding": 9814.0
    },
    {
        "calculationDate": "20220916",
        "outstanding": 195000.0
    },
    {
        "calculationDate": "20220426",
        "outstanding": 76001.0
    },
    {
        "calculationDate": "20220204",
        "outstanding": 305904.0
    },
    {
        "calculationDate": "20211213",
        "outstanding": 8525.0
    },
    {
        "calculationDate": "20220116",
        "outstanding": 194934.0
    },
    {
        "calculationDate": "20211209",
        "outstanding": 4884.0
    },
    {
        "calculationDate": "20220128",
        "outstanding": 100000.0
    },
    {
        "calculationDate": "20220402",
        "outstanding": 95120.0
    },
    {
        "calculationDate": "20220601",
        "outstanding": 0.0
    },
    {
        "calculationDate": "20220305",
        "outstanding": 291201.0
    },
    {
        "calculationDate": "20211223",
        "outstanding": 36665.0
    },
    {
        "calculationDate": "20220418",
        "outstanding": 90524.0
    },
    {
        "calculationDate": "20211231",
        "outstanding": 55819.0
    },
    {
        "calculationDate": "20220903",
        "outstanding": 47811.0
    },
    {
        "calculationDate": "20220621",
        "outstanding": 24150.0
    },
    {
        "calculationDate": "20220408",
        "outstanding": 97264.0
    },
    {
        "calculationDate": "20211227",
        "outstanding": 53891.0
    },
    {
        "calculationDate": "20220806",
        "outstanding": 47811.0
    },
    {
        "calculationDate": "20220707",
        "outstanding": 0.0
    },
    {
        "calculationDate": "20220317",
        "outstanding": 151891.0
    },
    {
        "outstanding": 94764.0
    },
    {
        "calculationDate": "20220502",
        "outstanding": 76120.0
    },
    {
        "calculationDate": "20220914",
        "outstanding": 45000.0
    },
    {
        "calculationDate": "20220805",
        "outstanding": 15000.0
    },
    {
        "calculationDate": "20211215",
        "outstanding": 9709.0
    },
    {
        "calculationDate": "20220112",
        "outstanding": 62534.0
    },
    {
        "calculationDate": "20220512",
        "outstanding": 77898.0
    },
    {
        "calculationDate": "20220325",
        "outstanding": 94833.0
    },
    {
        "calculationDate": "20220315",
        "outstanding": 251674.0
    },
    {
        "calculationDate": "20211219",
        "outstanding": 11753.0
    },
    {
        "calculationDate": "20220110",
        "outstanding": 60669.0
    },
    {
        "calculationDate": "20220118",
        "outstanding": 281809.0
    },
    {
        "calculationDate": "20220705",
        "outstanding": 0.0
    },
    {
        "calculationDate": "20220108",
        "outstanding": 58238.0
    },
    {
        "calculationDate": "20220114",
        "outstanding": 64424.0
    },
    {
        "calculationDate": "20220223",
        "outstanding": 318111.0
    },
    {
        "calculationDate": "20211221",
        "outstanding": 33469.0
    },
    {
        "calculationDate": "20220901",
        "outstanding": 47811.0
    },
    {
        "calculationDate": "20220102",
        "outstanding": 57595.0
    },
    {
        "calculationDate": "20220122",
        "outstanding": 291753.0
    },
    {
        "calculationDate": "20221002",
        "outstanding": 196153.0
    },
    {
        "calculationDate": "20211205",
        "outstanding": 2795.0
    },
    {
        "calculationDate": "20221110",
        "outstanding": 150000.0
    },
    {
        "calculationDate": "20220701",
        "outstanding": 24150.0
    },
    {
        "calculationDate": "20221025",
        "outstanding": 190117.0
    },
    {
        "calculationDate": "20221120",
        "outstanding": 130000.0
    }
]