[
    {
        "calculationDate": "20210113",
        "outstanding": 0.0
    },
    {
        "calculationDate": "20210316",
        "outstanding": 0.0
    },
    {
        "calculationDate": "20220113",
        "outstanding": 0.0
    },
    {
        "calculationDate": "20230302",
        "outstanding": 58917.89
    },
    {
        "calculationDate": "20220412",
        "outstanding": 0.0
    },
    {
        "calculationDate": "20200612",
        "outstanding": 0.0
    },
    {
        "calculationDate": "20230310",
        "outstanding": 61610.75
    },
    {
        "calculationDate": "20220714",
        "outstanding": 0.0
    },
    {
        "calculationDate": "20201113",
        "outstanding": 0.0
    },
    {
        "calculationDate": "20210514",
        "outstanding": 0.0
    },
    {
        "calculationDate": "20220910",
        "outstanding": 7720.0
    },
    {
        "calculationDate": "20211116",
        "outstanding": 0.0
    },
    {
        "calculationDate": "20230410",
        "outstanding": 97716.52
    },
    {
        "calculationDate": "20210511",
        "outstanding": 0.0
    },
    {
        "calculationDate": "20230611",
        "outstanding": 120105.87
    },
    {
        "calculationDate": "20221203",
        "outstanding": 43096.44
    },
    {
        "calculationDate": "20210216",
        "outstanding": 0.0
    },
    {
        "calculationDate": "20201110",
        "outstanding": 0.0
    },
    {
        "calculationDate": "20200414",
        "outstanding": 0.0
    },
    {
        "calculationDate": "20220512",
        "outstanding": 0.0
    },
    {
        "calculationDate": "20210914",
        "outstanding": 0.0
    },
    {
        "calculationDate": "20200410",
        "outstanding": 0.0
    },
    {
        "calculationDate": "20221213",
        "outstanding": 42642.33
    },
    {
        "calculationDate": "20220111",
        "outstanding": 0.0
    },
    {
        "calculationDate": "20210615",
        "outstanding": 0.0
    },
    {
        "calculationDate": "20220414",
        "outstanding": 0.0
    },
    {
        "calculationDate": "20230510",
        "outstanding": 129375.34
    },
    {
        "calculationDate": "20220514",
        "outstanding": 0.0
    },
    {
        "calculationDate": "20200512",
        "outstanding": 0.0
    },
    {
        "calculationDate": "20230529",
        "outstanding": 135408.79
    },
    {
        "calculationDate": "20220212",
        "outstanding": 14770.0
    },
    {
        "calculationDate": "20221210",
        "outstanding": 44142.33
    },
    {
        "calculationDate": "20230328",
        "outstanding": 0.0
    },
    {
        "calculationDate": "20200515",
        "outstanding": 0.0
    },
    {
        "calculationDate": "20200214",
        "outstanding": 0.0
    },
    {
        "calculationDate": "20200616",
        "outstanding": 0.0
    },
    {
        "calculationDate": "20200131",
        "outstanding": 0.0
    },
    {
        "calculationDate": "20221029",
        "outstanding": 50000.0
    },
    {
        "calculationDate": "20221013",
        "outstanding": 44392.0
    },
    {
        "calculationDate": "20200814",
        "outstanding": 0.0
    },
    {
        "calculationDate": "20211012",
        "outstanding": 0.0
    },
    {
        "calculationDate": "20200812",
        "outstanding": 0.0
    },
    {
        "calculationDate": "20200714",
        "outstanding": 0.0
    },
    {
        "calculationDate": "20201211",
        "outstanding": 0.0
    },
    {
        "calculationDate": "20201013",
        "outstanding": 0.0
    },
    {
        "calculationDate": "20211112",
        "outstanding": 0.0
    },
    {
        "calculationDate": "20220208",
        "outstanding": 36491.0
    },
    {
        "calculationDate": "20210212",
        "outstanding": 0.0
    },
    {
        "calculationDate": "20230330",
        "outstanding": 94562.24
    },
    {
        "calculationDate": "20230518",
        "outstanding": 123122.34
    },
    {
        "calculationDate": "20221229",
        "outstanding": 55708.62
    },
    {
        "calculationDate": "20230319",
        "outstanding": 53381.75
    },
    {
        "calculationDate": "20220129",
        "outstanding": 41491.0
    },
    {
        "calculationDate": "20220913",
        "outstanding": 0.0
    },
    {
        "calculationDate": "20220906",
        "outstanding": 0.0
    },
    {
        "calculationDate": "20210413",
        "outstanding": 0.0
    },
    {
        "calculationDate": "20200313",
        "outstanding": 0.0
    },
    {
        "calculationDate": "20220614",
        "outstanding": 0.0
    },
    {
        "calculationDate": "20230212",
        "outstanding": 68031.04
    },
    {
        "calculationDate": "20230426",
        "outstanding": 0.0
    },
    {
        "calculationDate": "20201215",
        "outstanding": 0.0
    },
    {
        "calculationDate": "20211015",
        "outstanding": 0.0
    },
    {
        "calculationDate": "20230428",
        "outstanding": 113059.0
    },
    {
        "calculationDate": "20220901",
        "outstanding": 18886.0
    },
    {
        "calculationDate": "20230528",
        "outstanding": 0.0
    },
    {
        "calculationDate": "20220929",
        "outstanding": 44000.0
    },
    {
        "calculationDate": "20220611",
        "outstanding": 0.0
    },
    {
        "calculationDate": "20230110",
        "outstanding": 58187.06
    },
    {
        "calculationDate": "20220813",
        "outstanding": 23096.0
    },
    {
        "calculationDate": "20230508",
        "outstanding": 124287.27
    },
    {
        "calculationDate": "20220215",
        "outstanding": 0.0
    },
    {
        "calculationDate": "20210611",
        "outstanding": 0.0
    },
    {
        "calculationDate": "20210713",
        "outstanding": 0.0
    },
    {
        "calculationDate": "20200915",
        "outstanding": 0.0
    },
    {
        "calculationDate": "20230313",
        "outstanding": 60131.75
    },
    {
        "calculationDate": "20230531",
        "outstanding": 121408.79
    },
    {
        "calculationDate": "20221027",
        "outstanding": 40000.0
    },
    {
        "calculationDate": "20221130",
        "outstanding": 59507.44
    },
    {
        "calculationDate": "20200911",
        "outstanding": 0.0
    },
    {
        "calculationDate": "20230522",
        "outstanding": 122975.34
    },
    {
        "calculationDate": "20220820",
        "outstanding": 22496.0
    },
    {
        "calculationDate": "20220712",
        "outstanding": 0.0
    },
    {
        "calculationDate": "20230224",
        "outstanding": 64649.89
    },
    {
        "calculationDate": "20200204",
        "outstanding": 0.0
    },
    {
        "calculationDate": "20220210",
        "outstanding": 13991.0
    },
    {
        "calculationDate": "20230321",
        "outstanding": 250.0
    },
    {
        "calculationDate": "20210810",
        "outstanding": 0.0
    },
    {
        "calculationDate": "20230125",
        "outstanding": 68758.61
    },
    {
        "calculationDate": "20220315",
        "outstanding": 0.0
    },
    {
        "calculationDate": "20210115",
        "outstanding": 0.0
    },
    {
        "calculationDate": "20220806",
        "outstanding": 25343.0
    },
    {
        "calculationDate": "20230421",
        "outstanding": 93516.52
    },
    {
        "calculationDate": "20230121",
        "outstanding": 3300.0
    },
    {
        "calculationDate": "20210813",
        "outstanding": 0.0
    },
    {
        "calculationDate": "20230322",
        "outstanding": 0.0
    },
    {
        "calculationDate": "20210910",
        "outstanding": 0.0
    },
    {
        "calculationDate": "20230111",
        "outstanding": 58387.06
    },
    {
        "calculationDate": "20211214",
        "outstanding": 0.0
    }
]