[
    {
        "calculationDate": "20221207",
        "outstanding": 42437.0
    },
    {
        "calculationDate": "20230325",
        "outstanding": 1.0
    },
    {
        "calculationDate": "20230502",
        "outstanding": 0.0
    },
    {
        "calculationDate": "20230408",
        "outstanding": 1.0
    },
    {
        "calculationDate": "20230212",
        "outstanding": 0.0
    },
    {
        "calculationDate": "20221231",
        "outstanding": 0.0
    },
    {
        "calculationDate": "20230209",
        "outstanding": 28789.0
    },
    {
        "calculationDate": "20230101",
        "outstanding": 0.0
    },
    {
        "calculationDate": "20221229",
        "outstanding": 3118.0
    },
    {
        "calculationDate": "20221110",
        "outstanding": 0.0
    },
    {
        "calculationDate": "20221210",
        "outstanding": 0.0
    },
    {
        "calculationDate": "20230315",
        "outstanding": 40143.0
    },
    {
        "calculationDate": "20230208",
        "outstanding": 26534.0
    },
    {
        "calculationDate": "20230302",
        "outstanding": 40900.0
    },
    {
        "calculationDate": "20230221",
        "outstanding": 0.0
    },
    {
        "calculationDate": "20230529",
        "outstanding": 0.0
    },
    {
        "calculationDate": "20230317",
        "outstanding": 40143.0
    },
    {
        "calculationDate": "20221121",
        "outstanding": 32026.0
    },
    {
        "calculationDate": "20230206",
        "outstanding": 22188.0
    },
    {
        "calculationDate": "20230412",
        "outstanding": 0.0
    },
    {
        "calculationDate": "20230516",
        "outstanding": 0.0
    },
    {
        "calculationDate": "20230305",
        "outstanding": 0.0
    },
    {
        "calculationDate": "20221227",
        "outstanding": 0.0
    },
    {
        "calculationDate": "20230306",
        "outstanding": 39893.0
    },
    {
        "calculationDate": "20221111",
        "outstanding": 22570.0
    },
    {
        "calculationDate": "20221120",
        "outstanding": 32583.0
    },
    {
        "calculationDate": "20230222",
        "outstanding": 0.0
    },
    {
        "calculationDate": "20230422",
        "outstanding": 0.0
    },
    {
        "calculationDate": "20230111",
        "outstanding": 0.0
    },
    {
        "calculationDate": "20230523",
        "outstanding": 0.0
    },
    {
        "calculationDate": "20230113",
        "outstanding": 0.0
    },
    {
        "calculationDate": "20230207",
        "outstanding": 22188.0
    }
]