[
    {
        "calculationDate": "20230212",
        "outstanding": 33000.0
    },
    {
        "calculationDate": "20221024",
        "outstanding": 15312.0
    },
    {
        "calculationDate": "20230228",
        "outstanding": 33813.56
    },
    {
        "calculationDate": "20221102",
        "outstanding": 16723.0
    },
    {
        "calculationDate": "20221004",
        "outstanding": 30592.0
    },
    {
        "calculationDate": "20220729",
        "outstanding": 0.0
    },
    {
        "calculationDate": "20220805",
        "outstanding": 25045.0
    },
    {
        "calculationDate": "20220826",
        "outstanding": 44803.0
    },
    {
        "calculationDate": "20220905",
        "outstanding": 0.0
    },
    {
        "calculationDate": "20220804",
        "outstanding": 25045.0
    },
    {
        "calculationDate": "20220829",
        "outstanding": 44803.0
    },
    {
        "calculationDate": "20220928",
        "outstanding": 30000.0
    },
    {
        "calculationDate": "20230101",
        "outstanding": 20000.0
    },
    {
        "calculationDate": "20220831",
        "outstanding": 38455.0
    },
    {
        "calculationDate": "20230319",
        "outstanding": 0.0
    },
    {
        "outstanding": 0.0
    },
    {
        "calculationDate": "20230402",
        "outstanding": 10370.0
    },
    {
        "calculationDate": "20220820",
        "outstanding": 24803.0
    },
    {
        "calculationDate": "20220919",
        "outstanding": 30000.0
    },
    {
        "calculationDate": "20221019",
        "outstanding": 21084.0
    },
    {
        "calculationDate": "20220802",
        "outstanding": 27000.0
    },
    {
        "calculationDate": "20230316",
        "outstanding": 0.0
    },
    {
        "calculationDate": "20230409",
        "outstanding": 0.0
    },
    {
        "calculationDate": "20221014",
        "outstanding": 21084.0
    },
    {
        "calculationDate": "20230430",
        "outstanding": 0.0
    },
    {
        "calculationDate": "20221028",
        "outstanding": 16462.0
    },
    {
        "calculationDate": "20230423",
        "outstanding": 0.0
    },
    {
        "calculationDate": "20230514",
        "outstanding": 0.0
    },
    {
        "calculationDate": "20220902",
        "outstanding": 126.0
    }
]