[
    {
        "calculationDate": "20230330",
        "outstanding": 17711.79
    },
    {
        "calculationDate": "20230316",
        "outstanding": 15160.16
    },
    {
        "calculationDate": "20230327",
        "outstanding": 16493.69
    },
    {
        "calculationDate": "20230405",
        "outstanding": 0.0
    },
    {
        "calculationDate": "20230312",
        "outstanding": 19160.16
    },
    {
        "calculationDate": "20230328",
        "outstanding": 16682.62
    },
    {
        "calculationDate": "20230329",
        "outstanding": 17081.62
    },
    {
        "calculationDate": "20230608",
        "outstanding": 12787.93
    },
    {
        "calculationDate": "20230614",
        "outstanding": 13271.93
    },
    {
        "calculationDate": "20230326",
        "outstanding": 15839.08
    },
    {
        "calculationDate": "20230605",
        "outstanding": 12404.38
    },
    {
        "calculationDate": "20230416",
        "outstanding": 11371.32
    },
    {
        "calculationDate": "20230604",
        "outstanding": 10852.83
    },
    {
        "calculationDate": "20230302",
        "outstanding": 17470.32
    },
    {
        "calculationDate": "20230501",
        "outstanding": 11663.71
    },
    {
        "calculationDate": "20230514",
        "outstanding": 13992.74
    },
    {
        "calculationDate": "20230423",
        "outstanding": 11329.32
    },
    {
        "calculationDate": "20230523",
        "outstanding": 10961.83
    },
    {
        "calculationDate": "20230522",
        "outstanding": 0.0
    },
    {
        "calculationDate": "20230509",
        "outstanding": 13505.74
    },
    {
        "calculationDate": "20230319",
        "outstanding": 15474.5
    },
    {
        "calculationDate": "20230305",
        "outstanding": 18576.16
    },
    {
        "calculationDate": "20230320",
        "outstanding": 4652.33
    },
    {
        "calculationDate": "20230323",
        "outstanding": 15118.24
    },
    {
        "calculationDate": "20230402",
        "outstanding": 17711.79
    },
    {
        "calculationDate": "20230228",
        "outstanding": 16122.8
    },
    {
        "calculationDate": "20230403",
        "outstanding": 18093.18
    },
    {
        "calculationDate": "20230301",
        "outstanding": 16912.69
    },
    {
        "calculationDate": "20230404",
        "outstanding": 11371.78
    },
    {
        "calculationDate": "20230308",
        "outstanding": 19165.16
    },
    {
        "calculationDate": "20230322",
        "outstanding": 15003.51
    },
    {
        "calculationDate": "20230503",
        "outstanding": 12023.76
    },
    {
        "calculationDate": "20230226",
        "outstanding": 15420.98
    },
    {
        "calculationDate": "20230515",
        "outstanding": 14248.7
    },
    {
        "calculationDate": "20230531",
        "outstanding": 10961.83
    },
    {
        "calculationDate": "20230612",
        "outstanding": 12781.93
    }
]