[
    {
        "calculationDate": "20210923",
        "outstanding": 99896.0
    },
    {
        "calculationDate": "20210708",
        "outstanding": 99409.0
    },
    {
        "calculationDate": "20211007",
        "outstanding": 99996.0
    },
    {
        "calculationDate": "20210816",
        "outstanding": 99996.0
    },
    {
        "calculationDate": "20211004",
        "outstanding": 50396.0
    },
    {
        "calculationDate": "20210809",
        "outstanding": 97309.0
    },
    {
        "calculationDate": "20210722",
        "outstanding": 99909.0
    },
    {
        "calculationDate": "20210812",
        "outstanding": 100000.0
    },
    {
        "calculationDate": "20210927",
        "outstanding": 0.0
    },
    {
        "calculationDate": "20210712",
        "outstanding": 99909.0
    },
    {
        "calculationDate": "20211014",
        "outstanding": 99996.0
    },
    {
        "calculationDate": "20211018",
        "outstanding": 0.0
    },
    {
        "calculationDate": "20210628",
        "outstanding": 0.0
    },
    {
        "calculationDate": "20210624",
        "outstanding": 1190.0
    },
    {
        "calculationDate": "20211118",
        "outstanding": 0.0
    },
    {
        "calculationDate": "20210701",
        "outstanding": 49900.0
    },
    {
        "calculationDate": "20210906",
        "outstanding": 97096.0
    },
    {
        "calculationDate": "20210823",
        "outstanding": 99996.0
    },
    {
        "calculationDate": "20210913",
        "outstanding": 99896.0
    },
    {
        "calculationDate": "20210705",
        "outstanding": 49538.0
    }
]