[
    {
        "calculationDate": "20220907",
        "outstanding": 55609.0
    },
    {
        "calculationDate": "20220801",
        "outstanding": 319.0
    },
    {
        "calculationDate": "20220422",
        "outstanding": 25793.0
    },
    {
        "calculationDate": "20220803",
        "outstanding": 26000.0
    },
    {
        "calculationDate": "20230602",
        "outstanding": 57422.35
    },
    {
        "calculationDate": "20221003",
        "outstanding": 57942.0
    },
    {
        "calculationDate": "20230105",
        "outstanding": 63163.38
    },
    {
        "calculationDate": "20220824",
        "outstanding": 33635.0
    },
    {
        "calculationDate": "20220427",
        "outstanding": 30207.0
    },
    {
        "calculationDate": "20220706",
        "outstanding": 48459.0
    },
    {
        "calculationDate": "20220718",
        "outstanding": 48934.0
    },
    {
        "calculationDate": "20220704",
        "outstanding": 48310.0
    },
    {
        "calculationDate": "20221021",
        "outstanding": 0.0
    },
    {
        "calculationDate": "20230605",
        "outstanding": 58576.64
    },
    {
        "calculationDate": "20220720",
        "outstanding": 52516.0
    },
    {
        "calculationDate": "20220506",
        "outstanding": 46321.0
    },
    {
        "calculationDate": "20220930",
        "outstanding": 55475.0
    },
    {
        "calculationDate": "20230410",
        "outstanding": 6016.23
    },
    {
        "calculationDate": "20220413",
        "outstanding": 0.0
    },
    {
        "calculationDate": "20221005",
        "outstanding": 60109.0
    },
    {
        "calculationDate": "20230519",
        "outstanding": 58198.73
    },
    {
        "calculationDate": "20221031",
        "outstanding": 0.0
    },
    {
        "calculationDate": "20220729",
        "outstanding": 0.0
    },
    {
        "calculationDate": "20230407",
        "outstanding": 897.21
    },
    {
        "calculationDate": "20230302",
        "outstanding": 60030.35
    },
    {
        "calculationDate": "20220509",
        "outstanding": 46902.0
    },
    {
        "calculationDate": "20230228",
        "outstanding": 59302.23
    },
    {
        "calculationDate": "20221231",
        "outstanding": 61609.16
    },
    {
        "calculationDate": "20221012",
        "outstanding": 59600.0
    },
    {
        "calculationDate": "20221026",
        "outstanding": 9650.0
    },
    {
        "calculationDate": "20220905",
        "outstanding": 52303.0
    },
    {
        "calculationDate": "20230417",
        "outstanding": 59998.73
    },
    {
        "calculationDate": "20230603",
        "outstanding": 57690.35
    },
    {
        "calculationDate": "20221028",
        "outstanding": 3.0
    },
    {
        "calculationDate": "20220513",
        "outstanding": 45702.0
    },
    {
        "calculationDate": "20220727",
        "outstanding": 59177.0
    },
    {
        "calculationDate": "20220622",
        "outstanding": 49910.0
    },
    {
        "calculationDate": "20220831",
        "outstanding": 42335.0
    },
    {
        "calculationDate": "20230414",
        "outstanding": 6878.75
    },
    {
        "calculationDate": "20220415",
        "outstanding": 19789.0
    },
    {
        "calculationDate": "20220826",
        "outstanding": 41615.0
    },
    {
        "calculationDate": "20230316",
        "outstanding": 59587.36
    },
    {
        "calculationDate": "20230413",
        "outstanding": 16152.25
    },
    {
        "calculationDate": "20221130",
        "outstanding": 61384.26
    },
    {
        "calculationDate": "20220815",
        "outstanding": 26071.0
    },
    {
        "calculationDate": "20230601",
        "outstanding": 56898.67
    },
    {
        "calculationDate": "20230109",
        "outstanding": 63566.56
    },
    {
        "calculationDate": "20230404",
        "outstanding": 0.0
    },
    {
        "calculationDate": "20220725",
        "outstanding": 56389.0
    },
    {
        "calculationDate": "20220701",
        "outstanding": 48310.0
    },
    {
        "calculationDate": "20230612",
        "outstanding": 59344.29
    },
    {
        "calculationDate": "20220617",
        "outstanding": 48230.0
    },
    {
        "calculationDate": "20220502",
        "outstanding": 39427.0
    },
    {
        "calculationDate": "20230411",
        "outstanding": 8829.28
    },
    {
        "calculationDate": "20220722",
        "outstanding": 55575.0
    },
    {
        "calculationDate": "20230331",
        "outstanding": 60713.03
    },
    {
        "calculationDate": "20221017",
        "outstanding": 59978.0
    },
    {
        "calculationDate": "20220516",
        "outstanding": 46617.0
    },
    {
        "calculationDate": "20220603",
        "outstanding": 49730.0
    },
    {
        "calculationDate": "20220928",
        "outstanding": 54648.0
    },
    {
        "calculationDate": "20220518",
        "outstanding": 49730.0
    }
]