[
    {
        "calculationDate": "20221222",
        "outstanding": 39000.0
    },
    {
        "calculationDate": "20220816",
        "outstanding": 47355.0
    },
    {
        "calculationDate": "20221212",
        "outstanding": 46000.0
    },
    {
        "calculationDate": "20220702",
        "outstanding": 48543.0
    },
    {
        "calculationDate": "20220507",
        "outstanding": 50000.0
    },
    {
        "calculationDate": "20230119",
        "outstanding": 49799.0
    },
    {
        "calculationDate": "20230404",
        "outstanding": 50000.0
    },
    {
        "calculationDate": "20230425",
        "outstanding": 50000.0
    },
    {
        "calculationDate": "20230501",
        "outstanding": 50000.0
    },
    {
        "calculationDate": "20221006",
        "outstanding": 42640.0
    },
    {
        "calculationDate": "20220730",
        "outstanding": 50455.0
    },
    {
        "calculationDate": "20220510",
        "outstanding": 50000.0
    },
    {
        "calculationDate": "20230114",
        "outstanding": 49600.0
    },
    {
        "calculationDate": "20221230",
        "outstanding": 50000.0
    },
    {
        "calculationDate": "20221015",
        "outstanding": 0.0
    },
    {
        "calculationDate": "20220728",
        "outstanding": 50455.0
    },
    {
        "calculationDate": "20221022",
        "outstanding": 49900.0
    },
    {
        "calculationDate": "20230601",
        "outstanding": 50000.0
    },
    {
        "calculationDate": "20221029",
        "outstanding": 49900.0
    },
    {
        "calculationDate": "20220818",
        "outstanding": 35776.0
    },
    {
        "calculationDate": "20220809",
        "outstanding": 50344.0
    },
    {
        "calculationDate": "20230209",
        "outstanding": 50000.0
    },
    {
        "calculationDate": "20221125",
        "outstanding": 49000.0
    },
    {
        "calculationDate": "20220705",
        "outstanding": 49783.0
    },
    {
        "calculationDate": "20230125",
        "outstanding": 49799.0
    },
    {
        "calculationDate": "20220820",
        "outstanding": 0.0
    },
    {
        "calculationDate": "20221011",
        "outstanding": 44882.0
    },
    {
        "calculationDate": "20230203",
        "outstanding": 40000.0
    },
    {
        "calculationDate": "20230325",
        "outstanding": 50000.0
    },
    {
        "calculationDate": "20221020",
        "outstanding": 40000.0
    },
    {
        "calculationDate": "20230304",
        "outstanding": 50000.0
    },
    {
        "calculationDate": "20221004",
        "outstanding": 36672.0
    },
    {
        "calculationDate": "20220830",
        "outstanding": 0.0
    },
    {
        "calculationDate": "20221018",
        "outstanding": 10000.0
    },
    {
        "calculationDate": "20230106",
        "outstanding": 49371.9
    },
    {
        "calculationDate": "20220827",
        "outstanding": 0.0
    },
    {
        "calculationDate": "20220929",
        "outstanding": 32506.0
    },
    {
        "calculationDate": "20220528",
        "outstanding": 51100.0
    },
    {
        "calculationDate": "20221108",
        "outstanding": 49000.0
    },
    {
        "calculationDate": "20220714",
        "outstanding": 46783.0
    },
    {
        "calculationDate": "20230525",
        "outstanding": 50590.0
    },
    {
        "calculationDate": "20230105",
        "outstanding": 48520.8
    },
    {
        "calculationDate": "20221021",
        "outstanding": 40000.0
    },
    {
        "calculationDate": "20221217",
        "outstanding": 9541.0
    },
    {
        "calculationDate": "20220920",
        "outstanding": 21010.0
    },
    {
        "calculationDate": "20220927",
        "outstanding": 18947.0
    },
    {
        "calculationDate": "20221225",
        "outstanding": 39000.0
    },
    {
        "calculationDate": "20230103",
        "outstanding": 46328.15
    },
    {
        "calculationDate": "20220618",
        "outstanding": 48000.0
    },
    {
        "calculationDate": "20220726",
        "outstanding": 49532.0
    },
    {
        "calculationDate": "20220505",
        "outstanding": 50000.0
    },
    {
        "calculationDate": "20221214",
        "outstanding": 40000.0
    },
    {
        "calculationDate": "20220503",
        "outstanding": 50000.0
    },
    {
        "calculationDate": "20230225",
        "outstanding": 50000.0
    },
    {
        "calculationDate": "20221008",
        "outstanding": 46589.0
    },
    {
        "calculationDate": "20230402",
        "outstanding": 0.0
    }
]