[
    {
        "calculationDate": "20230108",
        "outstanding": 19371.04
    },
    {
        "calculationDate": "20230320",
        "outstanding": 23337.13
    },
    {
        "calculationDate": "20230228",
        "outstanding": 35494.63
    },
    {
        "calculationDate": "20221126",
        "outstanding": 633.0
    },
    {
        "calculationDate": "20230523",
        "outstanding": 149.0
    },
    {
        "calculationDate": "20230309",
        "outstanding": 34602.92
    },
    {
        "calculationDate": "20230312",
        "outstanding": 35555.13
    },
    {
        "calculationDate": "20230305",
        "outstanding": 36241.92
    },
    {
        "calculationDate": "20230302",
        "outstanding": 35494.63
    },
    {
        "calculationDate": "20230425",
        "outstanding": 0.0
    },
    {
        "calculationDate": "20230402",
        "outstanding": 23437.13
    },
    {
        "calculationDate": "20221201"
    },
    {
        "calculationDate": "20221205",
        "outstanding": 17321.04
    },
    {
        "calculationDate": "20230220",
        "outstanding": 36494.63
    },
    {
        "calculationDate": "20221214",
        "outstanding": 18241.04
    },
    {
        "calculationDate": "20230405",
        "outstanding": 0.0
    },
    {
        "calculationDate": "20221221",
        "outstanding": 18341.04
    },
    {
        "calculationDate": "20230531",
        "outstanding": 0.0
    },
    {
        "calculationDate": "20221213",
        "outstanding": 17751.04
    },
    {
        "calculationDate": "20230205",
        "outstanding": 36062.38
    },
    {
        "calculationDate": "20230110",
        "outstanding": 29864.83
    },
    {
        "calculationDate": "20230214",
        "outstanding": 37552.38
    },
    {
        "calculationDate": "20221228",
        "outstanding": 18341.04
    },
    {
        "calculationDate": "20230420",
        "outstanding": 149.0
    },
    {
        "calculationDate": "20230517",
        "outstanding": 0.0
    },
    {
        "calculationDate": "20230226",
        "outstanding": 35494.63
    },
    {
        "calculationDate": "20221226",
        "outstanding": 18341.04
    },
    {
        "calculationDate": "20230129",
        "outstanding": 34446.89
    },
    {
        "calculationDate": "20221130",
        "outstanding": 933.0
    },
    {
        "calculationDate": "20230109",
        "outstanding": 29634.83
    },
    {
        "calculationDate": "20221127",
        "outstanding": 833.0
    },
    {
        "calculationDate": "20230115",
        "outstanding": 30354.83
    },
    {
        "calculationDate": "20221208",
        "outstanding": 17951.04
    },
    {
        "calculationDate": "20230327",
        "outstanding": 23437.13
    },
    {
        "calculationDate": "20230503",
        "outstanding": 480.75
    },
    {
        "calculationDate": "20221231",
        "outstanding": 18341.04
    },
    {
        "calculationDate": "20221120",
        "outstanding": 200.0
    },
    {
        "calculationDate": "20230403",
        "outstanding": 24158.34
    },
    {
        "calculationDate": "20221128",
        "outstanding": 933.0
    },
    {
        "calculationDate": "20221123",
        "outstanding": 300.0
    },
    {
        "calculationDate": "20230131",
        "outstanding": 34446.89
    },
    {
        "calculationDate": "20221203",
        "outstanding": 17121.04
    },
    {
        "calculationDate": "20230122",
        "outstanding": 28386.89
    },
    {
        "calculationDate": "20221117",
        "outstanding": 100.0
    },
    {
        "calculationDate": "20230207",
        "outstanding": 37062.38
    },
    {
        "calculationDate": "20221202",
        "outstanding": 11899.24
    }
]