[
    {
        "calculationDate": "20200305",
        "outstanding": 64470.0
    },
    {
        "calculationDate": "20190909",
        "outstanding": 49897.0
    },
    {
        "calculationDate": "20191031",
        "outstanding": 47275.0
    },
    {
        "calculationDate": "20200106",
        "outstanding": 60623.0
    },
    {
        "calculationDate": "20200210",
        "outstanding": 0.0
    },
    {
        "calculationDate": "20200326",
        "outstanding": 77302.0
    },
    {
        "calculationDate": "20200316",
        "outstanding": 20282.0
    },
    {
        "calculationDate": "20200116",
        "outstanding": 49978.0
    },
    {
        "calculationDate": "20200423",
        "outstanding": 0.0
    },
    {
        "calculationDate": "20191017",
        "outstanding": 50275.0
    },
    {
        "calculationDate": "20191024",
        "outstanding": 47275.0
    },
    {
        "calculationDate": "20191215",
        "outstanding": 49000.0
    },
    {
        "calculationDate": "20200113",
        "outstanding": 49978.0
    },
    {
        "calculationDate": "20190805",
        "outstanding": 51845.0
    },
    {
        "calculationDate": "20191224",
        "outstanding": 55170.0
    },
    {
        "calculationDate": "20191209",
        "outstanding": 0.0
    },
    {
        "calculationDate": "20200103",
        "outstanding": 59952.0
    },
    {
        "calculationDate": "20200309",
        "outstanding": 69242.0
    },
    {
        "calculationDate": "20200312",
        "outstanding": 19242.0
    },
    {
        "calculationDate": "20190903",
        "outstanding": 68502.0
    },
    {
        "calculationDate": "20190905",
        "outstanding": 61703.0
    },
    {
        "calculationDate": "20190722",
        "outstanding": 1490.0
    },
    {
        "calculationDate": "20191130",
        "outstanding": 42000.0
    },
    {
        "calculationDate": "20200220",
        "outstanding": 49999.0
    },
    {
        "calculationDate": "20200416",
        "outstanding": 22426.0
    },
    {
        "calculationDate": "20191124",
        "outstanding": 45000.0
    },
    {
        "calculationDate": "20200511",
        "outstanding": 0.0
    },
    {
        "calculationDate": "20191014",
        "outstanding": 39897.0
    },
    {
        "calculationDate": "20200109",
        "outstanding": 60886.0
    },
    {
        "calculationDate": "20200420",
        "outstanding": 0.0
    },
    {
        "calculationDate": "20200406",
        "outstanding": 49809.0
    },
    {
        "calculationDate": "20200402",
        "outstanding": 34083.0
    },
    {
        "calculationDate": "20200207",
        "outstanding": 49978.0
    },
    {
        "calculationDate": "20190916",
        "outstanding": 49897.0
    },
    {
        "calculationDate": "20191226",
        "outstanding": 58387.0
    },
    {
        "calculationDate": "20200330",
        "outstanding": 78880.0
    },
    {
        "calculationDate": "20190819",
        "outstanding": 53617.0
    },
    {
        "calculationDate": "20200413",
        "outstanding": 66781.0
    },
    {
        "calculationDate": "20191111",
        "outstanding": 0.0
    },
    {
        "calculationDate": "20191010",
        "outstanding": 0.0
    },
    {
        "calculationDate": "20190829",
        "outstanding": 15471.0
    },
    {
        "calculationDate": "20200323",
        "outstanding": 74085.0
    },
    {
        "calculationDate": "20190801",
        "outstanding": 51490.0
    },
    {
        "calculationDate": "20190822",
        "outstanding": 49617.0
    },
    {
        "calculationDate": "20191117",
        "outstanding": 50000.0
    },
    {
        "calculationDate": "20190718",
        "outstanding": 0.0
    },
    {
        "calculationDate": "20200213",
        "outstanding": 0.0
    },
    {
        "calculationDate": "20191230",
        "outstanding": 59183.0
    },
    {
        "calculationDate": "20200409",
        "outstanding": 64491.0
    },
    {
        "calculationDate": "20200319",
        "outstanding": 24085.0
    },
    {
        "calculationDate": "20190826",
        "outstanding": 0.0
    },
    {
        "calculationDate": "20190812",
        "outstanding": 53617.0
    }
]