[
    {
        "calculationDate": "20230503",
        "outstanding": 223105.44
    },
    {
        "calculationDate": "20200608",
        "outstanding": 0.0
    },
    {
        "calculationDate": "20220530",
        "outstanding": 0.0
    },
    {
        "calculationDate": "20201221",
        "outstanding": 0.0
    },
    {
        "calculationDate": "20230403",
        "outstanding": 80649.4
    },
    {
        "calculationDate": "20220814",
        "outstanding": 113224.0
    },
    {
        "calculationDate": "20230320",
        "outstanding": 78864.92
    },
    {
        "calculationDate": "20210902",
        "outstanding": 7300.0
    },
    {
        "calculationDate": "20221026",
        "outstanding": 3164.0
    },
    {
        "calculationDate": "20220427",
        "outstanding": 56815.0
    },
    {
        "calculationDate": "20211117",
        "outstanding": 28153.0
    },
    {
        "calculationDate": "20230501",
        "outstanding": 219141.63
    },
    {
        "calculationDate": "20210430",
        "outstanding": 49789.0
    },
    {
        "calculationDate": "20220210",
        "outstanding": 11975.0
    },
    {
        "calculationDate": "20220710",
        "outstanding": 30389.0
    },
    {
        "calculationDate": "20211222",
        "outstanding": 21661.0
    },
    {
        "calculationDate": "20210602",
        "outstanding": 30162.0
    },
    {
        "calculationDate": "20220906",
        "outstanding": 58040.0
    },
    {
        "calculationDate": "20220724",
        "outstanding": 0.0
    },
    {
        "calculationDate": "20230228",
        "outstanding": 60384.46
    },
    {
        "calculationDate": "20221123",
        "outstanding": 76950.69
    },
    {
        "calculationDate": "20201217",
        "outstanding": 3454.0
    },
    {
        "calculationDate": "20211011",
        "outstanding": 0.0
    },
    {
        "calculationDate": "20230330",
        "outstanding": 79345.41
    },
    {
        "calculationDate": "20220626",
        "outstanding": 27978.0
    },
    {
        "calculationDate": "20220929",
        "outstanding": 69447.0
    },
    {
        "calculationDate": "20220703",
        "outstanding": 27978.0
    },
    {
        "calculationDate": "20221029",
        "outstanding": 0.0
    },
    {
        "calculationDate": "20221210",
        "outstanding": 205476.44
    },
    {
        "calculationDate": "20220803",
        "outstanding": 56839.0
    },
    {
        "calculationDate": "20221220",
        "outstanding": 133478.19
    },
    {
        "calculationDate": "20230612",
        "outstanding": 65669.73
    },
    {
        "calculationDate": "20201022",
        "outstanding": 0.0
    },
    {
        "calculationDate": "20211223",
        "outstanding": 0.0
    },
    {
        "calculationDate": "20230126",
        "outstanding": 476.82
    },
    {
        "calculationDate": "20220731",
        "outstanding": 17988.0
    },
    {
        "calculationDate": "20220126",
        "outstanding": 12302.0
    },
    {
        "calculationDate": "20221212",
        "outstanding": 130884.84
    },
    {
        "calculationDate": "20220825",
        "outstanding": 73978.0
    },
    {
        "calculationDate": "20221027",
        "outstanding": 4839.0
    },
    {
        "calculationDate": "20220127",
        "outstanding": 11609.0
    },
    {
        "calculationDate": "20230112",
        "outstanding": 144446.63
    },
    {
        "calculationDate": "20230131",
        "outstanding": 15446.82
    },
    {
        "calculationDate": "20220216",
        "outstanding": 0.0
    },
    {
        "calculationDate": "20200930",
        "outstanding": 0.0
    },
    {
        "outstanding": 17648.0
    },
    {
        "calculationDate": "20221219",
        "outstanding": 131675.09
    },
    {
        "calculationDate": "20220125",
        "outstanding": 11090.0
    },
    {
        "calculationDate": "20201215",
        "outstanding": 14187.0
    },
    {
        "calculationDate": "20220118",
        "outstanding": 7536.0
    },
    {
        "calculationDate": "20211219",
        "outstanding": 16140.0
    },
    {
        "calculationDate": "20211207",
        "outstanding": 24791.0
    },
    {
        "calculationDate": "20221113",
        "outstanding": 72852.23
    },
    {
        "calculationDate": "20210629",
        "outstanding": 0.0
    },
    {
        "calculationDate": "20210517",
        "outstanding": 8620.0
    },
    {
        "calculationDate": "20210831",
        "outstanding": 5012.0
    },
    {
        "calculationDate": "20221011",
        "outstanding": 71062.0
    },
    {
        "calculationDate": "20211027",
        "outstanding": 1286.0
    },
    {
        "calculationDate": "20221128",
        "outstanding": 78719.69
    },
    {
        "calculationDate": "20230209",
        "outstanding": 51922.46
    },
    {
        "calculationDate": "20230426",
        "outstanding": 219141.63
    },
    {
        "calculationDate": "20211123",
        "outstanding": 28328.0
    },
    {
        "calculationDate": "20230605",
        "outstanding": 3054.62
    },
    {
        "calculationDate": "20210408",
        "outstanding": 44222.0
    },
    {
        "calculationDate": "20221120",
        "outstanding": 79962.19
    },
    {
        "calculationDate": "20221005",
        "outstanding": 70635.0
    },
    {
        "calculationDate": "20211115",
        "outstanding": 22359.0
    },
    {
        "calculationDate": "20221117",
        "outstanding": 79214.71
    },
    {
        "calculationDate": "20220801",
        "outstanding": 49186.0
    },
    {
        "calculationDate": "20220119",
        "outstanding": 9540.0
    },
    {
        "calculationDate": "20201015",
        "outstanding": 0.0
    },
    {
        "calculationDate": "20201126",
        "outstanding": 10536.0
    },
    {
        "calculationDate": "20230515",
        "outstanding": 218301.25
    },
    {
        "calculationDate": "20210903",
        "outstanding": 7500.0
    },
    {
        "calculationDate": "20210119",
        "outstanding": 1274.0
    },
    {
        "calculationDate": "20230608",
        "outstanding": 19948.06
    },
    {
        "calculationDate": "20211220",
        "outstanding": 19232.0
    },
    {
        "calculationDate": "20230117",
        "outstanding": 4446.63
    },
    {
        "calculationDate": "20201005",
        "outstanding": 19482.0
    },
    {
        "calculationDate": "20230205",
        "outstanding": 48049.46
    },
    {
        "calculationDate": "20220630",
        "outstanding": 27978.0
    },
    {
        "calculationDate": "20210330",
        "outstanding": 0.0
    },
    {
        "calculationDate": "20201008",
        "outstanding": 12977.0
    },
    {
        "calculationDate": "20210803",
        "outstanding": 3241.0
    },
    {
        "calculationDate": "20230108",
        "outstanding": 140034.07
    },
    {
        "calculationDate": "20220424",
        "outstanding": 52155.0
    },
    {
        "calculationDate": "20200803",
        "outstanding": 0.0
    },
    {
        "calculationDate": "20211128",
        "outstanding": 41938.0
    },
    {
        "calculationDate": "20221129",
        "outstanding": 78971.94
    },
    {
        "calculationDate": "20220809",
        "outstanding": 98079.0
    },
    {
        "calculationDate": "20211114",
        "outstanding": 21822.0
    },
    {
        "calculationDate": "20220316",
        "outstanding": 0.0
    },
    {
        "calculationDate": "20220410",
        "outstanding": 48982.0
    },
    {
        "calculationDate": "20220429",
        "outstanding": 59385.0
    },
    {
        "calculationDate": "20230524",
        "outstanding": 184151.04
    },
    {
        "calculationDate": "20220823",
        "outstanding": 70526.0
    },
    {
        "calculationDate": "20230118",
        "outstanding": 5213.88
    },
    {
        "calculationDate": "20220426",
        "outstanding": 53515.0
    },
    {
        "calculationDate": "20221215",
        "outstanding": 131083.22
    },
    {
        "calculationDate": "20210519",
        "outstanding": 0.0
    },
    {
        "calculationDate": "20210405",
        "outstanding": 16929.0
    },
    {
        "calculationDate": "20230518",
        "outstanding": 196416.48
    },
    {
        "calculationDate": "20220418",
        "outstanding": 6667.0
    },
    {
        "calculationDate": "20230308",
        "outstanding": 4057.69
    },
    {
        "calculationDate": "20210729",
        "outstanding": 0.0
    },
    {
        "calculationDate": "20220109",
        "outstanding": 21613.0
    },
    {
        "calculationDate": "20221115",
        "outstanding": 78229.93
    },
    {
        "calculationDate": "20210507",
        "outstanding": 0.0
    },
    {
        "calculationDate": "20201212",
        "outstanding": 2945.0
    },
    {
        "calculationDate": "20211209",
        "outstanding": 25536.0
    },
    {
        "calculationDate": "20230409",
        "outstanding": 0.0
    },
    {
        "calculationDate": "20211208",
        "outstanding": 25236.0
    },
    {
        "calculationDate": "20230202",
        "outstanding": 60940.82
    },
    {
        "calculationDate": "20200901",
        "outstanding": 0.0
    },
    {
        "calculationDate": "20221209",
        "outstanding": 75611.9
    },
    {
        "calculationDate": "20230522",
        "outstanding": 177657.58
    },
    {
        "calculationDate": "20210331",
        "outstanding": 0.0
    },
    {
        "calculationDate": "20221108",
        "outstanding": 65602.87
    },
    {
        "calculationDate": "20230402",
        "outstanding": 79489.56
    },
    {
        "calculationDate": "20211121",
        "outstanding": 26802.0
    },
    {
        "calculationDate": "20210927",
        "outstanding": 359.0
    },
    {
        "calculationDate": "20220916",
        "outstanding": 57704.0
    },
    {
        "calculationDate": "20230309",
        "outstanding": 77379.37
    },
    {
        "calculationDate": "20230423",
        "outstanding": 279141.63
    },
    {
        "calculationDate": "20220907",
        "outstanding": 59704.0
    },
    {
        "calculationDate": "20221010",
        "outstanding": 70824.0
    },
    {
        "calculationDate": "20211107",
        "outstanding": 16603.0
    },
    {
        "calculationDate": "20220704",
        "outstanding": 28375.0
    },
    {
        "calculationDate": "20230208",
        "outstanding": 51632.46
    },
    {
        "calculationDate": "20220824",
        "outstanding": 70582.0
    },
    {
        "calculationDate": "20211101",
        "outstanding": 1791.0
    },
    {
        "calculationDate": "20230312",
        "outstanding": 78028.02
    },
    {
        "calculationDate": "20211129",
        "outstanding": 44797.0
    },
    {
        "calculationDate": "20211004",
        "outstanding": 1167.0
    },
    {
        "calculationDate": "20210604",
        "outstanding": 0.0
    },
    {
        "calculationDate": "20211109",
        "outstanding": 19489.0
    },
    {
        "calculationDate": "20230129",
        "outstanding": 1476.82
    },
    {
        "calculationDate": "20210120",
        "outstanding": 0.0
    },
    {
        "calculationDate": "20210426",
        "outstanding": 49789.0
    },
    {
        "calculationDate": "20220616",
        "outstanding": 9010.0
    },
    {
        "calculationDate": "20210907",
        "outstanding": 7790.0
    },
    {
        "calculationDate": "20221231",
        "outstanding": 139781.82
    },
    {
        "calculationDate": "20211216",
        "outstanding": 10886.0
    },
    {
        "calculationDate": "20221101",
        "outstanding": 13029.53
    },
    {
        "calculationDate": "20220606",
        "outstanding": 0.0
    },
    {
        "calculationDate": "20211205",
        "outstanding": 21268.0
    },
    {
        "calculationDate": "20220808",
        "outstanding": 82253.0
    },
    {
        "calculationDate": "20210202",
        "outstanding": 3114.0
    },
    {
        "calculationDate": "20230201",
        "outstanding": 55361.82
    },
    {
        "calculationDate": "20211212"
    },
    {
        "calculationDate": "20221114",
        "outstanding": 74537.71
    },
    {
        "calculationDate": "20201012",
        "outstanding": 11409.0
    },
    {
        "calculationDate": "20220902",
        "outstanding": 78318.0
    },
    {
        "calculationDate": "20210901",
        "outstanding": 5068.0
    },
    {
        "calculationDate": "20210920",
        "outstanding": 0.0
    },
    {
        "calculationDate": "20211206",
        "outstanding": 23302.0
    },
    {
        "calculationDate": "20220419",
        "outstanding": 33638.0
    },
    {
        "calculationDate": "20211124",
        "outstanding": 37791.0
    },
    {
        "calculationDate": "20210512",
        "outstanding": 6243.0
    },
    {
        "calculationDate": "20221004",
        "outstanding": 69511.0
    },
    {
        "calculationDate": "20210601",
        "outstanding": 28319.0
    },
    {
        "calculationDate": "20230119",
        "outstanding": 97.38
    },
    {
        "calculationDate": "20230517",
        "outstanding": 194492.82
    },
    {
        "calculationDate": "20200720",
        "outstanding": 0.0
    },
    {
        "calculationDate": "20210528",
        "outstanding": 17576.0
    },
    {
        "calculationDate": "20220802",
        "outstanding": 53913.0
    },
    {
        "calculationDate": "20230614",
        "outstanding": 69132.9
    },
    {
        "calculationDate": "20220417",
        "outstanding": 4014.0
    },
    {
        "calculationDate": "20220913",
        "outstanding": 59989.0
    },
    {
        "calculationDate": "20211108",
        "outstanding": 17342.0
    },
    {
        "calculationDate": "20210908",
        "outstanding": 9661.0
    },
    {
        "calculationDate": "20210527",
        "outstanding": 13870.0
    },
    {
        "calculationDate": "20211214",
        "outstanding": 40886.0
    },
    {
        "calculationDate": "20220819",
        "outstanding": 95318.0
    },
    {
        "calculationDate": "20220414",
        "outstanding": 0.0
    },
    {
        "calculationDate": "20220717",
        "outstanding": 29088.0
    },
    {
        "calculationDate": "20220714",
        "outstanding": 30488.0
    },
    {
        "calculationDate": "20221013",
        "outstanding": 0.0
    },
    {
        "calculationDate": "20220810",
        "outstanding": 100476.0
    },
    {
        "calculationDate": "20220619"
    },
    {
        "calculationDate": "20211118",
        "outstanding": 25137.0
    },
    {
        "calculationDate": "20221216",
        "outstanding": 131476.09
    },
    {
        "calculationDate": "20230606",
        "outstanding": 17365.36
    },
    {
        "calculationDate": "20211110",
        "outstanding": 21319.0
    },
    {
        "calculationDate": "20220905",
        "outstanding": 78323.0
    },
    {
        "calculationDate": "20210525",
        "outstanding": 7704.0
    },
    {
        "calculationDate": "20210802",
        "outstanding": 1171.0
    },
    {
        "calculationDate": "20221201",
        "outstanding": 79224.19
    },
    {
        "calculationDate": "20220807",
        "outstanding": 63744.0
    },
    {
        "calculationDate": "20210406",
        "outstanding": 41402.0
    },
    {
        "calculationDate": "20211221",
        "outstanding": 20802.0
    },
    {
        "calculationDate": "20211125",
        "outstanding": 40189.0
    },
    {
        "calculationDate": "20221204",
        "outstanding": 79476.44
    },
    {
        "calculationDate": "20220421",
        "outstanding": 35278.0
    },
    {
        "calculationDate": "20201231",
        "outstanding": 7762.0
    },
    {
        "calculationDate": "20220110",
        "outstanding": 4264.0
    },
    {
        "calculationDate": "20220425",
        "outstanding": 52615.0
    },
    {
        "calculationDate": "20230528",
        "outstanding": 0.0
    },
    {
        "calculationDate": "20221025",
        "outstanding": 2259.0
    },
    {
        "calculationDate": "20210407",
        "outstanding": 43402.0
    },
    {
        "calculationDate": "20220826",
        "outstanding": 78280.0
    },
    {
        "calculationDate": "20220124",
        "outstanding": 10068.0
    },
    {
        "calculationDate": "20221223",
        "outstanding": 139325.19
    },
    {
        "calculationDate": "20220411",
        "outstanding": 49081.0
    },
    {
        "calculationDate": "20230509",
        "outstanding": 223105.44
    },
    {
        "calculationDate": "20210531",
        "outstanding": 19150.0
    },
    {
        "calculationDate": "20220412",
        "outstanding": 54473.0
    },
    {
        "calculationDate": "20230219",
        "outstanding": 52422.46
    },
    {
        "calculationDate": "20230525",
        "outstanding": 184590.66
    },
    {
        "calculationDate": "20211130",
        "outstanding": 45240.0
    },
    {
        "calculationDate": "20230305",
        "outstanding": 65042.68
    },
    {
        "calculationDate": "20220102",
        "outstanding": 1040.0
    },
    {
        "calculationDate": "20221205",
        "outstanding": 80611.9
    },
    {
        "calculationDate": "20221214",
        "outstanding": 130949.84
    },
    {
        "calculationDate": "20221130",
        "outstanding": 78971.94
    },
    {
        "calculationDate": "20220203",
        "outstanding": 11916.0
    },
    {
        "calculationDate": "20210526",
        "outstanding": 11729.0
    },
    {
        "calculationDate": "20220815",
        "outstanding": 91280.0
    },
    {
        "calculationDate": "20210511",
        "outstanding": 2772.0
    },
    {
        "calculationDate": "20210204",
        "outstanding": 0.0
    },
    {
        "calculationDate": "20221110",
        "outstanding": 63602.87
    },
    {
        "calculationDate": "20201130",
        "outstanding": 0.0
    },
    {
        "calculationDate": "20230109",
        "outstanding": 142957.63
    },
    {
        "calculationDate": "20230420",
        "outstanding": 168101.0
    },
    {
        "calculationDate": "20221211",
        "outstanding": 205884.84
    },
    {
        "calculationDate": "20230516",
        "outstanding": 189529.71
    },
    {
        "calculationDate": "20210513",
        "outstanding": 7766.0
    },
    {
        "calculationDate": "20220919",
        "outstanding": 57809.0
    },
    {
        "calculationDate": "20201124",
        "outstanding": 8516.0
    },
    {
        "calculationDate": "20221031",
        "outstanding": 7949.74
    },
    {
        "calculationDate": "20230316",
        "outstanding": 78573.72
    },
    {
        "calculationDate": "20210913",
        "outstanding": 10154.0
    },
    {
        "calculationDate": "20220822",
        "outstanding": 104895.0
    },
    {
        "calculationDate": "20210413",
        "outstanding": 49730.0
    },
    {
        "calculationDate": "20230523",
        "outstanding": 179315.51
    },
    {
        "calculationDate": "20220928",
        "outstanding": 63653.0
    },
    {
        "calculationDate": "20230514",
        "outstanding": 229353.67
    },
    {
        "calculationDate": "20210105",
        "outstanding": 0.0
    },
    {
        "calculationDate": "20210928",
        "outstanding": 967.0
    },
    {
        "calculationDate": "20210518",
        "outstanding": 32631.0
    },
    {
        "calculationDate": "20220120",
        "outstanding": 9980.0
    },
    {
        "calculationDate": "20201214",
        "outstanding": 10130.0
    },
    {
        "calculationDate": "20210412",
        "outstanding": 48718.0
    },
    {
        "calculationDate": "20211213",
        "outstanding": 41189.0
    },
    {
        "calculationDate": "20210909",
        "outstanding": 9984.0
    },
    {
        "calculationDate": "20230220",
        "outstanding": 52521.46
    },
    {
        "calculationDate": "20220503",
        "outstanding": 0.0
    }
]