[
    {
        "calculationDate": "20191228",
        "outstanding": 0.0
    },
    {
        "calculationDate": "20200418",
        "outstanding": 0.0
    },
    {
        "calculationDate": "20200406",
        "outstanding": 51799.0
    },
    {
        "calculationDate": "20191212",
        "outstanding": 0.0
    },
    {
        "calculationDate": "20190528",
        "outstanding": 13188.0
    },
    {
        "calculationDate": "20190831",
        "outstanding": 0.0
    },
    {
        "calculationDate": "20200410",
        "outstanding": 3585.0
    },
    {
        "calculationDate": "20191010",
        "outstanding": 47571.0
    },
    {
        "calculationDate": "20191028",
        "outstanding": 61360.0
    },
    {
        "calculationDate": "20190610",
        "outstanding": 18156.0
    },
    {
        "calculationDate": "20190531",
        "outstanding": 0.0
    },
    {
        "calculationDate": "20191204",
        "outstanding": 37171.0
    },
    {
        "calculationDate": "20200228",
        "outstanding": 22326.0
    },
    {
        "calculationDate": "20200215",
        "outstanding": 0.0
    },
    {
        "calculationDate": "20190627",
        "outstanding": 0.0
    },
    {
        "calculationDate": "20191128",
        "outstanding": 44667.0
    },
    {
        "calculationDate": "20200124",
        "outstanding": 0.0
    },
    {
        "calculationDate": "20190731",
        "outstanding": 0.0
    },
    {
        "calculationDate": "20200328",
        "outstanding": 50223.0
    },
    {
        "calculationDate": "20191111",
        "outstanding": 19740.0
    },
    {
        "calculationDate": "20190930",
        "outstanding": 26735.0
    },
    {
        "calculationDate": "20190928",
        "outstanding": 27849.0
    },
    {
        "calculationDate": "20190428",
        "outstanding": 0.0
    },
    {
        "calculationDate": "20191102",
        "outstanding": 59830.0
    },
    {
        "calculationDate": "20200313",
        "outstanding": 36009.0
    },
    {
        "calculationDate": "20200114",
        "outstanding": 0.0
    }
]