[
    {
        "calculationDate": "20180831",
        "outstanding": 0.0
    },
    {
        "calculationDate": "20181106"
    },
    {
        "calculationDate": "20171129",
        "outstanding": 0.0
    },
    {
        "calculationDate": "20180213",
        "outstanding": 2940.0
    },
    {
        "calculationDate": "20170914",
        "outstanding": 0.0
    },
    {
        "calculationDate": "20170807",
        "outstanding": 1638.0
    },
    {
        "calculationDate": "20180503",
        "outstanding": 22.0
    },
    {
        "calculationDate": "20170927",
        "outstanding": 1374.0
    },
    {
        "calculationDate": "20171013",
        "outstanding": 0.0
    },
    {
        "calculationDate": "20180514",
        "outstanding": 0.0
    },
    {
        "calculationDate": "20180109",
        "outstanding": 535.0
    },
    {
        "calculationDate": "20171231",
        "outstanding": 0.0
    },
    {
        "calculationDate": "20190201",
        "outstanding": 26.0
    },
    {
        "calculationDate": "20180301",
        "outstanding": 399.0
    },
    {
        "calculationDate": "20190430",
        "outstanding": 0.0
    },
    {
        "calculationDate": "20180430",
        "outstanding": 0.0
    },
    {
        "calculationDate": "20170801",
        "outstanding": 38.0
    },
    {
        "calculationDate": "20190331",
        "outstanding": 0.0
    },
    {
        "calculationDate": "20170811",
        "outstanding": 0.0
    },
    {
        "calculationDate": "20171114",
        "outstanding": 699.0
    },
    {
        "calculationDate": "20180731",
        "outstanding": 0.0
    },
    {
        "calculationDate": "20181229",
        "outstanding": 0.0
    },
    {
        "calculationDate": "20171027",
        "outstanding": 0.0
    },
    {
        "calculationDate": "20170929",
        "outstanding": 0.0
    },
    {
        "calculationDate": "20180930",
        "outstanding": 0.0
    },
    {
        "calculationDate": "20180314",
        "outstanding": 0.0
    },
    {
        "calculationDate": "20180630",
        "outstanding": 0.0
    },
    {
        "calculationDate": "20190131",
        "outstanding": 0.0
    },
    {
        "calculationDate": "20190507",
        "outstanding": 0.0
    },
    {
        "calculationDate": "20181114",
        "outstanding": 0.0
    },
    {
        "calculationDate": "20181031",
        "outstanding": 0.0
    },
    {
        "calculationDate": "20180205",
        "outstanding": 1940.0
    },
    {
        "calculationDate": "20180214",
        "outstanding": 0.0
    },
    {
        "calculationDate": "20190214",
        "outstanding": 0.0
    },
    {
        "calculationDate": "20171107",
        "outstanding": 4977.0
    },
    {
        "calculationDate": "20171026",
        "outstanding": 2925.0
    },
    {
        "calculationDate": "20180112",
        "outstanding": 0.0
    },
    {
        "calculationDate": "20181228",
        "outstanding": 586.0
    }
]