[
    {
        "calculationDate": "20210811",
        "outstanding": 12388.0
    },
    {
        "calculationDate": "20211203",
        "outstanding": 44347.0
    },
    {
        "calculationDate": "20160211",
        "outstanding": 28661.0
    },
    {
        "calculationDate": "20220403",
        "outstanding": 96549.0
    },
    {
        "calculationDate": "20150914",
        "outstanding": 22085.0
    },
    {
        "calculationDate": "20200110",
        "outstanding": 49620.0
    },
    {
        "calculationDate": "20200311",
        "outstanding": 73049.0
    },
    {
        "calculationDate": "20120713",
        "outstanding": 14747.0
    },
    {
        "calculationDate": "20160412",
        "outstanding": 27184.0
    },
    {
        "calculationDate": "20160304",
        "outstanding": 28477.0
    },
    {
        "calculationDate": "20220211",
        "outstanding": 78970.0
    },
    {
        "calculationDate": "20210610",
        "outstanding": 117457.0
    },
    {
        "calculationDate": "20220806",
        "outstanding": 21510.0
    },
    {
        "calculationDate": "20181212",
        "outstanding": 53060.0
    },
    {
        "calculationDate": "20161230",
        "outstanding": 25985.0
    },
    {
        "calculationDate": "20210701",
        "outstanding": 1178.0
    },
    {
        "calculationDate": "20190302",
        "outstanding": 73861.0
    },
    {
        "calculationDate": "20211028",
        "outstanding": 28963.0
    },
    {
        "calculationDate": "20201112",
        "outstanding": 106313.0
    },
    {
        "calculationDate": "20181111",
        "outstanding": 55303.0
    },
    {
        "calculationDate": "20171112",
        "outstanding": 26722.0
    },
    {
        "calculationDate": "20140112",
        "outstanding": 27994.0
    },
    {
        "calculationDate": "20210427",
        "outstanding": 113715.0
    },
    {
        "calculationDate": "20151211",
        "outstanding": 27837.0
    },
    {
        "calculationDate": "20180309",
        "outstanding": 31468.0
    },
    {
        "calculationDate": "20191125",
        "outstanding": 51286.0
    },
    {
        "calculationDate": "20210511",
        "outstanding": 114596.0
    },
    {
        "calculationDate": "20170609",
        "outstanding": 20158.0
    },
    {
        "calculationDate": "20220116",
        "outstanding": 59867.0
    },
    {
        "calculationDate": "20150315",
        "outstanding": 27981.0
    },
    {
        "calculationDate": "20150624",
        "outstanding": 27747.0
    },
    {
        "calculationDate": "20170111",
        "outstanding": 26145.0
    },
    {
        "calculationDate": "20210210",
        "outstanding": 119644.0
    },
    {
        "calculationDate": "20190130",
        "outstanding": 69692.0
    },
    {
        "calculationDate": "20201124",
        "outstanding": 112584.0
    },
    {
        "calculationDate": "20130718",
        "outstanding": 0.0
    },
    {
        "calculationDate": "20200911",
        "outstanding": 87873.0
    },
    {
        "calculationDate": "20210813",
        "outstanding": 16888.0
    },
    {
        "calculationDate": "20160902",
        "outstanding": 30364.0
    },
    {
        "calculationDate": "20131030",
        "outstanding": 16668.0
    },
    {
        "calculationDate": "20180411",
        "outstanding": 30032.0
    },
    {
        "calculationDate": "20220522",
        "outstanding": 117913.0
    },
    {
        "calculationDate": "20170312",
        "outstanding": 23535.0
    },
    {
        "calculationDate": "20210526",
        "outstanding": 108562.0
    },
    {
        "calculationDate": "20180713",
        "outstanding": 32012.0
    },
    {
        "calculationDate": "20140729",
        "outstanding": 27789.0
    },
    {
        "calculationDate": "20181030",
        "outstanding": 54952.0
    },
    {
        "calculationDate": "20170410",
        "outstanding": 22391.0
    },
    {
        "calculationDate": "20211123",
        "outstanding": 56097.0
    },
    {
        "calculationDate": "20180225",
        "outstanding": 31298.0
    },
    {
        "calculationDate": "20220727",
        "outstanding": 0.0
    },
    {
        "calculationDate": "20150901",
        "outstanding": 25815.0
    },
    {
        "calculationDate": "20211030",
        "outstanding": 31353.0
    },
    {
        "calculationDate": "20220901",
        "outstanding": 55222.0
    },
    {
        "calculationDate": "20210805",
        "outstanding": 400.0
    },
    {
        "calculationDate": "20220802",
        "outstanding": 4000.0
    },
    {
        "calculationDate": "20191210",
        "outstanding": 51717.0
    },
    {
        "calculationDate": "20220327",
        "outstanding": 81754.0
    },
    {
        "calculationDate": "20220102",
        "outstanding": 58620.0
    },
    {
        "calculationDate": "20140213",
        "outstanding": 26581.0
    },
    {
        "calculationDate": "20121016",
        "outstanding": 206.0
    },
    {
        "calculationDate": "20211201",
        "outstanding": 44273.0
    },
    {
        "calculationDate": "20210301",
        "outstanding": 115246.0
    },
    {
        "calculationDate": "20170201",
        "outstanding": 24644.0
    },
    {
        "calculationDate": "20120309",
        "outstanding": 17013.0
    },
    {
        "calculationDate": "20150805",
        "outstanding": 27124.0
    },
    {
        "calculationDate": "20210807",
        "outstanding": 12168.0
    },
    {
        "calculationDate": "20211002",
        "outstanding": 31529.0
    },
    {
        "calculationDate": "20211109",
        "outstanding": 34467.0
    },
    {
        "calculationDate": "20170910",
        "outstanding": 25977.0
    },
    {
        "calculationDate": "20200510",
        "outstanding": 73050.0
    },
    {
        "calculationDate": "20220108",
        "outstanding": 59625.0
    },
    {
        "calculationDate": "20210126",
        "outstanding": 118643.0
    },
    {
        "calculationDate": "20220920",
        "outstanding": 78388.0
    },
    {
        "calculationDate": "20150730",
        "outstanding": 27124.0
    },
    {
        "calculationDate": "20220309",
        "outstanding": 83029.0
    },
    {
        "calculationDate": "20191226",
        "outstanding": 49214.0
    },
    {
        "calculationDate": "20201210",
        "outstanding": 113535.0
    },
    {
        "calculationDate": "20200428",
        "outstanding": 72440.0
    },
    {
        "calculationDate": "20110307",
        "outstanding": 13322.0
    },
    {
        "calculationDate": "20150803",
        "outstanding": 27124.0
    },
    {
        "calculationDate": "20201010"
    },
    {
        "calculationDate": "20180102",
        "outstanding": 30593.0
    },
    {
        "calculationDate": "20200609",
        "outstanding": 70739.0
    },
    {
        "calculationDate": "20170712",
        "outstanding": 19111.0
    },
    {
        "calculationDate": "20171031",
        "outstanding": 26571.0
    },
    {
        "calculationDate": "20110825",
        "outstanding": 15068.0
    },
    {
        "calculationDate": "20180511",
        "outstanding": 28381.0
    },
    {
        "calculationDate": "20220201",
        "outstanding": 67640.0
    },
    {
        "calculationDate": "20160112",
        "outstanding": 27784.0
    },
    {
        "calculationDate": "20151119",
        "outstanding": 28916.0
    },
    {
        "calculationDate": "20170428",
        "outstanding": 21097.0
    },
    {
        "calculationDate": "20220112",
        "outstanding": 59867.0
    },
    {
        "calculationDate": "20221002",
        "outstanding": 100429.0
    },
    {
        "calculationDate": "20210815",
        "outstanding": 23015.0
    },
    {
        "calculationDate": "20180426",
        "outstanding": 28178.0
    },
    {
        "calculationDate": "20160925",
        "outstanding": 27442.0
    },
    {
        "calculationDate": "20210831",
        "outstanding": 32019.0
    },
    {
        "calculationDate": "20210910",
        "outstanding": 32074.0
    },
    {
        "calculationDate": "20220810",
        "outstanding": 33332.0
    },
    {
        "calculationDate": "20170327",
        "outstanding": 22231.0
    },
    {
        "calculationDate": "20220130",
        "outstanding": 68588.0
    },
    {
        "calculationDate": "20180718",
        "outstanding": 30387.0
    },
    {
        "calculationDate": "20230110",
        "outstanding": 155311.67
    },
    {
        "calculationDate": "20230324",
        "outstanding": 179286.94
    },
    {
        "calculationDate": "20220502",
        "outstanding": 113556.0
    },
    {
        "calculationDate": "20190610",
        "outstanding": 750.0
    },
    {
        "calculationDate": "20160130",
        "outstanding": 27317.0
    },
    {
        "calculationDate": "20220303",
        "outstanding": 82696.0
    },
    {
        "calculationDate": "20181001",
        "outstanding": 56646.0
    },
    {
        "calculationDate": "20220909",
        "outstanding": 81926.0
    },
    {
        "calculationDate": "20140611",
        "outstanding": 18007.0
    },
    {
        "calculationDate": "20180111",
        "outstanding": 30750.0
    },
    {
        "calculationDate": "20210310",
        "outstanding": 115900.0
    },
    {
        "calculationDate": "20150227",
        "outstanding": 27809.0
    },
    {
        "calculationDate": "20141010",
        "outstanding": 26231.0
    },
    {
        "calculationDate": "20180601",
        "outstanding": 29128.0
    },
    {
        "calculationDate": "20120627",
        "outstanding": 16164.0
    },
    {
        "calculationDate": "20180811",
        "outstanding": 41151.0
    },
    {
        "calculationDate": "20200630",
        "outstanding": 68162.0
    },
    {
        "calculationDate": "20191026",
        "outstanding": 53493.0
    },
    {
        "calculationDate": "20190926",
        "outstanding": 47716.0
    },
    {
        "calculationDate": "20190210",
        "outstanding": 77098.0
    },
    {
        "calculationDate": "20110731",
        "outstanding": 14968.0
    },
    {
        "calculationDate": "20160711",
        "outstanding": 23205.0
    },
    {
        "calculationDate": "20220828",
        "outstanding": 55108.0
    },
    {
        "calculationDate": "20220205",
        "outstanding": 78691.0
    },
    {
        "calculationDate": "20151020",
        "outstanding": 30235.0
    },
    {
        "calculationDate": "20211231",
        "outstanding": 43989.0
    },
    {
        "calculationDate": "20221102",
        "outstanding": 99815.0
    },
    {
        "calculationDate": "20211107",
        "outstanding": 34338.0
    },
    {
        "calculationDate": "20151202",
        "outstanding": 27627.0
    },
    {
        "calculationDate": "20210720",
        "outstanding": 0.0
    },
    {
        "calculationDate": "20131129",
        "outstanding": 11714.0
    },
    {
        "calculationDate": "20171013",
        "outstanding": 28106.0
    },
    {
        "calculationDate": "20181231",
        "outstanding": 50631.0
    },
    {
        "calculationDate": "20150219",
        "outstanding": 29566.0
    },
    {
        "calculationDate": "20200410",
        "outstanding": 75957.0
    },
    {
        "calculationDate": "20180201",
        "outstanding": 28980.0
    },
    {
        "calculationDate": "20150604",
        "outstanding": 25835.0
    },
    {
        "calculationDate": "20200528",
        "outstanding": 70233.0
    },
    {
        "calculationDate": "20200817",
        "outstanding": 69147.0
    },
    {
        "calculationDate": "20191112",
        "outstanding": 54002.0
    },
    {
        "calculationDate": "20150702",
        "outstanding": 27640.0
    },
    {
        "calculationDate": "20170513",
        "outstanding": 21228.0
    },
    {
        "calculationDate": "20190410",
        "outstanding": 76776.0
    },
    {
        "calculationDate": "20220301",
        "outstanding": 78588.0
    },
    {
        "calculationDate": "20210821",
        "outstanding": 31586.0
    },
    {
        "calculationDate": "20181126",
        "outstanding": 52678.0
    },
    {
        "calculationDate": "20170210",
        "outstanding": 24835.0
    },
    {
        "calculationDate": "20210902",
        "outstanding": 32025.0
    },
    {
        "calculationDate": "20200925",
        "outstanding": 108492.0
    },
    {
        "calculationDate": "20141118",
        "outstanding": 25014.0
    },
    {
        "calculationDate": "20211010",
        "outstanding": 31658.0
    },
    {
        "calculationDate": "20120529",
        "outstanding": 17148.0
    },
    {
        "calculationDate": "20180210",
        "outstanding": 29129.0
    },
    {
        "calculationDate": "20111125",
        "outstanding": 16269.0
    },
    {
        "calculationDate": "20160907",
        "outstanding": 28978.0
    },
    {
        "calculationDate": "20170727",
        "outstanding": 18024.0
    },
    {
        "calculationDate": "20230426",
        "outstanding": 183509.89
    },
    {
        "calculationDate": "20160310",
        "outstanding": 28594.0
    },
    {
        "calculationDate": "20230526",
        "outstanding": 185427.9
    },
    {
        "calculationDate": "20211127",
        "outstanding": 44237.0
    },
    {
        "calculationDate": "20220923",
        "outstanding": 90888.0
    },
    {
        "calculationDate": "20211211",
        "outstanding": 44456.0
    },
    {
        "calculationDate": "20150328",
        "outstanding": 27840.0
    },
    {
        "calculationDate": "20161028",
        "outstanding": 28738.0
    },
    {
        "calculationDate": "20200727",
        "outstanding": 66008.0
    },
    {
        "calculationDate": "20221128",
        "outstanding": 110038.66
    },
    {
        "calculationDate": "20181009",
        "outstanding": 57500.0
    },
    {
        "calculationDate": "20180901",
        "outstanding": 56598.0
    },
    {
        "calculationDate": "20161124",
        "outstanding": 27264.0
    },
    {
        "calculationDate": "20220510",
        "outstanding": 114023.0
    },
    {
        "calculationDate": "20160806",
        "outstanding": 20634.0
    },
    {
        "calculationDate": "20150910",
        "outstanding": 25921.0
    },
    {
        "calculationDate": "20230223",
        "outstanding": 149862.04
    },
    {
        "calculationDate": "20220526",
        "outstanding": 116001.0
    },
    {
        "calculationDate": "20200811",
        "outstanding": 73957.0
    },
    {
        "calculationDate": "20211125",
        "outstanding": 73933.0
    },
    {
        "calculationDate": "20221114"
    },
    {
        "calculationDate": "20191017",
        "outstanding": 54280.0
    },
    {
        "calculationDate": "20111106",
        "outstanding": 16118.0
    },
    {
        "calculationDate": "20120820",
        "outstanding": 21434.0
    },
    {
        "calculationDate": "20160916",
        "outstanding": 29098.0
    },
    {
        "calculationDate": "20171212",
        "outstanding": 32207.0
    },
    {
        "calculationDate": "20160511",
        "outstanding": 25790.0
    },
    {
        "calculationDate": "20160610",
        "outstanding": 24442.0
    },
    {
        "calculationDate": "20170303",
        "outstanding": 23427.0
    },
    {
        "calculationDate": "20210817",
        "outstanding": 30071.0
    },
    {
        "calculationDate": "20201031",
        "outstanding": 105770.0
    },
    {
        "calculationDate": "20120508",
        "outstanding": 17051.0
    },
    {
        "calculationDate": "20190311",
        "outstanding": 74127.0
    },
    {
        "calculationDate": "20201224",
        "outstanding": 115444.0
    },
    {
        "calculationDate": "20190811",
        "outstanding": 5410.0
    },
    {
        "calculationDate": "20200211",
        "outstanding": 47590.0
    },
    {
        "calculationDate": "20110507",
        "outstanding": 18401.0
    },
    {
        "calculationDate": "20111110",
        "outstanding": 16118.0
    },
    {
        "calculationDate": "20210328",
        "outstanding": 111729.0
    },
    {
        "calculationDate": "20220621",
        "outstanding": 601.0
    },
    {
        "calculationDate": "20200712",
        "outstanding": 68583.0
    },
    {
        "calculationDate": "20110314",
        "outstanding": 13363.0
    },
    {
        "calculationDate": "20161109",
        "outstanding": 28958.0
    },
    {
        "calculationDate": "20171130",
        "outstanding": 25181.0
    },
    {
        "calculationDate": "20190829",
        "outstanding": 43064.0
    },
    {
        "calculationDate": "20190109",
        "outstanding": 50891.0
    },
    {
        "calculationDate": "20150428",
        "outstanding": 27814.0
    },
    {
        "calculationDate": "20150511",
        "outstanding": 28000.0
    },
    {
        "calculationDate": "20160601",
        "outstanding": 24330.0
    },
    {
        "calculationDate": "20191010",
        "outstanding": 54280.0
    },
    {
        "calculationDate": "20170531",
        "outstanding": 20035.0
    },
    {
        "calculationDate": "20110213",
        "outstanding": 15150.0
    },
    {
        "calculationDate": "20150813",
        "outstanding": 27280.0
    },
    {
        "calculationDate": "20190910",
        "outstanding": 43254.0
    },
    {
        "calculationDate": "20220609",
        "outstanding": 116902.0
    },
    {
        "calculationDate": "20130309",
        "outstanding": 24956.0
    },
    {
        "calculationDate": "20221009",
        "outstanding": 100787.0
    },
    {
        "calculationDate": "20121127",
        "outstanding": 0.0
    },
    {
        "calculationDate": "20160802",
        "outstanding": 21943.0
    },
    {
        "calculationDate": "20220619",
        "outstanding": 0.0
    },
    {
        "calculationDate": "20200323",
        "outstanding": 75309.0
    },
    {
        "calculationDate": "20230424",
        "outstanding": 188296.58
    },
    {
        "calculationDate": "20190423",
        "outstanding": 0.0
    },
    {
        "calculationDate": "20150801",
        "outstanding": 27124.0
    },
    {
        "calculationDate": "20210111",
        "outstanding": 116473.0
    },
    {
        "calculationDate": "20220514",
        "outstanding": 114023.0
    },
    {
        "calculationDate": "20140424",
        "outstanding": 24764.0
    },
    {
        "calculationDate": "20190704",
        "outstanding": 0.0
    },
    {
        "calculationDate": "20211101",
        "outstanding": 31417.0
    },
    {
        "calculationDate": "20220627",
        "outstanding": 0.0
    },
    {
        "calculationDate": "20210825",
        "outstanding": 32232.0
    },
    {
        "calculationDate": "20210709",
        "outstanding": 1178.0
    },
    {
        "calculationDate": "20160426",
        "outstanding": 25592.0
    },
    {
        "calculationDate": "20210411",
        "outstanding": 112594.0
    },
    {
        "calculationDate": "20220420",
        "outstanding": 114396.0
    },
    {
        "calculationDate": "20170901",
        "outstanding": 22289.0
    },
    {
        "calculationDate": "20180628",
        "outstanding": 31770.0
    },
    {
        "calculationDate": "20180910",
        "outstanding": 59267.0
    },
    {
        "calculationDate": "20190511",
        "outstanding": 0.0
    },
    {
        "calculationDate": "20161212",
        "outstanding": 27508.0
    },
    {
        "calculationDate": "20230323",
        "outstanding": 183068.16
    },
    {
        "calculationDate": "20161013",
        "outstanding": 27721.0
    },
    {
        "calculationDate": "20220203",
        "outstanding": 67710.0
    },
    {
        "calculationDate": "20211225",
        "outstanding": 43646.0
    },
    {
        "calculationDate": "20160701",
        "outstanding": 23074.0
    },
    {
        "calculationDate": "20110723",
        "outstanding": 15852.0
    },
    {
        "calculationDate": "20220227",
        "outstanding": 79960.0
    },
    {
        "calculationDate": "20230125",
        "outstanding": 152783.99
    },
    {
        "calculationDate": "20150411",
        "outstanding": 28026.0
    },
    {
        "calculationDate": "20230529",
        "outstanding": 180135.51
    },
    {
        "calculationDate": "20150610",
        "outstanding": 29063.0
    },
    {
        "calculationDate": "20150111",
        "outstanding": 28949.0
    },
    {
        "calculationDate": "20220809",
        "outstanding": 21552.0
    },
    {
        "calculationDate": "20190401",
        "outstanding": 76397.0
    },
    {
        "calculationDate": "20220902",
        "outstanding": 81604.0
    },
    {
        "calculationDate": "20190712",
        "outstanding": 0.0
    },
    {
        "calculationDate": "20151228",
        "outstanding": 27573.0
    },
    {
        "calculationDate": "20200225",
        "outstanding": 51692.0
    },
    {
        "calculationDate": "20170904",
        "outstanding": 21111.0
    },
    {
        "calculationDate": "20110327",
        "outstanding": 11431.0
    },
    {
        "calculationDate": "20180610",
        "outstanding": 33615.0
    },
    {
        "calculationDate": "20160812",
        "outstanding": 20687.0
    },
    {
        "calculationDate": "20210928",
        "outstanding": 31028.0
    },
    {
        "calculationDate": "20200127",
        "outstanding": 47226.0
    },
    {
        "calculationDate": "20220410",
        "outstanding": 96886.0
    }
]