[
    {
        "calculationDate": "20221106",
        "outstanding": 1900.0
    },
    {
        "calculationDate": "20221129",
        "outstanding": 16793.26
    },
    {
        "calculationDate": "20230407",
        "outstanding": 16097.93
    },
    {
        "calculationDate": "20230309",
        "outstanding": 7400.0
    },
    {
        "calculationDate": "20221204",
        "outstanding": 21730.26
    },
    {
        "calculationDate": "20230306",
        "outstanding": 8000.0
    },
    {
        "calculationDate": "20221122",
        "outstanding": 2500.0
    },
    {
        "calculationDate": "20230317",
        "outstanding": 7490.0
    },
    {
        "calculationDate": "20221004",
        "outstanding": 1000.0
    },
    {
        "calculationDate": "20230304",
        "outstanding": 8000.0
    },
    {
        "calculationDate": "20230429",
        "outstanding": 1700.0
    },
    {
        "calculationDate": "20230112",
        "outstanding": 5472.0
    },
    {
        "calculationDate": "20230406",
        "outstanding": 73874.04
    },
    {
        "calculationDate": "20230516",
        "outstanding": 1992.0
    },
    {
        "calculationDate": "20230413",
        "outstanding": 7097.93
    },
    {
        "calculationDate": "20221211",
        "outstanding": 9553.25
    },
    {
        "calculationDate": "20221206",
        "outstanding": 8874.25
    },
    {
        "calculationDate": "20221011",
        "outstanding": 0.0
    },
    {
        "calculationDate": "20221228",
        "outstanding": 2882.78
    },
    {
        "calculationDate": "20230121",
        "outstanding": 3272.0
    },
    {
        "calculationDate": "20221018",
        "outstanding": 10900.0
    },
    {
        "calculationDate": "20230314",
        "outstanding": 24390.0
    },
    {
        "calculationDate": "20230606",
        "outstanding": 0.0
    },
    {
        "calculationDate": "20230404",
        "outstanding": 65016.07
    },
    {
        "calculationDate": "20230520",
        "outstanding": 3652.8
    },
    {
        "calculationDate": "20230221",
        "outstanding": 17600.0
    },
    {
        "calculationDate": "20230219",
        "outstanding": 13749.0
    },
    {
        "calculationDate": "20221227",
        "outstanding": 4187.0
    },
    {
        "calculationDate": "20230603",
        "outstanding": 3562.8
    },
    {
        "calculationDate": "20221113",
        "outstanding": 4722.5
    },
    {
        "calculationDate": "20230402",
        "outstanding": 4110.98
    },
    {
        "calculationDate": "20221008",
        "outstanding": 0.0
    },
    {
        "calculationDate": "20230507",
        "outstanding": 0.0
    },
    {
        "calculationDate": "20230522",
        "outstanding": 1652.8
    },
    {
        "calculationDate": "20221006",
        "outstanding": 1000.0
    },
    {
        "calculationDate": "20221225",
        "outstanding": 3457.0
    },
    {
        "calculationDate": "20230420",
        "outstanding": 0.0
    },
    {
        "calculationDate": "20221123",
        "outstanding": 3625.0
    }
]