[
    {
        "calculationDate": "20230402",
        "outstanding": 0.0
    },
    {
        "calculationDate": "20221004",
        "outstanding": 0.0
    },
    {
        "calculationDate": "20220606",
        "outstanding": 0.0
    },
    {
        "calculationDate": "20230411",
        "outstanding": 2520.42
    },
    {
        "calculationDate": "20230323",
        "outstanding": 0.0
    },
    {
        "calculationDate": "20220207",
        "outstanding": 0.0
    },
    {
        "calculationDate": "20230326",
        "outstanding": 0.0
    },
    {
        "calculationDate": "20230409",
        "outstanding": 2704.42
    },
    {
        "calculationDate": "20220415",
        "outstanding": 0.0
    },
    {
        "calculationDate": "20230413",
        "outstanding": 1620.42
    },
    {
        "calculationDate": "20220309",
        "outstanding": 0.0
    },
    {
        "outstanding": 1490.0
    },
    {
        "calculationDate": "20220216",
        "outstanding": 0.0
    },
    {
        "calculationDate": "20230507",
        "outstanding": 2690.36
    },
    {
        "calculationDate": "20220905",
        "outstanding": 0.0
    },
    {
        "calculationDate": "20220503",
        "outstanding": 0.0
    },
    {
        "calculationDate": "20230430",
        "outstanding": 1472.76
    },
    {
        "calculationDate": "20230416",
        "outstanding": 1922.34
    },
    {
        "calculationDate": "20230427",
        "outstanding": 0.0
    },
    {
        "calculationDate": "20230514",
        "outstanding": 0.0
    },
    {
        "calculationDate": "20230504",
        "outstanding": 2690.36
    },
    {
        "calculationDate": "20230604",
        "outstanding": 0.0
    },
    {
        "calculationDate": "20230418",
        "outstanding": 1652.0
    },
    {
        "calculationDate": "20230423",
        "outstanding": 0.0
    },
    {
        "calculationDate": "20220405",
        "outstanding": 0.0
    },
    {
        "calculationDate": "20230406",
        "outstanding": 1621.08
    },
    {
        "calculationDate": "20220704",
        "outstanding": 0.0
    },
    {
        "calculationDate": "20230328",
        "outstanding": 0.0
    },
    {
        "calculationDate": "20230425",
        "outstanding": 1411.2
    },
    {
        "calculationDate": "20220802",
        "outstanding": 0.0
    }
]