[
    {
        "calculationDate": "20180412",
        "outstanding": 11270.0
    },
    {
        "calculationDate": "20190221",
        "outstanding": 0.0
    },
    {
        "calculationDate": "20180101",
        "outstanding": 1190.0
    },
    {
        "calculationDate": "20190110",
        "outstanding": 51935.0
    },
    {
        "calculationDate": "20171228",
        "outstanding": 0.0
    },
    {
        "calculationDate": "20180223",
        "outstanding": 0.0
    },
    {
        "calculationDate": "20180321",
        "outstanding": 14086.0
    },
    {
        "calculationDate": "20190418",
        "outstanding": 22619.0
    },
    {
        "calculationDate": "20190613",
        "outstanding": 0.0
    },
    {
        "calculationDate": "20180726",
        "outstanding": 41753.0
    },
    {
        "calculationDate": "20180226",
        "outstanding": 0.0
    },
    {
        "calculationDate": "20180115",
        "outstanding": 0.0
    },
    {
        "calculationDate": "20180307",
        "outstanding": 0.0
    },
    {
        "calculationDate": "20180809",
        "outstanding": 22390.0
    },
    {
        "calculationDate": "20181220",
        "outstanding": 21801.0
    },
    {
        "outstanding": 15390.0
    },
    {
        "calculationDate": "20181029",
        "outstanding": 41561.0
    },
    {
        "calculationDate": "20181227",
        "outstanding": 34550.0
    },
    {
        "calculationDate": "20190329",
        "outstanding": 12291.0
    },
    {
        "calculationDate": "20180416",
        "outstanding": 4976.0
    },
    {
        "calculationDate": "20190319",
        "outstanding": 0.0
    },
    {
        "calculationDate": "20180328",
        "outstanding": 1363.0
    },
    {
        "calculationDate": "20190114",
        "outstanding": 53892.0
    },
    {
        "calculationDate": "20190107",
        "outstanding": 41505.0
    },
    {
        "calculationDate": "20180531",
        "outstanding": 31298.0
    },
    {
        "calculationDate": "20180918",
        "outstanding": 0.0
    },
    {
        "calculationDate": "20181011",
        "outstanding": 40153.0
    },
    {
        "calculationDate": "20180730",
        "outstanding": 17167.0
    },
    {
        "calculationDate": "20181009",
        "outstanding": 38599.0
    },
    {
        "calculationDate": "20181122",
        "outstanding": 50279.0
    },
    {
        "calculationDate": "20180208",
        "outstanding": 8721.0
    },
    {
        "calculationDate": "20181112",
        "outstanding": 48419.0
    },
    {
        "calculationDate": "20180927",
        "outstanding": 34897.0
    },
    {
        "calculationDate": "20181015",
        "outstanding": 41153.0
    },
    {
        "calculationDate": "20190225",
        "outstanding": 2796.0
    },
    {
        "calculationDate": "20180205",
        "outstanding": 6081.0
    },
    {
        "calculationDate": "20180528",
        "outstanding": 29842.0
    },
    {
        "calculationDate": "20190208",
        "outstanding": 39730.0
    },
    {
        "calculationDate": "20180419",
        "outstanding": 10876.0
    },
    {
        "calculationDate": "20180830",
        "outstanding": 36159.0
    },
    {
        "calculationDate": "20180904",
        "outstanding": 36218.0
    },
    {
        "calculationDate": "20181108",
        "outstanding": 46753.0
    },
    {
        "calculationDate": "20180424",
        "outstanding": 21001.0
    },
    {
        "calculationDate": "20180813",
        "outstanding": 23842.0
    },
    {
        "calculationDate": "20181129",
        "outstanding": 36131.0
    },
    {
        "calculationDate": "20190430",
        "outstanding": 45864.0
    },
    {
        "calculationDate": "20180925",
        "outstanding": 32881.0
    },
    {
        "calculationDate": "20190409",
        "outstanding": 17400.0
    },
    {
        "calculationDate": "20180124",
        "outstanding": 5485.0
    },
    {
        "calculationDate": "20190325",
        "outstanding": 7578.0
    },
    {
        "calculationDate": "20181018",
        "outstanding": 39403.0
    },
    {
        "calculationDate": "20180614",
        "outstanding": 34785.0
    },
    {
        "calculationDate": "20190121",
        "outstanding": 46592.0
    },
    {
        "calculationDate": "20181022",
        "outstanding": 39403.0
    },
    {
        "calculationDate": "20180301",
        "outstanding": 0.0
    },
    {
        "calculationDate": "20190507",
        "outstanding": 41876.0
    },
    {
        "calculationDate": "20181126",
        "outstanding": 50629.0
    },
    {
        "calculationDate": "20190311",
        "outstanding": 31701.0
    },
    {
        "calculationDate": "20180716",
        "outstanding": 38966.0
    },
    {
        "calculationDate": "20180129",
        "outstanding": 5772.0
    },
    {
        "calculationDate": "20181206",
        "outstanding": 37388.0
    },
    {
        "calculationDate": "20181213",
        "outstanding": 40688.0
    },
    {
        "calculationDate": "20190213",
        "outstanding": 42586.0
    },
    {
        "calculationDate": "20180215",
        "outstanding": 10970.0
    },
    {
        "calculationDate": "20190131",
        "outstanding": 39671.0
    },
    {
        "calculationDate": "20190128",
        "outstanding": 38286.0
    },
    {
        "calculationDate": "20180503",
        "outstanding": 16893.0
    },
    {
        "calculationDate": "20180906",
        "outstanding": 37218.0
    },
    {
        "calculationDate": "20180827",
        "outstanding": 35564.0
    },
    {
        "calculationDate": "20180820",
        "outstanding": 31457.0
    },
    {
        "calculationDate": "20180911",
        "outstanding": 37518.0
    },
    {
        "calculationDate": "20180325",
        "outstanding": 9956.0
    },
    {
        "calculationDate": "20190305",
        "outstanding": 10801.0
    },
    {
        "calculationDate": "20190503",
        "outstanding": 39472.0
    },
    {
        "calculationDate": "20190124",
        "outstanding": 38113.0
    },
    {
        "calculationDate": "20180515",
        "outstanding": 32311.0
    },
    {
        "calculationDate": "20180401",
        "outstanding": 2428.0
    },
    {
        "calculationDate": "20190423",
        "outstanding": 37699.0
    },
    {
        "calculationDate": "20181115",
        "outstanding": 50356.0
    },
    {
        "calculationDate": "20180625",
        "outstanding": 25178.0
    },
    {
        "calculationDate": "20180802",
        "outstanding": 17226.0
    },
    {
        "calculationDate": "20180118",
        "outstanding": 0.0
    },
    {
        "calculationDate": "20180517",
        "outstanding": 41035.0
    },
    {
        "calculationDate": "20181119",
        "outstanding": 48981.0
    },
    {
        "calculationDate": "20180914",
        "outstanding": 37918.0
    },
    {
        "calculationDate": "20190415",
        "outstanding": 22019.0
    },
    {
        "calculationDate": "20190222",
        "outstanding": 0.0
    },
    {
        "calculationDate": "20180314",
        "outstanding": 7816.0
    },
    {
        "calculationDate": "20180621",
        "outstanding": 14079.0
    },
    {
        "calculationDate": "20180523",
        "outstanding": 28817.0
    },
    {
        "calculationDate": "20190405",
        "outstanding": 15849.0
    },
    {
        "calculationDate": "20190322",
        "outstanding": 1072.0
    },
    {
        "calculationDate": "20180806",
        "outstanding": 21090.0
    },
    {
        "calculationDate": "20180430",
        "outstanding": 15281.0
    },
    {
        "calculationDate": "20180512",
        "outstanding": 5211.0
    },
    {
        "calculationDate": "20180308",
        "outstanding": 359.0
    },
    {
        "calculationDate": "20190308",
        "outstanding": 27305.0
    },
    {
        "calculationDate": "20180628",
        "outstanding": 26848.0
    },
    {
        "calculationDate": "20180525",
        "outstanding": 29842.0
    },
    {
        "calculationDate": "20180108",
        "outstanding": 1390.0
    },
    {
        "calculationDate": "20180920",
        "outstanding": 27683.0
    },
    {
        "calculationDate": "20180706",
        "outstanding": 28073.0
    },
    {
        "calculationDate": "20180426",
        "outstanding": 11001.0
    },
    {
        "calculationDate": "20180405",
        "outstanding": 8710.0
    },
    {
        "calculationDate": "20180605",
        "outstanding": 33525.0
    },
    {
        "calculationDate": "20180618",
        "outstanding": 0.0
    },
    {
        "calculationDate": "20180611",
        "outstanding": 34385.0
    },
    {
        "calculationDate": "20190314",
        "outstanding": 0.0
    },
    {
        "calculationDate": "20180823",
        "outstanding": 32564.0
    },
    {
        "calculationDate": "20180318",
        "outstanding": 13807.0
    },
    {
        "calculationDate": "20180712",
        "outstanding": 33459.0
    },
    {
        "calculationDate": "20180212",
        "outstanding": 10980.0
    },
    {
        "calculationDate": "20180112",
        "outstanding": 1690.0
    },
    {
        "calculationDate": "20180219",
        "outstanding": 11970.0
    },
    {
        "calculationDate": "20181004",
        "outstanding": 38040.0
    },
    {
        "calculationDate": "20190624",
        "outstanding": 0.0
    },
    {
        "calculationDate": "20180510",
        "outstanding": 29562.0
    },
    {
        "calculationDate": "20190103",
        "outstanding": 38221.0
    },
    {
        "calculationDate": "20180311",
        "outstanding": 2617.0
    },
    {
        "calculationDate": "20190509",
        "outstanding": 0.0
    },
    {
        "calculationDate": "20190301",
        "outstanding": 4490.0
    },
    {
        "calculationDate": "20181231",
        "outstanding": 37333.0
    },
    {
        "calculationDate": "20190218",
        "outstanding": 0.0
    },
    {
        "calculationDate": "20181217",
        "outstanding": 0.0
    },
    {
        "calculationDate": "20181225",
        "outstanding": 33550.0
    },
    {
        "calculationDate": "20180816",
        "outstanding": 30292.0
    }
]