[
    {
        "calculationDate": "20201024",
        "outstanding": 27766.0
    },
    {
        "calculationDate": "20200410",
        "outstanding": 7859.0
    },
    {
        "calculationDate": "20210201",
        "outstanding": 19543.0
    },
    {
        "calculationDate": "20211022",
        "outstanding": 29433.0
    },
    {
        "calculationDate": "20230410",
        "outstanding": 19122.29
    },
    {
        "outstanding": 29894.0
    },
    {
        "calculationDate": "20201016",
        "outstanding": 20062.0
    },
    {
        "calculationDate": "20221224",
        "outstanding": 1439.57
    },
    {
        "calculationDate": "20220524",
        "outstanding": 28967.0
    },
    {
        "calculationDate": "20221130",
        "outstanding": 28992.79
    },
    {
        "calculationDate": "20210212",
        "outstanding": 20068.0
    },
    {
        "calculationDate": "20200704",
        "outstanding": 14623.0
    },
    {
        "calculationDate": "20200323",
        "outstanding": 19814.0
    },
    {
        "calculationDate": "20210406",
        "outstanding": 17578.0
    },
    {
        "calculationDate": "20230105",
        "outstanding": 19142.91
    },
    {
        "calculationDate": "20220423",
        "outstanding": 29222.0
    },
    {
        "calculationDate": "20210330",
        "outstanding": 3188.0
    },
    {
        "calculationDate": "20211228",
        "outstanding": 5409.0
    },
    {
        "calculationDate": "20210420",
        "outstanding": 28050.0
    },
    {
        "calculationDate": "20230114",
        "outstanding": 27108.57
    },
    {
        "calculationDate": "20221225",
        "outstanding": 3017.57
    },
    {
        "calculationDate": "20200109",
        "outstanding": 14892.0
    },
    {
        "calculationDate": "20210523",
        "outstanding": 28527.0
    },
    {
        "calculationDate": "20211118",
        "outstanding": 29356.0
    },
    {
        "calculationDate": "20220328",
        "outstanding": 9823.0
    },
    {
        "calculationDate": "20200219",
        "outstanding": 27586.0
    },
    {
        "calculationDate": "20220910",
        "outstanding": 30366.0
    },
    {
        "calculationDate": "20220701",
        "outstanding": 21886.0
    },
    {
        "calculationDate": "20201014",
        "outstanding": 19200.0
    },
    {
        "calculationDate": "20200928",
        "outstanding": 0.0
    },
    {
        "calculationDate": "20200506",
        "outstanding": 10189.0
    },
    {
        "calculationDate": "20220704",
        "outstanding": 25820.0
    },
    {
        "calculationDate": "20200524",
        "outstanding": 15133.0
    },
    {
        "calculationDate": "20200207",
        "outstanding": 18374.0
    },
    {
        "calculationDate": "20220315",
        "outstanding": 31259.0
    },
    {
        "calculationDate": "20210409",
        "outstanding": 27079.0
    },
    {
        "calculationDate": "20210321",
        "outstanding": 24856.0
    },
    {
        "calculationDate": "20220922",
        "outstanding": 26366.0
    },
    {
        "calculationDate": "20230330",
        "outstanding": 8334.85
    },
    {
        "calculationDate": "20200113",
        "outstanding": 16773.0
    },
    {
        "calculationDate": "20211020",
        "outstanding": 27867.0
    },
    {
        "calculationDate": "20221231",
        "outstanding": 12732.13
    },
    {
        "calculationDate": "20220223",
        "outstanding": 29465.0
    },
    {
        "calculationDate": "20210410",
        "outstanding": 29151.0
    },
    {
        "calculationDate": "20230405",
        "outstanding": 17399.98
    },
    {
        "calculationDate": "20220625",
        "outstanding": 6385.0
    },
    {
        "calculationDate": "20230103",
        "outstanding": 19307.04
    },
    {
        "calculationDate": "20230327",
        "outstanding": 7912.11
    },
    {
        "calculationDate": "20210228",
        "outstanding": 23434.0
    },
    {
        "calculationDate": "20200213",
        "outstanding": 22003.0
    },
    {
        "calculationDate": "20211108",
        "outstanding": 30356.0
    },
    {
        "calculationDate": "20221226",
        "outstanding": 4288.21
    },
    {
        "calculationDate": "20200420",
        "outstanding": 9997.0
    },
    {
        "calculationDate": "20221010",
        "outstanding": 18231.0
    },
    {
        "calculationDate": "20220602",
        "outstanding": 29804.0
    },
    {
        "calculationDate": "20200401",
        "outstanding": 697.0
    },
    {
        "calculationDate": "20200212",
        "outstanding": 21357.0
    },
    {
        "calculationDate": "20211211",
        "outstanding": 29977.0
    },
    {
        "calculationDate": "20220708",
        "outstanding": 28940.0
    },
    {
        "calculationDate": "20200121",
        "outstanding": 17971.0
    },
    {
        "calculationDate": "20230108",
        "outstanding": 20209.57
    },
    {
        "calculationDate": "20220607",
        "outstanding": 31317.0
    },
    {
        "calculationDate": "20210206",
        "outstanding": 19914.0
    },
    {
        "calculationDate": "20210516",
        "outstanding": 28527.0
    },
    {
        "calculationDate": "20210625",
        "outstanding": 0.0
    },
    {
        "calculationDate": "20210705",
        "outstanding": 28953.0
    },
    {
        "calculationDate": "20220812",
        "outstanding": 30716.0
    },
    {
        "calculationDate": "20221012",
        "outstanding": 21133.0
    },
    {
        "calculationDate": "20201012",
        "outstanding": 18151.0
    },
    {
        "calculationDate": "20200327",
        "outstanding": 0.0
    },
    {
        "calculationDate": "20211219",
        "outstanding": 29116.0
    },
    {
        "calculationDate": "20220331",
        "outstanding": 13511.0
    },
    {
        "calculationDate": "20201219",
        "outstanding": 28787.0
    },
    {
        "calculationDate": "20220604",
        "outstanding": 30039.0
    },
    {
        "calculationDate": "20220327",
        "outstanding": 8250.0
    },
    {
        "calculationDate": "20230131",
        "outstanding": 27642.75
    },
    {
        "calculationDate": "20210808",
        "outstanding": 29541.0
    },
    {
        "calculationDate": "20201125",
        "outstanding": 27259.0
    },
    {
        "calculationDate": "20220718",
        "outstanding": 29880.0
    },
    {
        "calculationDate": "20220212",
        "outstanding": 29326.0
    },
    {
        "calculationDate": "20201109",
        "outstanding": 28259.0
    },
    {
        "calculationDate": "20221031",
        "outstanding": 29251.99
    },
    {
        "calculationDate": "20221216",
        "outstanding": 15992.79
    },
    {
        "calculationDate": "20210506",
        "outstanding": 29390.0
    },
    {
        "calculationDate": "20210719",
        "outstanding": 28900.0
    },
    {
        "calculationDate": "20220208",
        "outstanding": 27867.0
    },
    {
        "calculationDate": "20220117",
        "outstanding": 29227.0
    },
    {
        "calculationDate": "20201226",
        "outstanding": 0.0
    },
    {
        "calculationDate": "20230228",
        "outstanding": 29652.47
    },
    {
        "calculationDate": "20221227",
        "outstanding": 9128.12
    },
    {
        "calculationDate": "20210213",
        "outstanding": 21542.0
    },
    {
        "calculationDate": "20221018",
        "outstanding": 26401.0
    },
    {
        "calculationDate": "20200106",
        "outstanding": 14892.0
    },
    {
        "calculationDate": "20200309",
        "outstanding": 29814.0
    },
    {
        "calculationDate": "20200507",
        "outstanding": 15133.0
    },
    {
        "calculationDate": "20220905",
        "outstanding": 30366.0
    },
    {
        "calculationDate": "20221016",
        "outstanding": 25454.0
    },
    {
        "calculationDate": "20200525",
        "outstanding": 14533.0
    },
    {
        "calculationDate": "20211225",
        "outstanding": 0.0
    },
    {
        "calculationDate": "20200619",
        "outstanding": 14853.0
    },
    {
        "calculationDate": "20210713",
        "outstanding": 29830.0
    },
    {
        "calculationDate": "20211023",
        "outstanding": 29768.0
    },
    {
        "calculationDate": "20201208",
        "outstanding": 27842.0
    },
    {
        "calculationDate": "20210716",
        "outstanding": 29900.0
    },
    {
        "calculationDate": "20201017",
        "outstanding": 21312.0
    },
    {
        "calculationDate": "20200218",
        "outstanding": 24694.0
    },
    {
        "calculationDate": "20201004",
        "outstanding": 5955.0
    },
    {
        "calculationDate": "20220412",
        "outstanding": 29922.0
    },
    {
        "calculationDate": "20221229",
        "outstanding": 10209.28
    },
    {
        "calculationDate": "20211021",
        "outstanding": 28291.0
    },
    {
        "calculationDate": "20200722",
        "outstanding": 25372.0
    },
    {
        "calculationDate": "20200724",
        "outstanding": 24372.0
    },
    {
        "calculationDate": "20200326",
        "outstanding": 5914.0
    },
    {
        "calculationDate": "20230326",
        "outstanding": 4189.38
    },
    {
        "calculationDate": "20210926",
        "outstanding": 28001.0
    },
    {
        "calculationDate": "20220322",
        "outstanding": 0.0
    },
    {
        "calculationDate": "20230224",
        "outstanding": 29081.32
    },
    {
        "calculationDate": "20200413",
        "outstanding": 9191.0
    },
    {
        "calculationDate": "20220407",
        "outstanding": 29129.0
    },
    {
        "calculationDate": "20220928",
        "outstanding": 0.0
    },
    {
        "calculationDate": "20211004",
        "outstanding": 21447.0
    },
    {
        "calculationDate": "20210401",
        "outstanding": 11717.0
    },
    {
        "calculationDate": "20210222",
        "outstanding": 20542.0
    },
    {
        "calculationDate": "20221008",
        "outstanding": 17778.0
    },
    {
        "calculationDate": "20210906",
        "outstanding": 30501.0
    },
    {
        "calculationDate": "20220306",
        "outstanding": 30034.0
    },
    {
        "calculationDate": "20201225",
        "outstanding": 27787.0
    },
    {
        "calculationDate": "20200306",
        "outstanding": 27519.0
    },
    {
        "calculationDate": "20210423",
        "outstanding": 28800.0
    },
    {
        "calculationDate": "20220405",
        "outstanding": 22194.0
    },
    {
        "calculationDate": "20220623",
        "outstanding": 0.0
    },
    {
        "calculationDate": "20210922",
        "outstanding": 28001.0
    },
    {
        "calculationDate": "20220401",
        "outstanding": 17507.0
    },
    {
        "calculationDate": "20230430",
        "outstanding": 18483.35
    },
    {
        "calculationDate": "20221111",
        "outstanding": 28391.99
    },
    {
        "outstanding": 22762.57
    },
    {
        "calculationDate": "20220329",
        "outstanding": 10171.0
    },
    {
        "calculationDate": "20230111",
        "outstanding": 24537.53
    },
    {
        "calculationDate": "20230324",
        "outstanding": 2386.71
    },
    {
        "calculationDate": "20230418",
        "outstanding": 18122.29
    },
    {
        "calculationDate": "20210702",
        "outstanding": 28830.0
    },
    {
        "calculationDate": "20200115",
        "outstanding": 23171.0
    },
    {
        "calculationDate": "20230112",
        "outstanding": 26770.53
    },
    {
        "calculationDate": "20210224",
        "outstanding": 22381.0
    },
    {
        "calculationDate": "20220808",
        "outstanding": 30418.0
    },
    {
        "calculationDate": "20220605",
        "outstanding": 30676.0
    },
    {
        "calculationDate": "20200308",
        "outstanding": 29118.0
    },
    {
        "calculationDate": "20211013",
        "outstanding": 22295.0
    },
    {
        "calculationDate": "20210628",
        "outstanding": 11290.0
    },
    {
        "calculationDate": "20230317",
        "outstanding": 26120.82
    },
    {
        "calculationDate": "20211007",
        "outstanding": 23395.0
    },
    {
        "calculationDate": "20230322",
        "outstanding": 0.0
    },
    {
        "calculationDate": "20220123",
        "outstanding": 28227.0
    },
    {
        "calculationDate": "20221005",
        "outstanding": 10543.0
    },
    {
        "calculationDate": "20220805",
        "outstanding": 29993.0
    },
    {
        "calculationDate": "20230203",
        "outstanding": 29783.32
    },
    {
        "calculationDate": "20191231",
        "outstanding": 14850.0
    },
    {
        "calculationDate": "20220823",
        "outstanding": 29716.0
    },
    {
        "calculationDate": "20221015",
        "outstanding": 23652.0
    },
    {
        "calculationDate": "20220724",
        "outstanding": 29086.0
    },
    {
        "calculationDate": "20220205",
        "outstanding": 26912.0
    },
    {
        "calculationDate": "20201008",
        "outstanding": 16664.0
    },
    {
        "outstanding": 17483.35
    },
    {
        "calculationDate": "20200112",
        "outstanding": 16632.0
    },
    {
        "calculationDate": "20230217",
        "outstanding": 28783.32
    },
    {
        "calculationDate": "20200407",
        "outstanding": 4768.0
    },
    {
        "calculationDate": "20230401",
        "outstanding": 10255.35
    },
    {
        "calculationDate": "20230331",
        "outstanding": 9277.54
    },
    {
        "calculationDate": "20210408",
        "outstanding": 27079.0
    },
    {
        "calculationDate": "20220305",
        "outstanding": 30034.0
    },
    {
        "calculationDate": "20220628",
        "outstanding": 18667.0
    },
    {
        "calculationDate": "20210630",
        "outstanding": 11290.0
    },
    {
        "calculationDate": "20211207",
        "outstanding": 29977.0
    },
    {
        "calculationDate": "20220202",
        "outstanding": 26291.0
    },
    {
        "calculationDate": "20230302",
        "outstanding": 30670.82
    },
    {
        "calculationDate": "20220506",
        "outstanding": 29841.0
    },
    {
        "calculationDate": "20230531",
        "outstanding": 17872.91
    },
    {
        "calculationDate": "20200403",
        "outstanding": 3835.0
    },
    {
        "calculationDate": "20200717",
        "outstanding": 26034.0
    },
    {
        "calculationDate": "20200414",
        "outstanding": 10497.0
    },
    {
        "calculationDate": "20200408",
        "outstanding": 6469.0
    },
    {
        "calculationDate": "20210327",
        "outstanding": 2541.0
    },
    {
        "calculationDate": "20221003",
        "outstanding": 4790.0
    },
    {
        "calculationDate": "20210308",
        "outstanding": 25856.0
    },
    {
        "calculationDate": "20210608",
        "outstanding": 29151.0
    },
    {
        "calculationDate": "20210927",
        "outstanding": 0.0
    },
    {
        "calculationDate": "20211018",
        "outstanding": 26844.0
    },
    {
        "calculationDate": "20200224",
        "outstanding": 27035.0
    },
    {
        "calculationDate": "20220214",
        "outstanding": 30465.0
    },
    {
        "calculationDate": "20200215",
        "outstanding": 22452.0
    }
]