[
    {
        "calculationDate": "20160530",
        "outstanding": 120786.0
    },
    {
        "calculationDate": "20151210",
        "outstanding": 38277.0
    },
    {
        "calculationDate": "20160915",
        "outstanding": 75437.0
    },
    {
        "calculationDate": "20170717",
        "outstanding": 130103.0
    },
    {
        "calculationDate": "20161110",
        "outstanding": 83544.0
    },
    {
        "calculationDate": "20151126",
        "outstanding": 53083.0
    },
    {
        "calculationDate": "20200211",
        "outstanding": 79265.0
    },
    {
        "calculationDate": "20191210",
        "outstanding": 2956.0
    },
    {
        "calculationDate": "20180108",
        "outstanding": 147180.0
    },
    {
        "calculationDate": "20180810",
        "outstanding": 103939.0
    },
    {
        "calculationDate": "20180212",
        "outstanding": 155385.0
    },
    {
        "calculationDate": "20171204",
        "outstanding": 160007.0
    },
    {
        "calculationDate": "20171116",
        "outstanding": 156700.0
    },
    {
        "calculationDate": "20200320",
        "outstanding": 95627.0
    },
    {
        "calculationDate": "20160215",
        "outstanding": 126640.0
    },
    {
        "calculationDate": "20140312",
        "outstanding": 99782.0
    },
    {
        "calculationDate": "20160218",
        "outstanding": 123699.0
    },
    {
        "calculationDate": "20160118",
        "outstanding": 139307.0
    },
    {
        "calculationDate": "20190212",
        "outstanding": 114981.0
    },
    {
        "calculationDate": "20210706",
        "outstanding": 10000.0
    },
    {
        "calculationDate": "20201218",
        "outstanding": 17522.0
    },
    {
        "calculationDate": "20190726",
        "outstanding": 85832.0
    },
    {
        "calculationDate": "20191122",
        "outstanding": 30000.0
    },
    {
        "calculationDate": "20140320",
        "outstanding": 83195.0
    },
    {
        "calculationDate": "20170925",
        "outstanding": 117941.0
    },
    {
        "calculationDate": "20201117",
        "outstanding": 72991.0
    },
    {
        "calculationDate": "20201027",
        "outstanding": 90063.0
    },
    {
        "calculationDate": "20150731",
        "outstanding": 107732.0
    },
    {
        "calculationDate": "20210611",
        "outstanding": 0.0
    },
    {
        "calculationDate": "20200612",
        "outstanding": 115234.0
    },
    {
        "calculationDate": "20210709",
        "outstanding": 0.0
    },
    {
        "calculationDate": "20190322",
        "outstanding": 151909.0
    },
    {
        "calculationDate": "20160121",
        "outstanding": 148031.0
    },
    {
        "calculationDate": "20171123",
        "outstanding": 154222.0
    },
    {
        "calculationDate": "20180406",
        "outstanding": 134745.0
    },
    {
        "calculationDate": "20191025",
        "outstanding": 60000.0
    },
    {
        "calculationDate": "20151203",
        "outstanding": 54146.0
    },
    {
        "calculationDate": "20150618",
        "outstanding": 99871.0
    },
    {
        "calculationDate": "20200526",
        "outstanding": 96692.0
    },
    {
        "calculationDate": "20190521",
        "outstanding": 134108.0
    },
    {
        "calculationDate": "20180228",
        "outstanding": 116887.0
    },
    {
        "calculationDate": "20200901",
        "outstanding": 139333.0
    },
    {
        "calculationDate": "20180215",
        "outstanding": 128887.0
    },
    {
        "calculationDate": "20181012",
        "outstanding": 73639.0
    },
    {
        "calculationDate": "20190419",
        "outstanding": 130000.0
    },
    {
        "calculationDate": "20200703",
        "outstanding": 122555.0
    },
    {
        "calculationDate": "20190402",
        "outstanding": 148130.0
    },
    {
        "calculationDate": "20190315",
        "outstanding": 102243.0
    },
    {
        "calculationDate": "20180618",
        "outstanding": 142435.0
    },
    {
        "calculationDate": "20181102",
        "outstanding": 61103.0
    },
    {
        "calculationDate": "20170329",
        "outstanding": 102525.0
    },
    {
        "calculationDate": "20190122",
        "outstanding": 89533.0
    },
    {
        "calculationDate": "20130320",
        "outstanding": 96571.0
    },
    {
        "calculationDate": "20170309",
        "outstanding": 119461.0
    },
    {
        "calculationDate": "20170710",
        "outstanding": 80746.0
    },
    {
        "calculationDate": "20170522",
        "outstanding": 77476.0
    },
    {
        "calculationDate": "20171109",
        "outstanding": 140269.0
    },
    {
        "calculationDate": "20191029",
        "outstanding": 50000.0
    },
    {
        "calculationDate": "20190604",
        "outstanding": 122361.0
    },
    {
        "calculationDate": "20170406",
        "outstanding": 65073.0
    },
    {
        "calculationDate": "20160901",
        "outstanding": 92104.0
    },
    {
        "calculationDate": "20180312",
        "outstanding": 138931.0
    },
    {
        "calculationDate": "20131016",
        "outstanding": 75611.0
    },
    {
        "calculationDate": "20171229",
        "outstanding": 135007.0
    },
    {
        "calculationDate": "20170731",
        "outstanding": 138794.0
    },
    {
        "calculationDate": "20161222",
        "outstanding": 115089.0
    },
    {
        "calculationDate": "20201120",
        "outstanding": 64444.0
    },
    {
        "calculationDate": "20180205",
        "outstanding": 149947.0
    },
    {
        "calculationDate": "20181221",
        "outstanding": 51270.0
    },
    {
        "calculationDate": "20210326",
        "outstanding": 0.0
    },
    {
        "calculationDate": "20200121",
        "outstanding": 79156.0
    },
    {
        "calculationDate": "20131225",
        "outstanding": 99246.0
    },
    {
        "calculationDate": "20140702",
        "outstanding": 87458.0
    },
    {
        "calculationDate": "20140730",
        "outstanding": 77458.0
    },
    {
        "calculationDate": "20201204",
        "outstanding": 19236.0
    },
    {
        "calculationDate": "20130306",
        "outstanding": 87535.0
    },
    {
        "calculationDate": "20191015",
        "outstanding": 70000.0
    },
    {
        "calculationDate": "20201201",
        "outstanding": 29894.0
    },
    {
        "calculationDate": "20150831",
        "outstanding": 100960.0
    },
    {
        "calculationDate": "20130605",
        "outstanding": 78598.0
    },
    {
        "calculationDate": "20190312",
        "outstanding": 106431.0
    },
    {
        "calculationDate": "20170907",
        "outstanding": 166110.0
    },
    {
        "calculationDate": "20200529",
        "outstanding": 97880.0
    },
    {
        "calculationDate": "20170911",
        "outstanding": 166358.0
    },
    {
        "calculationDate": "20200623",
        "outstanding": 114905.0
    },
    {
        "calculationDate": "20210302",
        "outstanding": 0.0
    },
    {
        "calculationDate": "20160430",
        "outstanding": 126156.0
    },
    {
        "calculationDate": "20210615",
        "outstanding": 0.0
    },
    {
        "calculationDate": "20201020",
        "outstanding": 95006.0
    },
    {
        "calculationDate": "20161117",
        "outstanding": 82109.0
    },
    {
        "calculationDate": "20151012",
        "outstanding": 101855.0
    },
    {
        "calculationDate": "20151105",
        "outstanding": 81210.0
    },
    {
        "calculationDate": "20190208",
        "outstanding": 108266.0
    },
    {
        "calculationDate": "20190524",
        "outstanding": 120000.0
    },
    {
        "calculationDate": "20181024",
        "outstanding": 59639.0
    },
    {
        "calculationDate": "20201106",
        "outstanding": 82195.0
    },
    {
        "calculationDate": "20140402",
        "outstanding": 100495.0
    },
    {
        "calculationDate": "20150608",
        "outstanding": 106553.0
    },
    {
        "calculationDate": "20131127",
        "outstanding": 105336.0
    },
    {
        "calculationDate": "20170807",
        "outstanding": 108546.0
    },
    {
        "calculationDate": "20151109",
        "outstanding": 67887.0
    },
    {
        "calculationDate": "20200131",
        "outstanding": 89799.0
    },
    {
        "calculationDate": "20161103",
        "outstanding": 125044.0
    },
    {
        "calculationDate": "20171127",
        "outstanding": 149222.0
    },
    {
        "calculationDate": "20150915",
        "outstanding": 109016.0
    },
    {
        "calculationDate": "20160125",
        "outstanding": 123511.0
    },
    {
        "calculationDate": "20201016",
        "outstanding": 90508.0
    },
    {
        "calculationDate": "20170119",
        "outstanding": 150907.0
    },
    {
        "calculationDate": "20161212",
        "outstanding": 49633.0
    },
    {
        "calculationDate": "20201023",
        "outstanding": 89413.0
    },
    {
        "calculationDate": "20190906",
        "outstanding": 77334.0
    },
    {
        "calculationDate": "20171130",
        "outstanding": 161247.0
    },
    {
        "calculationDate": "20150416",
        "outstanding": 108338.0
    },
    {
        "calculationDate": "20200417",
        "outstanding": 104458.0
    },
    {
        "calculationDate": "20201208",
        "outstanding": 4876.0
    },
    {
        "calculationDate": "20170126",
        "outstanding": 127945.0
    },
    {
        "calculationDate": "20201215",
        "outstanding": 22151.0
    },
    {
        "calculationDate": "20180817",
        "outstanding": 98939.0
    },
    {
        "calculationDate": "20160204",
        "outstanding": 121263.0
    },
    {
        "calculationDate": "20130828",
        "outstanding": 82361.0
    },
    {
        "calculationDate": "20170904",
        "outstanding": 141738.0
    },
    {
        "calculationDate": "20201113",
        "outstanding": 64838.0
    },
    {
        "calculationDate": "20130529",
        "outstanding": 76378.0
    },
    {
        "calculationDate": "20150611",
        "outstanding": 109871.0
    },
    {
        "calculationDate": "20190723",
        "outstanding": 84221.0
    },
    {
        "calculationDate": "20200214",
        "outstanding": 72679.0
    },
    {
        "calculationDate": "20200410",
        "outstanding": 101899.0
    },
    {
        "calculationDate": "20161128",
        "outstanding": 85395.0
    },
    {
        "calculationDate": "20171102",
        "outstanding": 148831.0
    },
    {
        "calculationDate": "20161206",
        "outstanding": 83299.0
    },
    {
        "calculationDate": "20151102",
        "outstanding": 62052.0
    },
    {
        "calculationDate": "20190313",
        "outstanding": 106431.0
    },
    {
        "calculationDate": "20150319",
        "outstanding": 63548.0
    },
    {
        "calculationDate": "20140924",
        "outstanding": 61483.0
    },
    {
        "calculationDate": "20140416",
        "outstanding": 106476.0
    },
    {
        "calculationDate": "20181009",
        "outstanding": 83639.0
    },
    {
        "calculationDate": "20170403",
        "outstanding": 105673.0
    },
    {
        "calculationDate": "20160620",
        "outstanding": 81090.0
    },
    {
        "calculationDate": "20180402",
        "outstanding": 130100.0
    },
    {
        "calculationDate": "20191001",
        "outstanding": 61541.0
    },
    {
        "calculationDate": "20170320",
        "outstanding": 117525.0
    },
    {
        "calculationDate": "20140507",
        "outstanding": 102642.0
    },
    {
        "calculationDate": "20151119",
        "outstanding": 78083.0
    },
    {
        "calculationDate": "20150204",
        "outstanding": 67255.0
    },
    {
        "calculationDate": "20151112",
        "outstanding": 71149.0
    },
    {
        "calculationDate": "20210430",
        "outstanding": 9330.0
    },
    {
        "calculationDate": "20200602",
        "outstanding": 99962.0
    },
    {
        "calculationDate": "20200922",
        "outstanding": 85500.0
    },
    {
        "calculationDate": "20170116",
        "outstanding": 161407.0
    },
    {
        "calculationDate": "20191213",
        "outstanding": 37263.0
    },
    {
        "calculationDate": "20200207",
        "outstanding": 79555.0
    },
    {
        "calculationDate": "20180831",
        "outstanding": 100996.0
    },
    {
        "calculationDate": "20210126",
        "outstanding": 0.0
    },
    {
        "calculationDate": "20201229",
        "outstanding": 0.0
    },
    {
        "calculationDate": "20161216",
        "outstanding": 72505.0
    },
    {
        "calculationDate": "20151207",
        "outstanding": 61859.0
    },
    {
        "calculationDate": "20170216",
        "outstanding": 144868.0
    },
    {
        "calculationDate": "20171225",
        "outstanding": 131342.0
    },
    {
        "calculationDate": "20210226",
        "outstanding": 4774.0
    },
    {
        "calculationDate": "20160411",
        "outstanding": 135551.0
    },
    {
        "calculationDate": "20160908",
        "outstanding": 59277.0
    },
    {
        "calculationDate": "20170410",
        "outstanding": 105743.0
    },
    {
        "calculationDate": "20191203",
        "outstanding": 10254.0
    },
    {
        "calculationDate": "20191008",
        "outstanding": 54997.0
    },
    {
        "calculationDate": "20170605",
        "outstanding": 79653.0
    },
    {
        "calculationDate": "20171113",
        "outstanding": 161700.0
    },
    {
        "calculationDate": "20160926",
        "outstanding": 97824.0
    },
    {
        "calculationDate": "20140305",
        "outstanding": 84122.0
    },
    {
        "calculationDate": "20150921",
        "outstanding": 91043.0
    },
    {
        "calculationDate": "20210202",
        "outstanding": 16240.0
    },
    {
        "calculationDate": "20161024",
        "outstanding": 76359.0
    },
    {
        "calculationDate": "20131113",
        "outstanding": 108400.0
    },
    {
        "calculationDate": "20150402",
        "outstanding": 89262.0
    },
    {
        "calculationDate": "20190927",
        "outstanding": 69998.0
    },
    {
        "calculationDate": "20131106",
        "outstanding": 107785.0
    },
    {
        "calculationDate": "20130403",
        "outstanding": 90930.0
    },
    {
        "calculationDate": "20150928",
        "outstanding": 114834.0
    },
    {
        "calculationDate": "20200501",
        "outstanding": 110652.0
    },
    {
        "calculationDate": "20150918",
        "outstanding": 94016.0
    },
    {
        "calculationDate": "20210105",
        "outstanding": 0.0
    },
    {
        "calculationDate": "20210521",
        "outstanding": 0.0
    },
    {
        "calculationDate": "20150225",
        "outstanding": 57894.0
    },
    {
        "calculationDate": "20200505",
        "outstanding": 109692.0
    },
    {
        "calculationDate": "20170821",
        "outstanding": 94999.0
    },
    {
        "calculationDate": "20130724",
        "outstanding": 75761.0
    },
    {
        "calculationDate": "20150304",
        "outstanding": 59583.0
    },
    {
        "calculationDate": "20170622",
        "outstanding": 82597.0
    },
    {
        "calculationDate": "20180604",
        "outstanding": 130389.0
    },
    {
        "calculationDate": "20200807",
        "outstanding": 108763.0
    },
    {
        "calculationDate": "20161010",
        "outstanding": 73763.0
    },
    {
        "calculationDate": "20151221",
        "outstanding": 142500.0
    },
    {
        "calculationDate": "20160818",
        "outstanding": 55527.0
    },
    {
        "calculationDate": "20130710",
        "outstanding": 80761.0
    },
    {
        "calculationDate": "20151029",
        "outstanding": 59281.0
    },
    {
        "calculationDate": "20141023",
        "outstanding": 47780.0
    },
    {
        "calculationDate": "20181002",
        "outstanding": 86368.0
    },
    {
        "calculationDate": "20130116",
        "outstanding": 13072.0
    },
    {
        "calculationDate": "20210409"
    },
    {
        "calculationDate": "20171012",
        "outstanding": 168733.0
    },
    {
        "calculationDate": "20210525",
        "outstanding": 0.0
    },
    {
        "calculationDate": "20201110",
        "outstanding": 87424.0
    },
    {
        "calculationDate": "20141001",
        "outstanding": 63280.0
    },
    {
        "calculationDate": "20160516",
        "outstanding": 98355.0
    },
    {
        "calculationDate": "20210323",
        "outstanding": 0.0
    },
    {
        "calculationDate": "20200821",
        "outstanding": 95025.0
    },
    {
        "calculationDate": "20200515",
        "outstanding": 99692.0
    },
    {
        "calculationDate": "20200630",
        "outstanding": 120453.0
    },
    {
        "calculationDate": "20160107",
        "outstanding": 148332.0
    },
    {
        "calculationDate": "20180607",
        "outstanding": 134557.0
    },
    {
        "calculationDate": "20200918",
        "outstanding": 125000.0
    },
    {
        "calculationDate": "20191218",
        "outstanding": 25000.0
    },
    {
        "calculationDate": "20190426"
    },
    {
        "calculationDate": "20210618",
        "outstanding": 27000.0
    },
    {
        "calculationDate": "20210212",
        "outstanding": 0.0
    },
    {
        "calculationDate": "20190531",
        "outstanding": 122361.0
    },
    {
        "calculationDate": "20130918",
        "outstanding": 75101.0
    },
    {
        "calculationDate": "20210406",
        "outstanding": 6570.0
    },
    {
        "calculationDate": "20210113",
        "outstanding": 11149.0
    },
    {
        "calculationDate": "20170727",
        "outstanding": 136893.0
    },
    {
        "calculationDate": "20181216",
        "outstanding": 10404.0
    },
    {
        "calculationDate": "20180412",
        "outstanding": 119993.0
    },
    {
        "calculationDate": "20170413",
        "outstanding": 93124.0
    },
    {
        "calculationDate": "20151130",
        "outstanding": 54146.0
    },
    {
        "calculationDate": "20201030",
        "outstanding": 119986.0
    },
    {
        "calculationDate": "20150626",
        "outstanding": 89871.0
    },
    {
        "calculationDate": "20190730",
        "outstanding": 85000.0
    },
    {
        "calculationDate": "20200812",
        "outstanding": 113868.0
    },
    {
        "calculationDate": "20190319",
        "outstanding": 142692.0
    },
    {
        "calculationDate": "20171026",
        "outstanding": 139555.0
    },
    {
        "calculationDate": "20170914",
        "outstanding": 134358.0
    },
    {
        "calculationDate": "20190628",
        "outstanding": 100000.0
    },
    {
        "calculationDate": "20131030",
        "outstanding": 68611.0
    },
    {
        "calculationDate": "20181116",
        "outstanding": 45603.0
    },
    {
        "calculationDate": "20150820",
        "outstanding": 97732.0
    },
    {
        "calculationDate": "20170306",
        "outstanding": 130461.0
    },
    {
        "calculationDate": "20180514",
        "outstanding": 95167.0
    },
    {
        "calculationDate": "20151019",
        "outstanding": 91281.0
    },
    {
        "calculationDate": "20180302",
        "outstanding": 119941.0
    },
    {
        "calculationDate": "20180531",
        "outstanding": 92021.0
    },
    {
        "calculationDate": "20140212",
        "outstanding": 82014.0
    },
    {
        "calculationDate": "20181218",
        "outstanding": 42051.0
    },
    {
        "calculationDate": "20161219",
        "outstanding": 104762.0
    },
    {
        "calculationDate": "20180921",
        "outstanding": 84267.0
    },
    {
        "calculationDate": "20180426",
        "outstanding": 109993.0
    },
    {
        "calculationDate": "20160208",
        "outstanding": 106503.0
    },
    {
        "calculationDate": "20140827",
        "outstanding": 69519.0
    },
    {
        "calculationDate": "20161121",
        "outstanding": 84757.0
    },
    {
        "calculationDate": "20171214",
        "outstanding": 128804.0
    },
    {
        "calculationDate": "20170316",
        "outstanding": 119525.0
    },
    {
        "calculationDate": "20171221",
        "outstanding": 100729.0
    },
    {
        "calculationDate": "20160201",
        "outstanding": 106997.0
    },
    {
        "calculationDate": "20150525",
        "outstanding": 74642.0
    },
    {
        "calculationDate": "20170814",
        "outstanding": 96122.0
    },
    {
        "calculationDate": "20191126",
        "outstanding": 0.0
    },
    {
        "calculationDate": "20180727",
        "outstanding": 110077.0
    },
    {
        "calculationDate": "20200225",
        "outstanding": 69872.0
    },
    {
        "calculationDate": "20180209",
        "outstanding": 155385.0
    },
    {
        "calculationDate": "20130213",
        "outstanding": 8248.0
    },
    {
        "calculationDate": "20201103",
        "outstanding": 109446.0
    },
    {
        "calculationDate": "20170501",
        "outstanding": 96373.0
    },
    {
        "calculationDate": "20190329",
        "outstanding": 145909.0
    },
    {
        "calculationDate": "20200306",
        "outstanding": 68831.0
    },
    {
        "calculationDate": "20210122",
        "outstanding": 654.0
    },
    {
        "calculationDate": "20210330",
        "outstanding": 0.0
    },
    {
        "calculationDate": "20130501",
        "outstanding": 83378.0
    },
    {
        "calculationDate": "20190219",
        "outstanding": 104981.0
    },
    {
        "calculationDate": "20200327",
        "outstanding": 112151.0
    },
    {
        "calculationDate": "20131002",
        "outstanding": 73551.0
    },
    {
        "calculationDate": "20190719",
        "outstanding": 102990.0
    },
    {
        "calculationDate": "20170928",
        "outstanding": 97231.0
    },
    {
        "calculationDate": "20151224",
        "outstanding": 143463.0
    },
    {
        "calculationDate": "20160211",
        "outstanding": 92919.0
    },
    {
        "calculationDate": "20160111",
        "outstanding": 149302.0
    },
    {
        "calculationDate": "20181228",
        "outstanding": 85092.0
    },
    {
        "calculationDate": "20170811",
        "outstanding": 95546.0
    },
    {
        "calculationDate": "20190125",
        "outstanding": 96053.0
    },
    {
        "calculationDate": "20200310",
        "outstanding": 89542.0
    },
    {
        "calculationDate": "20170803",
        "outstanding": 123546.0
    },
    {
        "calculationDate": "20170201",
        "outstanding": 93869.0
    },
    {
        "calculationDate": "20160526",
        "outstanding": 117855.0
    },
    {
        "calculationDate": "20160922",
        "outstanding": 83035.0
    },
    {
        "calculationDate": "20190813",
        "outstanding": 75000.0
    },
    {
        "calculationDate": "20200424",
        "outstanding": 107691.0
    },
    {
        "calculationDate": "20200331",
        "outstanding": 100899.0
    },
    {
        "calculationDate": "20160324",
        "outstanding": 115473.0
    },
    {
        "calculationDate": "20161201",
        "outstanding": 83046.0
    },
    {
        "calculationDate": "20130424",
        "outstanding": 80930.0
    },
    {
        "calculationDate": "20150702",
        "outstanding": 81534.0
    },
    {
        "calculationDate": "20161124",
        "outstanding": 83736.0
    },
    {
        "calculationDate": "20160829",
        "outstanding": 89193.0
    },
    {
        "calculationDate": "20180611",
        "outstanding": 135723.0
    },
    {
        "calculationDate": "20140604",
        "outstanding": 95201.0
    },
    {
        "calculationDate": "20150505",
        "outstanding": 84642.0
    },
    {
        "calculationDate": "20181005",
        "outstanding": 77868.0
    },
    {
        "calculationDate": "20150810",
        "outstanding": 107732.0
    },
    {
        "calculationDate": "20141008",
        "outstanding": 47780.0
    },
    {
        "calculationDate": "20180702",
        "outstanding": 139221.0
    },
    {
        "calculationDate": "20161017",
        "outstanding": 66967.0
    },
    {
        "calculationDate": "20170629",
        "outstanding": 77360.0
    },
    {
        "calculationDate": "20130731",
        "outstanding": 85861.0
    },
    {
        "calculationDate": "20140618",
        "outstanding": 85201.0
    },
    {
        "calculationDate": "20160321",
        "outstanding": 59398.0
    },
    {
        "calculationDate": "20200911",
        "outstanding": 99701.0
    },
    {
        "calculationDate": "20180305",
        "outstanding": 125058.0
    },
    {
        "calculationDate": "20180517",
        "outstanding": 103337.0
    },
    {
        "calculationDate": "20150714",
        "outstanding": 109964.0
    },
    {
        "calculationDate": "20180904",
        "outstanding": 101267.0
    },
    {
        "calculationDate": "20171030",
        "outstanding": 141948.0
    },
    {
        "calculationDate": "20200804",
        "outstanding": 100530.0
    },
    {
        "calculationDate": "20190614",
        "outstanding": 111038.0
    },
    {
        "calculationDate": "20210305",
        "outstanding": 848.0
    },
    {
        "calculationDate": "20210625",
        "outstanding": 20000.0
    },
    {
        "calculationDate": "20201222",
        "outstanding": 4719.0
    },
    {
        "calculationDate": "20200324",
        "outstanding": 96602.0
    },
    {
        "calculationDate": "20140903",
        "outstanding": 71483.0
    },
    {
        "calculationDate": "20200221",
        "outstanding": 69882.0
    },
    {
        "calculationDate": "20140430",
        "outstanding": 99476.0
    },
    {
        "calculationDate": "20190702",
        "outstanding": 102472.0
    },
    {
        "calculationDate": "20140129",
        "outstanding": 102272.0
    },
    {
        "calculationDate": "20160303",
        "outstanding": 124214.0
    },
    {
        "calculationDate": "20160331",
        "outstanding": 120134.0
    },
    {
        "calculationDate": "20160815",
        "outstanding": 70527.0
    },
    {
        "calculationDate": "20160114",
        "outstanding": 139307.0
    },
    {
        "calculationDate": "20180118",
        "outstanding": 147329.0
    },
    {
        "calculationDate": "20191101",
        "outstanding": 40000.0
    },
    {
        "calculationDate": "20160707",
        "outstanding": 113818.0
    },
    {
        "calculationDate": "20181226",
        "outstanding": 84469.0
    },
    {
        "calculationDate": "20200218",
        "outstanding": 69999.0
    },
    {
        "calculationDate": "20210206",
        "outstanding": 1013.0
    },
    {
        "calculationDate": "20160630",
        "outstanding": 100705.0
    },
    {
        "calculationDate": "20150316",
        "outstanding": 62785.0
    },
    {
        "calculationDate": "20200731",
        "outstanding": 82714.0
    },
    {
        "calculationDate": "20210115",
        "outstanding": 0.0
    },
    {
        "calculationDate": "20201211",
        "outstanding": 0.0
    },
    {
        "calculationDate": "20150723",
        "outstanding": 117516.0
    },
    {
        "calculationDate": "20150709",
        "outstanding": 103708.0
    },
    {
        "calculationDate": "20150924",
        "outstanding": 101306.0
    },
    {
        "calculationDate": "20210402",
        "outstanding": 0.0
    },
    {
        "calculationDate": "20181204",
        "outstanding": 47014.0
    },
    {
        "calculationDate": "20200626",
        "outstanding": 116122.0
    },
    {
        "calculationDate": "20160801",
        "outstanding": 70767.0
    },
    {
        "calculationDate": "20201002",
        "outstanding": 113210.0
    },
    {
        "calculationDate": "20160602",
        "outstanding": 120546.0
    },
    {
        "calculationDate": "20151228",
        "outstanding": 144425.0
    },
    {
        "calculationDate": "20171005",
        "outstanding": 121587.0
    },
    {
        "calculationDate": "20160616",
        "outstanding": 75546.0
    },
    {
        "calculationDate": "20160627",
        "outstanding": 106472.0
    },
    {
        "calculationDate": "20200204",
        "outstanding": 89539.0
    },
    {
        "calculationDate": "20150430",
        "outstanding": 84642.0
    },
    {
        "calculationDate": "20150114",
        "outstanding": 70312.0
    },
    {
        "calculationDate": "20170515",
        "outstanding": 86373.0
    },
    {
        "calculationDate": "20140328",
        "outstanding": 89251.0
    },
    {
        "calculationDate": "20191220",
        "outstanding": 32628.0
    },
    {
        "calculationDate": "20170824",
        "outstanding": 126050.0
    },
    {
        "calculationDate": "20150420",
        "outstanding": 103537.0
    },
    {
        "calculationDate": "20190504",
        "outstanding": 133624.0
    },
    {
        "calculationDate": "20200414",
        "outstanding": 113561.0
    },
    {
        "calculationDate": "20160613",
        "outstanding": 105546.0
    },
    {
        "calculationDate": "20201124",
        "outstanding": 54444.0
    },
    {
        "calculationDate": "20191231",
        "outstanding": 63466.0
    },
    {
        "calculationDate": "20160513",
        "outstanding": 114075.0
    },
    {
        "calculationDate": "20210129",
        "outstanding": 17311.0
    },
    {
        "calculationDate": "20180521",
        "outstanding": 89986.0
    },
    {
        "calculationDate": "20180626",
        "outstanding": 131854.0
    },
    {
        "calculationDate": "20200103",
        "outstanding": 79814.0
    },
    {
        "calculationDate": "20181211",
        "outstanding": 29814.0
    },
    {
        "calculationDate": "20131231",
        "outstanding": 102829.0
    },
    {
        "calculationDate": "20170209",
        "outstanding": 148318.0
    },
    {
        "calculationDate": "20201009",
        "outstanding": 79047.0
    },
    {
        "calculationDate": "20200707",
        "outstanding": 121900.0
    },
    {
        "calculationDate": "20180322",
        "outstanding": 124805.0
    },
    {
        "calculationDate": "20170703",
        "outstanding": 80498.0
    },
    {
        "calculationDate": "20131218",
        "outstanding": 109246.0
    },
    {
        "calculationDate": "20180201",
        "outstanding": 172199.0
    },
    {
        "calculationDate": "20161003",
        "outstanding": 101642.0
    },
    {
        "calculationDate": "20190802",
        "outstanding": 87014.0
    },
    {
        "calculationDate": "20160328",
        "outstanding": 115713.0
    },
    {
        "calculationDate": "20170428",
        "outstanding": 94667.0
    },
    {
        "calculationDate": "20190308",
        "outstanding": 97151.0
    },
    {
        "calculationDate": "20150130",
        "outstanding": 65508.0
    },
    {
        "calculationDate": "20151214",
        "outstanding": 109826.0
    },
    {
        "calculationDate": "20170112",
        "outstanding": 159195.0
    },
    {
        "calculationDate": "20161114",
        "outstanding": 74254.0
    },
    {
        "calculationDate": "20200228",
        "outstanding": 59997.0
    },
    {
        "calculationDate": "20191129",
        "outstanding": 10313.0
    },
    {
        "calculationDate": "20200616",
        "outstanding": 120670.0
    },
    {
        "calculationDate": "20180724",
        "outstanding": 120077.0
    },
    {
        "calculationDate": "20170724",
        "outstanding": 126127.0
    },
    {
        "calculationDate": "20210427",
        "outstanding": 7590.0
    },
    {
        "calculationDate": "20171211",
        "outstanding": 163804.0
    },
    {
        "calculationDate": "20190903",
        "outstanding": 76735.0
    },
    {
        "calculationDate": "20161027",
        "outstanding": 108912.0
    },
    {
        "calculationDate": "20180621",
        "outstanding": 149956.0
    },
    {
        "calculationDate": "20200814",
        "outstanding": 123836.0
    },
    {
        "calculationDate": "20200728",
        "outstanding": 109999.0
    },
    {
        "calculationDate": "20171120",
        "outstanding": 144700.0
    },
    {
        "calculationDate": "20141231",
        "outstanding": 68448.0
    },
    {
        "calculationDate": "20160226",
        "outstanding": 110724.0
    },
    {
        "calculationDate": "20140409",
        "outstanding": 100495.0
    },
    {
        "calculationDate": "20180409",
        "outstanding": 134993.0
    },
    {
        "calculationDate": "20151008",
        "outstanding": 113861.0
    },
    {
        "calculationDate": "20161226",
        "outstanding": 151858.0
    },
    {
        "calculationDate": "20180503",
        "outstanding": 107919.0
    },
    {
        "calculationDate": "20190528",
        "outstanding": 119700.0
    },
    {
        "calculationDate": "20210601",
        "outstanding": 0.0
    },
    {
        "calculationDate": "20180326",
        "outstanding": 124136.0
    },
    {
        "calculationDate": "20200724",
        "outstanding": 112160.0
    },
    {
        "calculationDate": "20180319",
        "outstanding": 145305.0
    },
    {
        "calculationDate": "20210702",
        "outstanding": 20059.0
    },
    {
        "calculationDate": "20170331",
        "outstanding": 106270.0
    },
    {
        "calculationDate": "20180101",
        "outstanding": 141126.0
    },
    {
        "calculationDate": "20140528",
        "outstanding": 92642.0
    },
    {
        "calculationDate": "20210518",
        "outstanding": 0.0
    },
    {
        "calculationDate": "20170206",
        "outstanding": 109134.0
    },
    {
        "calculationDate": "20130327",
        "outstanding": 88571.0
    },
    {
        "calculationDate": "20200828",
        "outstanding": 140145.0
    },
    {
        "calculationDate": "20130904",
        "outstanding": 96268.0
    },
    {
        "calculationDate": "20181019",
        "outstanding": 63639.0
    },
    {
        "calculationDate": "20160505",
        "outstanding": 129075.0
    },
    {
        "calculationDate": "20170104",
        "outstanding": 153609.0
    },
    {
        "calculationDate": "20160310",
        "outstanding": 124214.0
    },
    {
        "calculationDate": "20190305",
        "outstanding": 107151.0
    },
    {
        "calculationDate": "20170202",
        "outstanding": 124134.0
    },
    {
        "calculationDate": "20191206",
        "outstanding": 0.0
    },
    {
        "calculationDate": "20161031",
        "outstanding": 119311.0
    },
    {
        "calculationDate": "20201013",
        "outstanding": 99993.0
    },
    {
        "calculationDate": "20180129",
        "outstanding": 167029.0
    },
    {
        "calculationDate": "20170424",
        "outstanding": 93620.0
    },
    {
        "calculationDate": "20160317",
        "outstanding": 114398.0
    },
    {
        "calculationDate": "20191227",
        "outstanding": 19578.0
    },
    {
        "calculationDate": "20130703",
        "outstanding": 73771.0
    },
    {
        "calculationDate": "20210309",
        "outstanding": 0.0
    },
    {
        "calculationDate": "20201225",
        "outstanding": 8681.0
    },
    {
        "calculationDate": "20210528",
        "outstanding": 0.0
    },
    {
        "calculationDate": "20180803",
        "outstanding": 113939.0
    },
    {
        "calculationDate": "20130626",
        "outstanding": 71598.0
    },
    {
        "calculationDate": "20200117",
        "outstanding": 66064.0
    },
    {
        "calculationDate": "20200403",
        "outstanding": 100899.0
    },
    {
        "calculationDate": "20130227",
        "outstanding": 85713.0
    },
    {
        "calculationDate": "20161020",
        "outstanding": 66967.0
    },
    {
        "calculationDate": "20150601",
        "outstanding": 77679.0
    },
    {
        "calculationDate": "20180801",
        "outstanding": 113939.0
    },
    {
        "calculationDate": "20160623",
        "outstanding": 116472.0
    },
    {
        "calculationDate": "20210504",
        "outstanding": 0.0
    },
    {
        "calculationDate": "20200317",
        "outstanding": 91687.0
    },
    {
        "calculationDate": "20190201",
        "outstanding": 98443.0
    },
    {
        "calculationDate": "20201127",
        "outstanding": 57835.0
    },
    {
        "calculationDate": "20170918",
        "outstanding": 119358.0
    },
    {
        "calculationDate": "20200107",
        "outstanding": 79814.0
    },
    {
        "calculationDate": "20160721",
        "outstanding": 98578.0
    },
    {
        "calculationDate": "20190423",
        "outstanding": 130385.0
    },
    {
        "calculationDate": "20160407",
        "outstanding": 120416.0
    },
    {
        "calculationDate": "20170831",
        "outstanding": 137563.0
    },
    {
        "calculationDate": "20170420",
        "outstanding": 93124.0
    },
    {
        "calculationDate": "20130925",
        "outstanding": 78498.0
    },
    {
        "calculationDate": "20200818",
        "outstanding": 128120.0
    },
    {
        "calculationDate": "20141126",
        "outstanding": 56526.0
    },
    {
        "calculationDate": "20190924",
        "outstanding": 74338.0
    },
    {
        "calculationDate": "20200925",
        "outstanding": 74996.0
    },
    {
        "calculationDate": "20150107",
        "outstanding": 68448.0
    },
    {
        "calculationDate": "20180524",
        "outstanding": 89738.0
    },
    {
        "calculationDate": "20150727",
        "outstanding": 111584.0
    },
    {
        "calculationDate": "20140205",
        "outstanding": 105185.0
    },
    {
        "calculationDate": "20200303",
        "outstanding": 50082.0
    },
    {
        "calculationDate": "20170921",
        "outstanding": 117445.0
    },
    {
        "calculationDate": "20161006",
        "outstanding": 103763.0
    },
    {
        "calculationDate": "20190115",
        "outstanding": 99533.0
    },
    {
        "calculationDate": "20200908",
        "outstanding": 119727.0
    },
    {
        "calculationDate": "20160704",
        "outstanding": 100945.0
    },
    {
        "calculationDate": "20200904",
        "outstanding": 124427.0
    },
    {
        "calculationDate": "20190205",
        "outstanding": 104519.0
    },
    {
        "calculationDate": "20200825",
        "outstanding": 128939.0
    },
    {
        "calculationDate": "20160404",
        "outstanding": 120176.0
    },
    {
        "calculationDate": "20170302",
        "outstanding": 146461.0
    },
    {
        "calculationDate": "20210604",
        "outstanding": 1091.0
    },
    {
        "calculationDate": "20180105",
        "outstanding": 144908.0
    },
    {
        "calculationDate": "20131204",
        "outstanding": 107717.0
    },
    {
        "calculationDate": "20170213",
        "outstanding": 148716.0
    },
    {
        "calculationDate": "20210224",
        "outstanding": 17939.0
    },
    {
        "calculationDate": "20180315",
        "outstanding": 144485.0
    },
    {
        "calculationDate": "20151001",
        "outstanding": 106274.0
    },
    {
        "calculationDate": "20170123",
        "outstanding": 139945.0
    },
    {
        "calculationDate": "20190104",
        "outstanding": 85582.0
    },
    {
        "calculationDate": "20201006",
        "outstanding": 117397.0
    },
    {
        "calculationDate": "20160905",
        "outstanding": 82104.0
    },
    {
        "calculationDate": "20180824",
        "outstanding": 99413.0
    }
]