[
    {
        "calculationDate": "20230422",
        "outstanding": 0.0
    },
    {
        "calculationDate": "20230317",
        "outstanding": 180636.47
    },
    {
        "calculationDate": "20230325",
        "outstanding": 183941.87
    },
    {
        "calculationDate": "20220716",
        "outstanding": 64184.0
    },
    {
        "calculationDate": "20220623",
        "outstanding": 64761.0
    },
    {
        "calculationDate": "20230101",
        "outstanding": 174526.54
    },
    {
        "calculationDate": "20221005",
        "outstanding": 144412.0
    },
    {
        "calculationDate": "20221231",
        "outstanding": 160036.54
    },
    {
        "calculationDate": "20230219",
        "outstanding": 173483.68
    },
    {
        "calculationDate": "20220305",
        "outstanding": 9327.0
    },
    {
        "calculationDate": "20221221",
        "outstanding": 156209.52
    },
    {
        "calculationDate": "20221018",
        "outstanding": 150716.0
    },
    {
        "calculationDate": "20220604",
        "outstanding": 62595.0
    },
    {
        "calculationDate": "20220225",
        "outstanding": 0.0
    },
    {
        "calculationDate": "20230222",
        "outstanding": 165403.68
    },
    {
        "calculationDate": "20220831",
        "outstanding": 59852.0
    },
    {
        "calculationDate": "20230314",
        "outstanding": 179375.47
    },
    {
        "calculationDate": "20220913",
        "outstanding": 81031.0
    },
    {
        "calculationDate": "20220916",
        "outstanding": 134551.0
    },
    {
        "calculationDate": "20220301",
        "outstanding": 5000.0
    },
    {
        "calculationDate": "20221126",
        "outstanding": 150247.73
    },
    {
        "calculationDate": "20230125",
        "outstanding": 166416.85
    },
    {
        "calculationDate": "20220926",
        "outstanding": 143885.0
    },
    {
        "calculationDate": "20230220",
        "outstanding": 164483.68
    },
    {
        "calculationDate": "20220605",
        "outstanding": 63430.0
    },
    {
        "calculationDate": "20220527",
        "outstanding": 50790.0
    },
    {
        "calculationDate": "20220214",
        "outstanding": 42792.0
    },
    {
        "calculationDate": "20220530",
        "outstanding": 51809.0
    },
    {
        "calculationDate": "20220613",
        "outstanding": 63930.0
    },
    {
        "calculationDate": "20221031",
        "outstanding": 146899.19
    },
    {
        "calculationDate": "20220724",
        "outstanding": 63133.0
    },
    {
        "calculationDate": "20230327",
        "outstanding": 187733.12
    },
    {
        "calculationDate": "20220215",
        "outstanding": 43792.0
    },
    {
        "calculationDate": "20220718",
        "outstanding": 66590.0
    },
    {
        "calculationDate": "20220324",
        "outstanding": 11629.0
    },
    {
        "calculationDate": "20220607",
        "outstanding": 63430.0
    },
    {
        "calculationDate": "20221003",
        "outstanding": 144364.0
    },
    {
        "calculationDate": "20230417",
        "outstanding": 0.0
    },
    {
        "calculationDate": "20221220",
        "outstanding": 156159.12
    },
    {
        "calculationDate": "20220902",
        "outstanding": 61972.0
    },
    {
        "calculationDate": "20220904",
        "outstanding": 74893.0
    },
    {
        "calculationDate": "20220321",
        "outstanding": 10391.0
    },
    {
        "calculationDate": "20230311",
        "outstanding": 179175.47
    },
    {
        "calculationDate": "20230131",
        "outstanding": 172263.78
    },
    {
        "calculationDate": "20220427",
        "outstanding": 52310.0
    },
    {
        "calculationDate": "20230226",
        "outstanding": 168096.68
    },
    {
        "calculationDate": "20230321",
        "outstanding": 180561.87
    },
    {
        "calculationDate": "20220205",
        "outstanding": 0.0
    },
    {
        "calculationDate": "20220407",
        "outstanding": 11767.0
    },
    {
        "calculationDate": "20220829",
        "outstanding": 59852.0
    },
    {
        "calculationDate": "20220621",
        "outstanding": 67461.0
    },
    {
        "calculationDate": "20230228",
        "outstanding": 171572.47
    },
    {
        "calculationDate": "20230326",
        "outstanding": 186468.12
    },
    {
        "calculationDate": "20220808",
        "outstanding": 63708.0
    },
    {
        "calculationDate": "20220421",
        "outstanding": 35622.0
    },
    {
        "calculationDate": "20220302",
        "outstanding": 9300.0
    },
    {
        "calculationDate": "20220910",
        "outstanding": 75359.0
    },
    {
        "calculationDate": "20221130",
        "outstanding": 153582.47
    },
    {
        "calculationDate": "20220415",
        "outstanding": 31904.0
    },
    {
        "calculationDate": "20230426",
        "outstanding": 299.0
    },
    {
        "calculationDate": "20230130",
        "outstanding": 168405.85
    },
    {
        "calculationDate": "20230414",
        "outstanding": 229820.67
    },
    {
        "calculationDate": "20220617",
        "outstanding": 64732.0
    },
    {
        "calculationDate": "20221217",
        "outstanding": 155655.12
    },
    {
        "calculationDate": "20230419",
        "outstanding": 1427.68
    },
    {
        "calculationDate": "20230320",
        "outstanding": 178023.47
    },
    {
        "calculationDate": "20220405",
        "outstanding": 11767.0
    },
    {
        "calculationDate": "20220419",
        "outstanding": 33607.0
    },
    {
        "calculationDate": "20230412",
        "outstanding": 224622.67
    },
    {
        "calculationDate": "20220905",
        "outstanding": 75359.0
    },
    {
        "calculationDate": "20230114",
        "outstanding": 175828.54
    },
    {
        "calculationDate": "20221226",
        "outstanding": 156508.52
    },
    {
        "calculationDate": "20230410",
        "outstanding": 210637.09
    },
    {
        "calculationDate": "20230225",
        "outstanding": 165702.68
    },
    {
        "calculationDate": "20220306",
        "outstanding": 9327.0
    },
    {
        "calculationDate": "20221008",
        "outstanding": 147234.0
    },
    {
        "calculationDate": "20220628",
        "outstanding": 65591.0
    },
    {
        "calculationDate": "20220708",
        "outstanding": 66167.0
    },
    {
        "calculationDate": "20220805",
        "outstanding": 63708.0
    },
    {
        "calculationDate": "20220506",
        "outstanding": 52890.0
    },
    {
        "calculationDate": "20230308",
        "outstanding": 177067.47
    },
    {
        "calculationDate": "20221012",
        "outstanding": 149585.0
    },
    {
        "calculationDate": "20230428",
        "outstanding": 0.0
    },
    {
        "calculationDate": "20230415",
        "outstanding": 229885.67
    },
    {
        "calculationDate": "20230319",
        "outstanding": 186623.47
    },
    {
        "calculationDate": "20220425",
        "outstanding": 36022.0
    },
    {
        "calculationDate": "20230331",
        "outstanding": 191777.09
    },
    {
        "calculationDate": "20220919",
        "outstanding": 146585.0
    },
    {
        "calculationDate": "20220414",
        "outstanding": 55767.0
    },
    {
        "calculationDate": "20230418",
        "outstanding": 608.0
    },
    {
        "calculationDate": "20230405",
        "outstanding": 200637.09
    },
    {
        "calculationDate": "20221121",
        "outstanding": 149948.73
    }
]