[
    {
        "calculationDate": "20190603",
        "outstanding": 21141.0
    },
    {
        "calculationDate": "20150428",
        "outstanding": 20590.0
    },
    {
        "calculationDate": "20190210",
        "outstanding": 62305.0
    },
    {
        "calculationDate": "20200723",
        "outstanding": 6008.0
    },
    {
        "calculationDate": "20160429",
        "outstanding": 23447.0
    },
    {
        "calculationDate": "20180918",
        "outstanding": 13498.0
    },
    {
        "calculationDate": "20190503",
        "outstanding": 48513.0
    },
    {
        "calculationDate": "20190606",
        "outstanding": 24041.0
    },
    {
        "calculationDate": "20180723",
        "outstanding": 20661.0
    },
    {
        "calculationDate": "20190411",
        "outstanding": 36376.0
    },
    {
        "calculationDate": "20200720",
        "outstanding": 1491.0
    },
    {
        "calculationDate": "20180228",
        "outstanding": 106784.0
    },
    {
        "calculationDate": "20180526",
        "outstanding": 62886.0
    },
    {
        "calculationDate": "20180606",
        "outstanding": 80542.0
    },
    {
        "calculationDate": "20200213",
        "outstanding": 58190.0
    },
    {
        "calculationDate": "20180520",
        "outstanding": 24882.0
    },
    {
        "calculationDate": "20190331",
        "outstanding": 28167.0
    },
    {
        "calculationDate": "20190610",
        "outstanding": 25799.0
    },
    {
        "calculationDate": "20190327",
        "outstanding": 13347.0
    },
    {
        "calculationDate": "20200318",
        "outstanding": 11267.0
    },
    {
        "calculationDate": "20210213",
        "outstanding": 0.0
    },
    {
        "calculationDate": "20210926",
        "outstanding": 5756.0
    },
    {
        "calculationDate": "20180423",
        "outstanding": 141301.0
    },
    {
        "calculationDate": "20211204",
        "outstanding": 3836.0
    },
    {
        "calculationDate": "20180917",
        "outstanding": 12072.0
    },
    {
        "calculationDate": "20180715",
        "outstanding": 0.0
    },
    {
        "calculationDate": "20210403",
        "outstanding": 11371.0
    },
    {
        "calculationDate": "20200816",
        "outstanding": 81819.0
    },
    {
        "calculationDate": "20200420",
        "outstanding": 53784.0
    },
    {
        "calculationDate": "20190521",
        "outstanding": 6066.0
    },
    {
        "calculationDate": "20191224",
        "outstanding": 38444.0
    },
    {
        "calculationDate": "20191217",
        "outstanding": 37944.0
    },
    {
        "calculationDate": "20200428",
        "outstanding": 69864.0
    },
    {
        "calculationDate": "20200809",
        "outstanding": 75539.0
    },
    {
        "calculationDate": "20180805",
        "outstanding": 66915.0
    },
    {
        "calculationDate": "20201214",
        "outstanding": 40856.0
    },
    {
        "calculationDate": "20190723",
        "outstanding": 57771.0
    },
    {
        "calculationDate": "20210108",
        "outstanding": 21342.0
    },
    {
        "calculationDate": "20190511",
        "outstanding": 59576.0
    },
    {
        "calculationDate": "20200202",
        "outstanding": 49077.0
    },
    {
        "calculationDate": "20181204",
        "outstanding": 19647.0
    },
    {
        "calculationDate": "20161229",
        "outstanding": 0.0
    },
    {
        "calculationDate": "20200326",
        "outstanding": 23077.0
    },
    {
        "calculationDate": "20190708",
        "outstanding": 26286.0
    },
    {
        "calculationDate": "20161031",
        "outstanding": 170869.0
    },
    {
        "calculationDate": "20190921",
        "outstanding": 2050.0
    },
    {
        "calculationDate": "20170531",
        "outstanding": 118057.0
    },
    {
        "calculationDate": "20210511",
        "outstanding": 2630.0
    },
    {
        "calculationDate": "20200504",
        "outstanding": 0.0
    },
    {
        "calculationDate": "20200930",
        "outstanding": 39059.0
    },
    {
        "calculationDate": "20190807",
        "outstanding": 27036.0
    },
    {
        "calculationDate": "20200410",
        "outstanding": 32312.0
    },
    {
        "calculationDate": "20200330",
        "outstanding": 27192.0
    },
    {
        "calculationDate": "20150819",
        "outstanding": 0.0
    },
    {
        "calculationDate": "20210301",
        "outstanding": 1056.0
    },
    {
        "calculationDate": "20170331",
        "outstanding": 35842.0
    },
    {
        "calculationDate": "20210810",
        "outstanding": 0.0
    },
    {
        "calculationDate": "20190322",
        "outstanding": 868.0
    },
    {
        "calculationDate": "20200722",
        "outstanding": 4147.0
    },
    {
        "calculationDate": "20190113",
        "outstanding": 28219.0
    },
    {
        "calculationDate": "20190821",
        "outstanding": 4121.0
    },
    {
        "calculationDate": "20180303",
        "outstanding": 110754.0
    },
    {
        "calculationDate": "20180402",
        "outstanding": 72830.0
    },
    {
        "calculationDate": "20150614",
        "outstanding": 0.0
    },
    {
        "calculationDate": "20181002",
        "outstanding": 85700.0
    },
    {
        "calculationDate": "20190805",
        "outstanding": 23221.0
    },
    {
        "calculationDate": "20201219",
        "outstanding": 45762.0
    },
    {
        "calculationDate": "20190420",
        "outstanding": 18797.0
    },
    {
        "calculationDate": "20191203"
    },
    {
        "calculationDate": "20201126",
        "outstanding": 24556.0
    },
    {
        "calculationDate": "20190515",
        "outstanding": 0.0
    },
    {
        "calculationDate": "20190225",
        "outstanding": 12270.0
    },
    {
        "calculationDate": "20200210",
        "outstanding": 56007.0
    },
    {
        "calculationDate": "20181106",
        "outstanding": 51800.0
    },
    {
        "calculationDate": "20210509",
        "outstanding": 1659.0
    },
    {
        "calculationDate": "20190226",
        "outstanding": 16528.0
    },
    {
        "calculationDate": "20211209",
        "outstanding": 4934.0
    },
    {
        "calculationDate": "20210913",
        "outstanding": 0.0
    },
    {
        "calculationDate": "20210320",
        "outstanding": 5181.0
    },
    {
        "calculationDate": "20181010",
        "outstanding": 164594.0
    },
    {
        "calculationDate": "20190326",
        "outstanding": 11273.0
    },
    {
        "calculationDate": "20190130",
        "outstanding": 25879.0
    },
    {
        "calculationDate": "20190802",
        "outstanding": 20962.0
    },
    {
        "calculationDate": "20190607",
        "outstanding": 24541.0
    },
    {
        "calculationDate": "20201014",
        "outstanding": 36362.0
    },
    {
        "calculationDate": "20190112",
        "outstanding": 28041.0
    },
    {
        "calculationDate": "20200401",
        "outstanding": 29892.0
    },
    {
        "calculationDate": "20201127",
        "outstanding": 25371.0
    },
    {
        "calculationDate": "20190120",
        "outstanding": 17278.0
    },
    {
        "calculationDate": "20190414",
        "outstanding": 0.0
    },
    {
        "calculationDate": "20160130",
        "outstanding": 0.0
    },
    {
        "calculationDate": "20180911",
        "outstanding": 76918.0
    },
    {
        "calculationDate": "20151031",
        "outstanding": 0.0
    },
    {
        "calculationDate": "20190201",
        "outstanding": 30589.0
    },
    {
        "calculationDate": "20200412",
        "outstanding": 33195.0
    },
    {
        "calculationDate": "20190115",
        "outstanding": 0.0
    },
    {
        "calculationDate": "20190405",
        "outstanding": 32060.0
    },
    {
        "calculationDate": "20180814",
        "outstanding": 0.0
    },
    {
        "calculationDate": "20201116",
        "outstanding": 14285.0
    },
    {
        "calculationDate": "20180327",
        "outstanding": 34489.0
    },
    {
        "calculationDate": "20190302",
        "outstanding": 34165.0
    },
    {
        "calculationDate": "20200421",
        "outstanding": 54459.0
    },
    {
        "calculationDate": "20180725",
        "outstanding": 21746.0
    },
    {
        "calculationDate": "20180614",
        "outstanding": 0.0
    },
    {
        "calculationDate": "20190707",
        "outstanding": 17115.0
    },
    {
        "calculationDate": "20190514",
        "outstanding": 59725.0
    },
    {
        "calculationDate": "20210514",
        "outstanding": 2779.0
    },
    {
        "calculationDate": "20201216",
        "outstanding": 43455.0
    },
    {
        "calculationDate": "20211202",
        "outstanding": 1056.0
    },
    {
        "calculationDate": "20190728",
        "outstanding": 63679.0
    },
    {
        "calculationDate": "20190824",
        "outstanding": 4794.0
    },
    {
        "calculationDate": "20201103",
        "outstanding": 13523.0
    },
    {
        "calculationDate": "20180501",
        "outstanding": 39454.0
    },
    {
        "calculationDate": "20200203",
        "outstanding": 52259.0
    },
    {
        "calculationDate": "20210414",
        "outstanding": 0.0
    },
    {
        "calculationDate": "20201122",
        "outstanding": 21907.0
    },
    {
        "calculationDate": "20181231",
        "outstanding": 11121.0
    },
    {
        "calculationDate": "20151130",
        "outstanding": 27977.0
    },
    {
        "calculationDate": "20200208",
        "outstanding": 54802.0
    },
    {
        "calculationDate": "20190803",
        "outstanding": 20962.0
    },
    {
        "calculationDate": "20200131",
        "outstanding": 17328.0
    },
    {
        "calculationDate": "20201115",
        "outstanding": 13917.0
    },
    {
        "calculationDate": "20190714",
        "outstanding": 49189.0
    },
    {
        "calculationDate": "20191119",
        "outstanding": 15.0
    },
    {
        "calculationDate": "20191022",
        "outstanding": 14916.0
    },
    {
        "calculationDate": "20200811",
        "outstanding": 76850.0
    },
    {
        "calculationDate": "20180807",
        "outstanding": 68503.0
    },
    {
        "calculationDate": "20180112",
        "outstanding": 14441.0
    },
    {
        "calculationDate": "20191012",
        "outstanding": 23966.0
    },
    {
        "calculationDate": "20181128",
        "outstanding": 13324.0
    },
    {
        "calculationDate": "20190814",
        "outstanding": 0.0
    },
    {
        "calculationDate": "20201124",
        "outstanding": 23760.0
    },
    {
        "calculationDate": "20190903",
        "outstanding": 12661.0
    },
    {
        "calculationDate": "20200331",
        "outstanding": 28562.0
    },
    {
        "calculationDate": "20151216",
        "outstanding": 0.0
    },
    {
        "calculationDate": "20200727",
        "outstanding": 9213.0
    },
    {
        "calculationDate": "20180923",
        "outstanding": 21640.0
    },
    {
        "calculationDate": "20181107",
        "outstanding": 59860.0
    },
    {
        "calculationDate": "20200426",
        "outstanding": 65097.0
    },
    {
        "calculationDate": "20201016",
        "outstanding": 36362.0
    },
    {
        "calculationDate": "20200314",
        "outstanding": 0.0
    },
    {
        "calculationDate": "20210112",
        "outstanding": 9842.0
    },
    {
        "calculationDate": "20211129",
        "outstanding": 191.0
    },
    {
        "calculationDate": "20200130",
        "outstanding": 14835.0
    },
    {
        "calculationDate": "20180730",
        "outstanding": 37937.0
    },
    {
        "calculationDate": "20190227",
        "outstanding": 17000.0
    },
    {
        "calculationDate": "20190614",
        "outstanding": 0.0
    },
    {
        "calculationDate": "20190804",
        "outstanding": 22442.0
    },
    {
        "calculationDate": "20190421",
        "outstanding": 19190.0
    },
    {
        "calculationDate": "20190223",
        "outstanding": 8005.0
    },
    {
        "calculationDate": "20181014",
        "outstanding": 0.0
    },
    {
        "calculationDate": "20201229",
        "outstanding": 19977.0
    },
    {
        "calculationDate": "20210102",
        "outstanding": 20480.0
    },
    {
        "calculationDate": "20190429",
        "outstanding": 42386.0
    },
    {
        "calculationDate": "20210925",
        "outstanding": 5136.0
    },
    {
        "calculationDate": "20210114",
        "outstanding": 275.0
    },
    {
        "calculationDate": "20190209",
        "outstanding": 59668.0
    },
    {
        "calculationDate": "20201129",
        "outstanding": 26262.0
    },
    {
        "calculationDate": "20190330",
        "outstanding": 16394.0
    },
    {
        "calculationDate": "20210508",
        "outstanding": 549.0
    },
    {
        "calculationDate": "20211015",
        "outstanding": 6550.0
    },
    {
        "calculationDate": "20190719",
        "outstanding": 52354.0
    },
    {
        "calculationDate": "20200402",
        "outstanding": 30186.0
    },
    {
        "calculationDate": "20190324",
        "outstanding": 1094.0
    },
    {
        "calculationDate": "20181215",
        "outstanding": 0.0
    },
    {
        "calculationDate": "20201125",
        "outstanding": 23750.0
    },
    {
        "calculationDate": "20180405",
        "outstanding": 89635.0
    },
    {
        "calculationDate": "20180515",
        "outstanding": 0.0
    },
    {
        "calculationDate": "20190325",
        "outstanding": 9166.0
    },
    {
        "calculationDate": "20190924",
        "outstanding": 3182.0
    },
    {
        "calculationDate": "20170831",
        "outstanding": 38276.0
    },
    {
        "calculationDate": "20191001",
        "outstanding": 15766.0
    },
    {
        "calculationDate": "20190105",
        "outstanding": 14458.0
    },
    {
        "calculationDate": "20201004",
        "outstanding": 36059.0
    },
    {
        "calculationDate": "20200721",
        "outstanding": 3577.0
    },
    {
        "calculationDate": "20180126",
        "outstanding": 14280.0
    },
    {
        "calculationDate": "20190221",
        "outstanding": 4539.0
    },
    {
        "calculationDate": "20181026",
        "outstanding": 3366.0
    },
    {
        "calculationDate": "20200305",
        "outstanding": 0.0
    },
    {
        "calculationDate": "20190507",
        "outstanding": 56781.0
    },
    {
        "calculationDate": "20190508",
        "outstanding": 58251.0
    },
    {
        "calculationDate": "20181113",
        "outstanding": 65371.0
    },
    {
        "calculationDate": "20190811",
        "outstanding": 27541.0
    },
    {
        "calculationDate": "20190310",
        "outstanding": 55984.0
    },
    {
        "calculationDate": "20191231",
        "outstanding": 0.0
    },
    {
        "calculationDate": "20190727",
        "outstanding": 62794.0
    },
    {
        "calculationDate": "20181120",
        "outstanding": 5412.0
    },
    {
        "calculationDate": "20180826",
        "outstanding": 10381.0
    },
    {
        "calculationDate": "20200815",
        "outstanding": 81301.0
    },
    {
        "calculationDate": "20201119",
        "outstanding": 21458.0
    },
    {
        "calculationDate": "20181112",
        "outstanding": 65021.0
    },
    {
        "calculationDate": "20190204",
        "outstanding": 31078.0
    },
    {
        "calculationDate": "20200429",
        "outstanding": 0.0
    },
    {
        "calculationDate": "20190328",
        "outstanding": 15036.0
    },
    {
        "calculationDate": "20190504",
        "outstanding": 54636.0
    },
    {
        "calculationDate": "20201204",
        "outstanding": 29481.0
    },
    {
        "calculationDate": "20170629",
        "outstanding": 64037.0
    },
    {
        "calculationDate": "20171216",
        "outstanding": 0.0
    },
    {
        "calculationDate": "20190403",
        "outstanding": 30328.0
    },
    {
        "calculationDate": "20200325",
        "outstanding": 20844.0
    },
    {
        "calculationDate": "20150514",
        "outstanding": 0.0
    },
    {
        "calculationDate": "20200729",
        "outstanding": 17341.0
    },
    {
        "calculationDate": "20181111",
        "outstanding": 64011.0
    },
    {
        "calculationDate": "20190409",
        "outstanding": 34724.0
    },
    {
        "calculationDate": "20180722",
        "outstanding": 14103.0
    },
    {
        "calculationDate": "20160531",
        "outstanding": 31165.0
    },
    {
        "calculationDate": "20210923",
        "outstanding": 3122.0
    },
    {
        "calculationDate": "20180130",
        "outstanding": 21512.0
    },
    {
        "calculationDate": "20201112",
        "outstanding": 13701.0
    },
    {
        "calculationDate": "20190528",
        "outstanding": 13424.0
    },
    {
        "calculationDate": "20190827",
        "outstanding": 6319.0
    },
    {
        "calculationDate": "20181208",
        "outstanding": 31333.0
    },
    {
        "calculationDate": "20190419",
        "outstanding": 10721.0
    },
    {
        "calculationDate": "20190914",
        "outstanding": 0.0
    },
    {
        "calculationDate": "20180624",
        "outstanding": 73303.0
    },
    {
        "calculationDate": "20190712",
        "outstanding": 43929.0
    },
    {
        "calculationDate": "20170228",
        "outstanding": 22022.0
    },
    {
        "calculationDate": "20210820",
        "outstanding": 6248.0
    },
    {
        "calculationDate": "20200730",
        "outstanding": 20222.0
    },
    {
        "calculationDate": "20200324",
        "outstanding": 17704.0
    },
    {
        "calculationDate": "20200419",
        "outstanding": 51390.0
    },
    {
        "calculationDate": "20200529",
        "outstanding": 0.0
    },
    {
        "calculationDate": "20210323",
        "outstanding": 11221.0
    },
    {
        "calculationDate": "20171031",
        "outstanding": 20026.0
    },
    {
        "calculationDate": "20190410",
        "outstanding": 36221.0
    },
    {
        "calculationDate": "20181116",
        "outstanding": 0.0
    },
    {
        "calculationDate": "20201102",
        "outstanding": 13523.0
    },
    {
        "calculationDate": "20190519",
        "outstanding": 1261.0
    },
    {
        "calculationDate": "20200311",
        "outstanding": 2456.0
    },
    {
        "calculationDate": "20180223",
        "outstanding": 106534.0
    },
    {
        "calculationDate": "20150930",
        "outstanding": 0.0
    },
    {
        "calculationDate": "20180324",
        "outstanding": 22060.0
    },
    {
        "calculationDate": "20181110",
        "outstanding": 61712.0
    },
    {
        "calculationDate": "20180909",
        "outstanding": 76418.0
    },
    {
        "calculationDate": "20210515",
        "outstanding": 2779.0
    },
    {
        "calculationDate": "20190215",
        "outstanding": 0.0
    },
    {
        "calculationDate": "20190801",
        "outstanding": 66792.0
    },
    {
        "calculationDate": "20190126",
        "outstanding": 25130.0
    },
    {
        "calculationDate": "20190404",
        "outstanding": 31877.0
    },
    {
        "calculationDate": "20181007",
        "outstanding": 111673.0
    },
    {
        "calculationDate": "20200312",
        "outstanding": 3080.0
    },
    {
        "calculationDate": "20210101",
        "outstanding": 20080.0
    },
    {
        "calculationDate": "20181030",
        "outstanding": 11558.0
    },
    {
        "calculationDate": "20180919",
        "outstanding": 14177.0
    },
    {
        "calculationDate": "20200831",
        "outstanding": 77489.0
    },
    {
        "calculationDate": "20211207",
        "outstanding": 5464.0
    },
    {
        "calculationDate": "20210404",
        "outstanding": 12016.0
    },
    {
        "calculationDate": "20200726",
        "outstanding": 8653.0
    },
    {
        "calculationDate": "20200121",
        "outstanding": 3307.0
    },
    {
        "calculationDate": "20211111",
        "outstanding": 0.0
    },
    {
        "calculationDate": "20190531",
        "outstanding": 15707.0
    },
    {
        "calculationDate": "20180113",
        "outstanding": 0.0
    },
    {
        "calculationDate": "20180215",
        "outstanding": 105161.0
    },
    {
        "calculationDate": "20181225",
        "outstanding": 5307.0
    },
    {
        "calculationDate": "20191008",
        "outstanding": 23335.0
    },
    {
        "calculationDate": "20201217",
        "outstanding": 43753.0
    },
    {
        "calculationDate": "20160229",
        "outstanding": 24516.0
    },
    {
        "calculationDate": "20210622",
        "outstanding": 0.0
    },
    {
        "calculationDate": "20190525",
        "outstanding": 6846.0
    },
    {
        "calculationDate": "20191214",
        "outstanding": 37944.0
    },
    {
        "calculationDate": "20191130",
        "outstanding": 25473.0
    },
    {
        "calculationDate": "20160729",
        "outstanding": 64477.0
    },
    {
        "calculationDate": "20190526",
        "outstanding": 9637.0
    },
    {
        "calculationDate": "20190717",
        "outstanding": 49551.0
    },
    {
        "calculationDate": "20180915",
        "outstanding": 0.0
    },
    {
        "calculationDate": "20190806",
        "outstanding": 24298.0
    },
    {
        "calculationDate": "20201117",
        "outstanding": 14966.0
    },
    {
        "calculationDate": "20190605",
        "outstanding": 22473.0
    },
    {
        "calculationDate": "20170919",
        "outstanding": 0.0
    },
    {
        "calculationDate": "20191210",
        "outstanding": 29530.0
    },
    {
        "calculationDate": "20160331",
        "outstanding": 20112.0
    },
    {
        "calculationDate": "20200329",
        "outstanding": 26215.0
    },
    {
        "calculationDate": "20200725",
        "outstanding": 7105.0
    },
    {
        "calculationDate": "20180330",
        "outstanding": 68881.0
    },
    {
        "calculationDate": "20200914",
        "outstanding": 38405.0
    },
    {
        "calculationDate": "20210510",
        "outstanding": 2265.0
    },
    {
        "calculationDate": "20201114",
        "outstanding": 13917.0
    },
    {
        "calculationDate": "20190417",
        "outstanding": 9371.0
    },
    {
        "calculationDate": "20180322",
        "outstanding": 7606.0
    },
    {
        "calculationDate": "20190529",
        "outstanding": 13991.0
    },
    {
        "calculationDate": "20180828",
        "outstanding": 11237.0
    },
    {
        "calculationDate": "20200416",
        "outstanding": 42406.0
    },
    {
        "calculationDate": "20200215",
        "outstanding": 1840.0
    },
    {
        "calculationDate": "20200104",
        "outstanding": 0.0
    },
    {
        "calculationDate": "20210922",
        "outstanding": 1977.0
    },
    {
        "calculationDate": "20190207",
        "outstanding": 58318.0
    },
    {
        "calculationDate": "20211014",
        "outstanding": 5905.0
    },
    {
        "calculationDate": "20191005",
        "outstanding": 18682.0
    },
    {
        "calculationDate": "20190206",
        "outstanding": 34926.0
    },
    {
        "calculationDate": "20201001",
        "outstanding": 36059.0
    },
    {
        "calculationDate": "20200803",
        "outstanding": 21642.0
    },
    {
        "calculationDate": "20190315",
        "outstanding": 0.0
    },
    {
        "calculationDate": "20211230",
        "outstanding": 0.0
    },
    {
        "calculationDate": "20150718",
        "outstanding": 0.0
    },
    {
        "calculationDate": "20190510",
        "outstanding": 58628.0
    },
    {
        "calculationDate": "20191015",
        "outstanding": 0.0
    },
    {
        "calculationDate": "20171231",
        "outstanding": 3905.0
    },
    {
        "calculationDate": "20190721",
        "outstanding": 55350.0
    },
    {
        "calculationDate": "20190720",
        "outstanding": 54698.0
    },
    {
        "calculationDate": "20170428",
        "outstanding": 34743.0
    },
    {
        "calculationDate": "20190928",
        "outstanding": 9369.0
    },
    {
        "calculationDate": "20190704",
        "outstanding": 15048.0
    },
    {
        "calculationDate": "20170131",
        "outstanding": 45101.0
    },
    {
        "calculationDate": "20190314",
        "outstanding": 57745.0
    },
    {
        "calculationDate": "20201207",
        "outstanding": 34196.0
    },
    {
        "calculationDate": "20180724",
        "outstanding": 21105.0
    },
    {
        "calculationDate": "20190218",
        "outstanding": 1404.0
    },
    {
        "calculationDate": "20200814",
        "outstanding": 80130.0
    },
    {
        "calculationDate": "20201208",
        "outstanding": 36636.0
    },
    {
        "calculationDate": "20200321",
        "outstanding": 12324.0
    },
    {
        "calculationDate": "20200728",
        "outstanding": 9603.0
    },
    {
        "calculationDate": "20190608",
        "outstanding": 25299.0
    },
    {
        "calculationDate": "20190412",
        "outstanding": 37792.0
    },
    {
        "calculationDate": "20190426",
        "outstanding": 38639.0
    },
    {
        "calculationDate": "20200806",
        "outstanding": 75247.0
    },
    {
        "calculationDate": "20180308",
        "outstanding": 0.0
    },
    {
        "calculationDate": "20180202",
        "outstanding": 21714.0
    },
    {
        "calculationDate": "20190831",
        "outstanding": 9912.0
    },
    {
        "calculationDate": "20190601",
        "outstanding": 17933.0
    },
    {
        "calculationDate": "20190407",
        "outstanding": 33118.0
    },
    {
        "calculationDate": "20200413",
        "outstanding": 34107.0
    },
    {
        "calculationDate": "20190224",
        "outstanding": 9777.0
    },
    {
        "calculationDate": "20211213",
        "outstanding": 0.0
    },
    {
        "calculationDate": "20201130",
        "outstanding": 27290.0
    },
    {
        "calculationDate": "20200322",
        "outstanding": 14469.0
    },
    {
        "calculationDate": "20210203",
        "outstanding": 1057.0
    },
    {
        "calculationDate": "20200212",
        "outstanding": 56630.0
    },
    {
        "calculationDate": "20211203",
        "outstanding": 1656.0
    },
    {
        "calculationDate": "20190222",
        "outstanding": 7025.0
    },
    {
        "calculationDate": "20160930",
        "outstanding": 115367.0
    },
    {
        "calculationDate": "20170930",
        "outstanding": 21109.0
    },
    {
        "calculationDate": "20200118",
        "outstanding": 1237.0
    },
    {
        "calculationDate": "20190724",
        "outstanding": 60639.0
    },
    {
        "calculationDate": "20171015",
        "outstanding": 0.0
    },
    {
        "calculationDate": "20190128",
        "outstanding": 25879.0
    },
    {
        "calculationDate": "20180204",
        "outstanding": 23918.0
    },
    {
        "outstanding": 126977.0
    },
    {
        "calculationDate": "20190305",
        "outstanding": 35286.0
    },
    {
        "calculationDate": "20181009",
        "outstanding": 112633.0
    },
    {
        "calculationDate": "20190520",
        "outstanding": 5178.0
    },
    {
        "calculationDate": "20170731",
        "outstanding": 69797.0
    },
    {
        "calculationDate": "20190303",
        "outstanding": 34965.0
    },
    {
        "calculationDate": "20190702",
        "outstanding": 4532.0
    },
    {
        "calculationDate": "20181103",
        "outstanding": 33897.0
    },
    {
        "calculationDate": "20181210",
        "outstanding": 32447.0
    },
    {
        "calculationDate": "20190402",
        "outstanding": 30228.0
    },
    {
        "calculationDate": "20181201",
        "outstanding": 17688.0
    },
    {
        "calculationDate": "20181226",
        "outstanding": 7534.0
    },
    {
        "calculationDate": "20210113",
        "outstanding": 0.0
    },
    {
        "calculationDate": "20180704",
        "outstanding": 99872.0
    },
    {
        "calculationDate": "20201203",
        "outstanding": 24336.0
    },
    {
        "calculationDate": "20190523",
        "outstanding": 6166.0
    },
    {
        "calculationDate": "20210307",
        "outstanding": 1701.0
    },
    {
        "calculationDate": "20160630",
        "outstanding": 82310.0
    },
    {
        "calculationDate": "20210118",
        "outstanding": 1357.0
    },
    {
        "calculationDate": "20171130",
        "outstanding": 99109.0
    },
    {
        "calculationDate": "20201118",
        "outstanding": 21181.0
    },
    {
        "calculationDate": "20200201",
        "outstanding": 42328.0
    },
    {
        "calculationDate": "20191123",
        "outstanding": 4034.0
    },
    {
        "calculationDate": "20200126",
        "outstanding": 9874.0
    },
    {
        "calculationDate": "20190307",
        "outstanding": 36936.0
    },
    {
        "calculationDate": "20190518",
        "outstanding": 647.0
    },
    {
        "calculationDate": "20181105",
        "outstanding": 51450.0
    },
    {
        "calculationDate": "20190308",
        "outstanding": 54612.0
    },
    {
        "calculationDate": "20190710",
        "outstanding": 32585.0
    },
    {
        "calculationDate": "20190501",
        "outstanding": 45001.0
    },
    {
        "calculationDate": "20190729",
        "outstanding": 64942.0
    },
    {
        "calculationDate": "20171226",
        "outstanding": 20.0
    },
    {
        "calculationDate": "20180413",
        "outstanding": 101654.0
    },
    {
        "calculationDate": "20180124",
        "outstanding": 893.0
    },
    {
        "calculationDate": "20190211",
        "outstanding": 65551.0
    },
    {
        "calculationDate": "20201227",
        "outstanding": 39682.0
    },
    {
        "calculationDate": "20191116",
        "outstanding": 0.0
    },
    {
        "calculationDate": "20200220",
        "outstanding": 0.0
    },
    {
        "calculationDate": "20190427",
        "outstanding": 41943.0
    },
    {
        "calculationDate": "20211103",
        "outstanding": 550.0
    },
    {
        "calculationDate": "20211106",
        "outstanding": 1195.0
    },
    {
        "calculationDate": "20200813",
        "outstanding": 77663.0
    },
    {
        "calculationDate": "20200219",
        "outstanding": 540.0
    },
    {
        "calculationDate": "20180709",
        "outstanding": 113906.0
    },
    {
        "calculationDate": "20200423",
        "outstanding": 62046.0
    },
    {
        "calculationDate": "20180426",
        "outstanding": 142279.0
    },
    {
        "calculationDate": "20200415",
        "outstanding": 41326.0
    },
    {
        "calculationDate": "20201123",
        "outstanding": 23029.0
    },
    {
        "calculationDate": "20190527",
        "outstanding": 11989.0
    },
    {
        "calculationDate": "20180905",
        "outstanding": 73284.0
    },
    {
        "calculationDate": "20201031",
        "outstanding": 36523.0
    },
    {
        "calculationDate": "20190425",
        "outstanding": 19590.0
    },
    {
        "calculationDate": "20190118",
        "outstanding": 13072.0
    },
    {
        "calculationDate": "20200128",
        "outstanding": 12461.0
    },
    {
        "calculationDate": "20201228",
        "outstanding": 39148.0
    },
    {
        "calculationDate": "20190430",
        "outstanding": 44109.0
    },
    {
        "calculationDate": "20191026",
        "outstanding": 20149.0
    },
    {
        "calculationDate": "20190718",
        "outstanding": 50866.0
    },
    {
        "calculationDate": "20190725",
        "outstanding": 61894.0
    },
    {
        "calculationDate": "20190722",
        "outstanding": 56672.0
    },
    {
        "calculationDate": "20200206",
        "outstanding": 53487.0
    },
    {
        "calculationDate": "20200422",
        "outstanding": 55654.0
    },
    {
        "calculationDate": "20201221",
        "outstanding": 46732.0
    },
    {
        "calculationDate": "20190109",
        "outstanding": 27062.0
    },
    {
        "calculationDate": "20190502",
        "outstanding": 45813.0
    },
    {
        "calculationDate": "20200214",
        "outstanding": 2106.0
    },
    {
        "calculationDate": "20190701",
        "outstanding": 2241.0
    },
    {
        "calculationDate": "20180820",
        "outstanding": 3109.0
    },
    {
        "calculationDate": "20190819",
        "outstanding": 781.0
    },
    {
        "outstanding": 2021.0
    },
    {
        "calculationDate": "20190408",
        "outstanding": 33547.0
    },
    {
        "calculationDate": "20201202",
        "outstanding": 23768.0
    },
    {
        "calculationDate": "20190131",
        "outstanding": 29309.0
    },
    {
        "calculationDate": "20190306",
        "outstanding": 36586.0
    },
    {
        "calculationDate": "20201205",
        "outstanding": 30205.0
    },
    {
        "calculationDate": "20210201",
        "outstanding": 1057.0
    },
    {
        "calculationDate": "20190313",
        "outstanding": 56475.0
    },
    {
        "calculationDate": "20200915",
        "outstanding": 38405.0
    },
    {
        "calculationDate": "20180903",
        "outstanding": 69713.0
    },
    {
        "calculationDate": "20210522",
        "outstanding": 0.0
    },
    {
        "calculationDate": "20190505",
        "outstanding": 54936.0
    },
    {
        "calculationDate": "20211205",
        "outstanding": 4156.0
    },
    {
        "calculationDate": "20200414",
        "outstanding": 34256.0
    },
    {
        "calculationDate": "20200718",
        "outstanding": 842.0
    },
    {
        "calculationDate": "20200127",
        "outstanding": 11691.0
    },
    {
        "calculationDate": "20180317",
        "outstanding": 0.0
    },
    {
        "calculationDate": "20180802",
        "outstanding": 58578.0
    },
    {
        "calculationDate": "20181013",
        "outstanding": 183257.0
    },
    {
        "calculationDate": "20211101",
        "outstanding": 550.0
    },
    {
        "calculationDate": "20201211",
        "outstanding": 38615.0
    },
    {
        "calculationDate": "20180410",
        "outstanding": 100745.0
    },
    {
        "calculationDate": "20210722",
        "outstanding": 0.0
    },
    {
        "calculationDate": "20190709",
        "outstanding": 31682.0
    },
    {
        "calculationDate": "20200731",
        "outstanding": 20664.0
    },
    {
        "calculationDate": "20200810",
        "outstanding": 76037.0
    },
    {
        "calculationDate": "20210724",
        "outstanding": 295.0
    },
    {
        "calculationDate": "20180701",
        "outstanding": 98921.0
    },
    {
        "calculationDate": "20181004",
        "outstanding": 96491.0
    },
    {
        "calculationDate": "20160831",
        "outstanding": 46980.0
    },
    {
        "calculationDate": "20200805",
        "outstanding": 75006.0
    },
    {
        "calculationDate": "20180731",
        "outstanding": 45359.0
    },
    {
        "calculationDate": "20201223",
        "outstanding": 37256.0
    },
    {
        "calculationDate": "20190214",
        "outstanding": 68940.0
    },
    {
        "calculationDate": "20200925",
        "outstanding": 38905.0
    },
    {
        "calculationDate": "20201222",
        "outstanding": 36912.0
    },
    {
        "calculationDate": "20180922",
        "outstanding": 21387.0
    },
    {
        "calculationDate": "20180811",
        "outstanding": 89083.0
    },
    {
        "calculationDate": "20181209",
        "outstanding": 31667.0
    },
    {
        "calculationDate": "20181031",
        "outstanding": 24040.0
    },
    {
        "calculationDate": "20210104",
        "outstanding": 21074.0
    },
    {
        "calculationDate": "20201128",
        "outstanding": 25837.0
    },
    {
        "calculationDate": "20200903",
        "outstanding": 37489.0
    },
    {
        "calculationDate": "20201225",
        "outstanding": 38482.0
    },
    {
        "calculationDate": "20201226",
        "outstanding": 39228.0
    },
    {
        "calculationDate": "20200323",
        "outstanding": 15837.0
    },
    {
        "calculationDate": "20201218",
        "outstanding": 44487.0
    },
    {
        "calculationDate": "20191109",
        "outstanding": 67295.0
    },
    {
        "calculationDate": "20180728",
        "outstanding": 36644.0
    },
    {
        "calculationDate": "20210321",
        "outstanding": 9181.0
    },
    {
        "calculationDate": "20210103",
        "outstanding": 20480.0
    },
    {
        "calculationDate": "20190208",
        "outstanding": 58419.0
    },
    {
        "calculationDate": "20180712",
        "outstanding": 117074.0
    },
    {
        "calculationDate": "20201206",
        "outstanding": 33765.0
    },
    {
        "calculationDate": "20210115",
        "outstanding": 118.0
    },
    {
        "calculationDate": "20190731",
        "outstanding": 66492.0
    },
    {
        "calculationDate": "20181228",
        "outstanding": 8913.0
    },
    {
        "calculationDate": "20181224",
        "outstanding": 3327.0
    },
    {
        "calculationDate": "20191105",
        "outstanding": 65215.0
    },
    {
        "calculationDate": "20210901",
        "outstanding": 8269.0
    },
    {
        "calculationDate": "20210313",
        "outstanding": 0.0
    },
    {
        "calculationDate": "20201215",
        "outstanding": 41886.0
    },
    {
        "calculationDate": "20190604",
        "outstanding": 22153.0
    },
    {
        "calculationDate": "20180529",
        "outstanding": 64071.0
    },
    {
        "calculationDate": "20190205",
        "outstanding": 32219.0
    },
    {
        "calculationDate": "20190321",
        "outstanding": 627.0
    },
    {
        "calculationDate": "20200427",
        "outstanding": 67581.0
    },
    {
        "calculationDate": "20161130",
        "outstanding": 291218.0
    },
    {
        "calculationDate": "20210603",
        "outstanding": 0.0
    }
]