[
    {
        "calculationDate": "20230412",
        "outstanding": 27724.77
    },
    {
        "calculationDate": "20221202",
        "outstanding": 36859.65
    },
    {
        "calculationDate": "20230512",
        "outstanding": 41717.24
    },
    {
        "calculationDate": "20221225",
        "outstanding": 15405.61
    },
    {
        "calculationDate": "20230316",
        "outstanding": 7358.36
    },
    {
        "calculationDate": "20230202",
        "outstanding": 304.97
    },
    {
        "calculationDate": "20230220",
        "outstanding": 0.0
    },
    {
        "calculationDate": "20230605",
        "outstanding": 42286.68
    },
    {
        "calculationDate": "20230314",
        "outstanding": 6521.58
    },
    {
        "calculationDate": "20230129",
        "outstanding": 5802.47
    },
    {
        "calculationDate": "20230525",
        "outstanding": 40688.02
    },
    {
        "calculationDate": "20230318",
        "outstanding": 11844.86
    },
    {
        "calculationDate": "20220921",
        "outstanding": 0.0
    },
    {
        "calculationDate": "20230417",
        "outstanding": 26087.92
    },
    {
        "calculationDate": "20230609",
        "outstanding": 43004.93
    },
    {
        "calculationDate": "20221122",
        "outstanding": 21163.87
    },
    {
        "calculationDate": "20230607",
        "outstanding": 42501.64
    },
    {
        "calculationDate": "20221017",
        "outstanding": 16938.0
    },
    {
        "calculationDate": "20221220",
        "outstanding": 15055.61
    },
    {
        "calculationDate": "20230424",
        "outstanding": 39215.47
    },
    {
        "calculationDate": "20230419",
        "outstanding": 36082.56
    },
    {
        "calculationDate": "20230517",
        "outstanding": 38729.71
    },
    {
        "calculationDate": "20230301",
        "outstanding": 1273.0
    },
    {
        "calculationDate": "20230323",
        "outstanding": 8758.11
    },
    {
        "calculationDate": "20221130",
        "outstanding": 34658.33
    },
    {
        "calculationDate": "20230410",
        "outstanding": 26269.74
    },
    {
        "calculationDate": "20230213",
        "outstanding": 385.76
    },
    {
        "calculationDate": "20230321",
        "outstanding": 13597.72
    },
    {
        "calculationDate": "20221209",
        "outstanding": 43475.27
    },
    {
        "calculationDate": "20230515",
        "outstanding": 37146.79
    },
    {
        "calculationDate": "20230414",
        "outstanding": 24480.84
    },
    {
        "calculationDate": "20230426",
        "outstanding": 39929.84
    },
    {
        "calculationDate": "20221214",
        "outstanding": 25000.0
    },
    {
        "calculationDate": "20230428",
        "outstanding": 40245.8
    },
    {
        "calculationDate": "20230514",
        "outstanding": 36838.84
    },
    {
        "calculationDate": "20230127",
        "outstanding": 6311.3
    },
    {
        "calculationDate": "20230130",
        "outstanding": 6062.46
    },
    {
        "calculationDate": "20230519",
        "outstanding": 39571.59
    },
    {
        "calculationDate": "20221218",
        "outstanding": 28325.56
    },
    {
        "calculationDate": "20221211",
        "outstanding": 25000.0
    },
    {
        "calculationDate": "20230212",
        "outstanding": 102.89
    },
    {
        "calculationDate": "20230327",
        "outstanding": 11176.11
    },
    {
        "calculationDate": "20230522",
        "outstanding": 40653.02
    },
    {
        "calculationDate": "20230131",
        "outstanding": 0.0
    },
    {
        "calculationDate": "20230501",
        "outstanding": 42404.45
    },
    {
        "calculationDate": "20221019",
        "outstanding": 20839.0
    },
    {
        "calculationDate": "20230508",
        "outstanding": 40177.96
    },
    {
        "calculationDate": "20230203",
        "outstanding": 564.44
    },
    {
        "calculationDate": "20230503",
        "outstanding": 43405.4
    },
    {
        "calculationDate": "20230421",
        "outstanding": 37917.81
    },
    {
        "calculationDate": "20221031",
        "outstanding": 28960.28
    },
    {
        "calculationDate": "20230218",
        "outstanding": 174.99
    },
    {
        "calculationDate": "20230324",
        "outstanding": 8853.11
    },
    {
        "calculationDate": "20230331",
        "outstanding": 11509.56
    },
    {
        "calculationDate": "20230306",
        "outstanding": 11684.11
    },
    {
        "calculationDate": "20230123",
        "outstanding": 2452.32
    },
    {
        "calculationDate": "20221208",
        "outstanding": 40313.44
    },
    {
        "calculationDate": "20230303",
        "outstanding": 3786.52
    },
    {
        "calculationDate": "20221216",
        "outstanding": 26973.03
    },
    {
        "calculationDate": "20230206",
        "outstanding": 1068.02
    },
    {
        "calculationDate": "20230411",
        "outstanding": 27193.61
    },
    {
        "calculationDate": "20230217",
        "outstanding": 308.0
    },
    {
        "calculationDate": "20221024",
        "outstanding": 25880.0
    },
    {
        "calculationDate": "20221229",
        "outstanding": 19892.31
    },
    {
        "calculationDate": "20220919",
        "outstanding": 0.0
    },
    {
        "calculationDate": "20230114",
        "outstanding": 23704.2
    },
    {
        "calculationDate": "20221010",
        "outstanding": 3518.0
    },
    {
        "calculationDate": "20221226",
        "outstanding": 17061.22
    },
    {
        "calculationDate": "20230125",
        "outstanding": 5936.32
    },
    {
        "calculationDate": "20230228",
        "outstanding": 92.98
    },
    {
        "calculationDate": "20230214",
        "outstanding": 0.0
    },
    {
        "calculationDate": "20230510",
        "outstanding": 39699.27
    },
    {
        "calculationDate": "20230226",
        "outstanding": 559.0
    },
    {
        "calculationDate": "20230308",
        "outstanding": 0.0
    },
    {
        "calculationDate": "20230210",
        "outstanding": 1879.88
    },
    {
        "calculationDate": "20230309",
        "outstanding": 0.0
    },
    {
        "calculationDate": "20230505",
        "outstanding": 44151.86
    },
    {
        "calculationDate": "20221014",
        "outstanding": 17587.0
    },
    {
        "calculationDate": "20230118",
        "outstanding": 499.0
    },
    {
        "calculationDate": "20221114",
        "outstanding": 28237.5
    },
    {
        "calculationDate": "20221028",
        "outstanding": 21369.0
    },
    {
        "calculationDate": "20220916",
        "outstanding": 0.0
    },
    {
        "calculationDate": "20221230",
        "outstanding": 24857.39
    },
    {
        "calculationDate": "20230310",
        "outstanding": 5869.35
    },
    {
        "calculationDate": "20221026",
        "outstanding": 21346.0
    },
    {
        "calculationDate": "20230227",
        "outstanding": 1292.94
    },
    {
        "calculationDate": "20221030",
        "outstanding": 25490.0
    }
]