[
    {
        "calculationDate": "20230414",
        "outstanding": 0.0
    },
    {
        "calculationDate": "20230402",
        "outstanding": 23841.08
    },
    {
        "calculationDate": "20221013",
        "outstanding": 22927.0
    },
    {
        "calculationDate": "20230519",
        "outstanding": 22010.0
    },
    {
        "calculationDate": "20221218",
        "outstanding": 809.83
    },
    {
        "calculationDate": "20221011",
        "outstanding": 22827.0
    },
    {
        "calculationDate": "20230404",
        "outstanding": 23282.83
    },
    {
        "calculationDate": "20230123",
        "outstanding": 130.0
    },
    {
        "calculationDate": "20230209",
        "outstanding": 0.0
    },
    {
        "calculationDate": "20220920",
        "outstanding": 0.0
    },
    {
        "calculationDate": "20221231",
        "outstanding": 8855.09
    },
    {
        "calculationDate": "20230413",
        "outstanding": 0.0
    },
    {
        "calculationDate": "20220922",
        "outstanding": 0.0
    },
    {
        "calculationDate": "20220929",
        "outstanding": 14502.0
    },
    {
        "calculationDate": "20230121",
        "outstanding": 315.0
    },
    {
        "calculationDate": "20230304",
        "outstanding": 6696.5
    },
    {
        "calculationDate": "20220924",
        "outstanding": 5923.0
    },
    {
        "calculationDate": "20221029",
        "outstanding": 0.0
    },
    {
        "calculationDate": "20221001",
        "outstanding": 22402.0
    },
    {
        "calculationDate": "20221120",
        "outstanding": 695.0
    },
    {
        "calculationDate": "20230228",
        "outstanding": 5046.79
    },
    {
        "calculationDate": "20230419",
        "outstanding": 19100.0
    },
    {
        "calculationDate": "20230408",
        "outstanding": 26134.52
    },
    {
        "calculationDate": "20230211",
        "outstanding": 0.0
    },
    {
        "calculationDate": "20221006",
        "outstanding": 15702.0
    },
    {
        "calculationDate": "20230525",
        "outstanding": 22110.0
    },
    {
        "calculationDate": "20230328",
        "outstanding": 23550.24
    },
    {
        "calculationDate": "20221129",
        "outstanding": 2000.0
    },
    {
        "calculationDate": "20230307",
        "outstanding": 0.0
    },
    {
        "calculationDate": "20221018",
        "outstanding": 21987.0
    },
    {
        "calculationDate": "20230330",
        "outstanding": 23396.87
    },
    {
        "calculationDate": "20221008",
        "outstanding": 21502.0
    },
    {
        "calculationDate": "20230516",
        "outstanding": 22000.0
    },
    {
        "calculationDate": "20230319",
        "outstanding": 21781.5
    },
    {
        "calculationDate": "20221004",
        "outstanding": 15402.0
    },
    {
        "calculationDate": "20230410",
        "outstanding": 0.0
    },
    {
        "calculationDate": "20220917",
        "outstanding": 0.0
    },
    {
        "calculationDate": "20221210",
        "outstanding": 5294.83
    },
    {
        "calculationDate": "20221220",
        "outstanding": 1655.09
    },
    {
        "calculationDate": "20220927",
        "outstanding": 7113.0
    },
    {
        "calculationDate": "20230406",
        "outstanding": 26134.52
    },
    {
        "calculationDate": "20221223",
        "outstanding": 3655.09
    },
    {
        "calculationDate": "20230502",
        "outstanding": 0.0
    },
    {
        "calculationDate": "20230302",
        "outstanding": 6370.55
    },
    {
        "calculationDate": "20230129",
        "outstanding": 1817.21
    },
    {
        "calculationDate": "20221021",
        "outstanding": 22374.0
    },
    {
        "calculationDate": "20230308",
        "outstanding": 17007.23
    },
    {
        "calculationDate": "20230312",
        "outstanding": 19783.18
    },
    {
        "calculationDate": "20221015",
        "outstanding": 23887.0
    },
    {
        "calculationDate": "20221027",
        "outstanding": 17374.0
    },
    {
        "calculationDate": "20230313",
        "outstanding": 19953.14
    },
    {
        "calculationDate": "20230418",
        "outstanding": 100.0
    },
    {
        "calculationDate": "20230214",
        "outstanding": 0.0
    },
    {
        "calculationDate": "20230226",
        "outstanding": 3031.86
    },
    {
        "calculationDate": "20230603",
        "outstanding": 0.0
    },
    {
        "calculationDate": "20230321",
        "outstanding": 22147.46
    },
    {
        "calculationDate": "20230316",
        "outstanding": 19732.75
    },
    {
        "calculationDate": "20221020",
        "outstanding": 22374.0
    }
]