[
    {
        "calculationDate": "20200814",
        "outstanding": 4962.0
    },
    {
        "calculationDate": "20200522",
        "outstanding": 0.0
    },
    {
        "calculationDate": "20210706",
        "outstanding": 0.0
    },
    {
        "calculationDate": "20200410",
        "outstanding": 0.0
    },
    {
        "calculationDate": "20210610",
        "outstanding": 0.0
    },
    {
        "calculationDate": "20210409",
        "outstanding": 0.0
    },
    {
        "calculationDate": "20200323",
        "outstanding": 7236.0
    },
    {
        "calculationDate": "20200724",
        "outstanding": 0.0
    },
    {
        "calculationDate": "20210723",
        "outstanding": 0.0
    },
    {
        "calculationDate": "20201124",
        "outstanding": 0.0
    },
    {
        "calculationDate": "20200925",
        "outstanding": 0.0
    },
    {
        "calculationDate": "20210313",
        "outstanding": 0.0
    },
    {
        "calculationDate": "20200911",
        "outstanding": 1995.0
    },
    {
        "calculationDate": "20210325",
        "outstanding": 0.0
    },
    {
        "calculationDate": "20200525",
        "outstanding": 0.0
    },
    {
        "calculationDate": "20200519",
        "outstanding": 0.0
    },
    {
        "calculationDate": "20191213",
        "outstanding": 9546.0
    },
    {
        "calculationDate": "20210816",
        "outstanding": 0.0
    },
    {
        "calculationDate": "20210309",
        "outstanding": 0.0
    },
    {
        "calculationDate": "20210120",
        "outstanding": 0.0
    },
    {
        "calculationDate": "20200516",
        "outstanding": 0.0
    },
    {
        "calculationDate": "20210502",
        "outstanding": 0.0
    },
    {
        "calculationDate": "20210123",
        "outstanding": 0.0
    },
    {
        "calculationDate": "20210210",
        "outstanding": 0.0
    },
    {
        "calculationDate": "20210411",
        "outstanding": 0.0
    },
    {
        "calculationDate": "20210420",
        "outstanding": 0.0
    },
    {
        "calculationDate": "20200627",
        "outstanding": 33570.0
    },
    {
        "calculationDate": "20211021",
        "outstanding": 0.0
    },
    {
        "calculationDate": "20210604",
        "outstanding": 0.0
    },
    {
        "calculationDate": "20210717",
        "outstanding": 0.0
    },
    {
        "calculationDate": "20191210",
        "outstanding": 9862.0
    },
    {
        "calculationDate": "20201025",
        "outstanding": 0.0
    },
    {
        "calculationDate": "20210117",
        "outstanding": 0.0
    },
    {
        "calculationDate": "20210129",
        "outstanding": 0.0
    },
    {
        "calculationDate": "20191128",
        "outstanding": 553.0
    },
    {
        "calculationDate": "20200823",
        "outstanding": 0.0
    },
    {
        "calculationDate": "20210630",
        "outstanding": 0.0
    },
    {
        "calculationDate": "20210818",
        "outstanding": 0.0
    },
    {
        "calculationDate": "20210624",
        "outstanding": 0.0
    },
    {
        "calculationDate": "20210915",
        "outstanding": 0.0
    },
    {
        "calculationDate": "20210711",
        "outstanding": 2816.0
    },
    {
        "calculationDate": "20201014",
        "outstanding": 0.0
    },
    {
        "calculationDate": "20200224",
        "outstanding": 0.0
    },
    {
        "calculationDate": "20200624",
        "outstanding": 45616.0
    },
    {
        "calculationDate": "20210713",
        "outstanding": 0.0
    },
    {
        "calculationDate": "20210508",
        "outstanding": 1066.0
    },
    {
        "calculationDate": "20200802",
        "outstanding": 3021.0
    },
    {
        "calculationDate": "20210905",
        "outstanding": 23000.0
    },
    {
        "calculationDate": "20210222",
        "outstanding": 0.0
    },
    {
        "calculationDate": "20210304",
        "outstanding": 0.0
    },
    {
        "calculationDate": "20200826",
        "outstanding": 0.0
    },
    {
        "calculationDate": "20210423",
        "outstanding": 0.0
    },
    {
        "calculationDate": "20210317",
        "outstanding": 0.0
    },
    {
        "calculationDate": "20200712",
        "outstanding": 18000.0
    },
    {
        "calculationDate": "20200124",
        "outstanding": 0.0
    },
    {
        "calculationDate": "20210225",
        "outstanding": 0.0
    },
    {
        "calculationDate": "20210311",
        "outstanding": 255.0
    },
    {
        "calculationDate": "20201218",
        "outstanding": 0.0
    },
    {
        "calculationDate": "20210530",
        "outstanding": 0.0
    },
    {
        "calculationDate": "20200326",
        "outstanding": 0.0
    },
    {
        "calculationDate": "20210622",
        "outstanding": 4331.0
    },
    {
        "calculationDate": "20200806",
        "outstanding": 0.0
    },
    {
        "calculationDate": "20210523",
        "outstanding": 3657.0
    },
    {
        "calculationDate": "20210808",
        "outstanding": 0.0
    },
    {
        "calculationDate": "20201127",
        "outstanding": 0.0
    },
    {
        "calculationDate": "20201224",
        "outstanding": 0.0
    },
    {
        "calculationDate": "20210824",
        "outstanding": 0.0
    },
    {
        "calculationDate": "20210520",
        "outstanding": 3445.0
    },
    {
        "calculationDate": "20200630",
        "outstanding": 17492.0
    },
    {
        "calculationDate": "20210418",
        "outstanding": 0.0
    },
    {
        "calculationDate": "20201210",
        "outstanding": 3578.0
    },
    {
        "calculationDate": "20191226",
        "outstanding": 0.0
    },
    {
        "calculationDate": "20200703",
        "outstanding": 17492.0
    },
    {
        "calculationDate": "20210725",
        "outstanding": 0.0
    },
    {
        "calculationDate": "20200621",
        "outstanding": 43069.0
    },
    {
        "calculationDate": "20191223",
        "outstanding": 10660.0
    },
    {
        "calculationDate": "20210923",
        "outstanding": 0.0
    },
    {
        "calculationDate": "20210708",
        "outstanding": 0.0
    },
    {
        "calculationDate": "20191125",
        "outstanding": 0.0
    },
    {
        "calculationDate": "20210526",
        "outstanding": 0.0
    },
    {
        "calculationDate": "20200721",
        "outstanding": 13990.0
    },
    {
        "calculationDate": "20210330",
        "outstanding": 0.0
    },
    {
        "calculationDate": "20200718",
        "outstanding": 13990.0
    },
    {
        "calculationDate": "20200709",
        "outstanding": 18000.0
    },
    {
        "calculationDate": "20200425",
        "outstanding": 0.0
    },
    {
        "calculationDate": "20210301",
        "outstanding": 0.0
    },
    {
        "calculationDate": "20201010",
        "outstanding": 0.0
    },
    {
        "calculationDate": "20210917",
        "outstanding": 0.0
    }
]