[
    {
        "calculationDate": "20221023",
        "outstanding": 0.0
    },
    {
        "calculationDate": "20221021",
        "outstanding": 10879.0
    },
    {
        "calculationDate": "20220804",
        "outstanding": 6485.0
    },
    {
        "calculationDate": "20220211",
        "outstanding": 0.0
    },
    {
        "calculationDate": "20220317",
        "outstanding": 0.0
    },
    {
        "calculationDate": "20220508",
        "outstanding": 0.0
    },
    {
        "calculationDate": "20220919",
        "outstanding": 32126.0
    },
    {
        "calculationDate": "20230112",
        "outstanding": 4122.54
    },
    {
        "calculationDate": "20230421",
        "outstanding": 200000.0
    },
    {
        "calculationDate": "20221008"
    },
    {
        "calculationDate": "20220215",
        "outstanding": 22341.0
    },
    {
        "calculationDate": "20220506",
        "outstanding": 16630.0
    },
    {
        "calculationDate": "20220916",
        "outstanding": 28557.0
    },
    {
        "calculationDate": "20221005",
        "outstanding": 33862.0
    },
    {
        "calculationDate": "20220408",
        "outstanding": 15000.0
    },
    {
        "calculationDate": "20220909",
        "outstanding": 20000.0
    },
    {
        "calculationDate": "20220213",
        "outstanding": 10390.0
    },
    {
        "calculationDate": "20221019",
        "outstanding": 8146.0
    },
    {
        "calculationDate": "20220910",
        "outstanding": 20000.0
    },
    {
        "calculationDate": "20221002",
        "outstanding": 29852.0
    },
    {
        "calculationDate": "20220601",
        "outstanding": 4164.0
    },
    {
        "calculationDate": "20220809",
        "outstanding": 0.0
    },
    {
        "calculationDate": "20220711",
        "outstanding": 0.0
    },
    {
        "calculationDate": "20220903",
        "outstanding": 14019.0
    },
    {
        "outstanding": 2980.0
    },
    {
        "calculationDate": "20230307",
        "outstanding": 18204.0
    },
    {
        "calculationDate": "20221029",
        "outstanding": 3168.0
    },
    {
        "calculationDate": "20220803",
        "outstanding": 3447.0
    },
    {
        "calculationDate": "20230323",
        "outstanding": 20000.0
    },
    {
        "calculationDate": "20220217",
        "outstanding": 0.0
    },
    {
        "calculationDate": "20220921",
        "outstanding": 35187.0
    },
    {
        "calculationDate": "20220906",
        "outstanding": 20591.0
    },
    {
        "calculationDate": "20220609",
        "outstanding": 0.0
    },
    {
        "calculationDate": "20230505",
        "outstanding": 160000.0
    },
    {
        "calculationDate": "20230517",
        "outstanding": 160000.0
    },
    {
        "calculationDate": "20230523",
        "outstanding": 160000.0
    },
    {
        "calculationDate": "20220307",
        "outstanding": 0.0
    },
    {
        "calculationDate": "20220305",
        "outstanding": 9999.0
    },
    {
        "calculationDate": "20220913",
        "outstanding": 23325.0
    },
    {
        "calculationDate": "20220504",
        "outstanding": 14691.0
    },
    {
        "calculationDate": "20220922",
        "outstanding": 37048.0
    },
    {
        "calculationDate": "20220204",
        "outstanding": 0.0
    },
    {
        "calculationDate": "20220901",
        "outstanding": 8515.0
    },
    {
        "calculationDate": "20220121",
        "outstanding": 0.0
    },
    {
        "calculationDate": "20230504",
        "outstanding": 220403.72
    },
    {
        "calculationDate": "20220625",
        "outstanding": 0.0
    },
    {
        "calculationDate": "20220422",
        "outstanding": 0.0
    },
    {
        "calculationDate": "20211229",
        "outstanding": 0.0
    },
    {
        "calculationDate": "20220623",
        "outstanding": 0.0
    },
    {
        "calculationDate": "20220406",
        "outstanding": 15000.0
    },
    {
        "calculationDate": "20221022",
        "outstanding": 0.0
    },
    {
        "calculationDate": "20220914",
        "outstanding": 24492.0
    },
    {
        "calculationDate": "20220923",
        "outstanding": 40850.0
    },
    {
        "calculationDate": "20220707",
        "outstanding": 0.0
    },
    {
        "calculationDate": "20220323",
        "outstanding": 18796.0
    },
    {
        "calculationDate": "20221027",
        "outstanding": 1958.0
    },
    {
        "calculationDate": "20220808",
        "outstanding": 7390.0
    },
    {
        "calculationDate": "20220806",
        "outstanding": 5564.0
    },
    {
        "calculationDate": "20220925",
        "outstanding": 29851.0
    },
    {
        "calculationDate": "20220918",
        "outstanding": 31049.0
    },
    {
        "calculationDate": "20230608",
        "outstanding": 140000.0
    },
    {
        "calculationDate": "20220102",
        "outstanding": 0.0
    },
    {
        "calculationDate": "20220209",
        "outstanding": 0.0
    },
    {
        "calculationDate": "20220621",
        "outstanding": 3749.0
    },
    {
        "calculationDate": "20220402",
        "outstanding": 18796.0
    },
    {
        "calculationDate": "20220520",
        "outstanding": 8346.0
    },
    {
        "calculationDate": "20220223",
        "outstanding": 0.0
    },
    {
        "calculationDate": "20220424",
        "outstanding": 0.0
    },
    {
        "calculationDate": "20220522",
        "outstanding": 11804.0
    },
    {
        "calculationDate": "20220518",
        "outstanding": 370.0
    },
    {
        "calculationDate": "20221006",
        "outstanding": 34132.0
    },
    {
        "calculationDate": "20220810",
        "outstanding": 0.0
    },
    {
        "calculationDate": "20220524",
        "outstanding": 0.0
    },
    {
        "calculationDate": "20220705",
        "outstanding": 4928.0
    },
    {
        "calculationDate": "20220301",
        "outstanding": 10063.0
    },
    {
        "calculationDate": "20220225",
        "outstanding": 0.0
    },
    {
        "calculationDate": "20220830",
        "outstanding": 5971.0
    },
    {
        "calculationDate": "20220118",
        "outstanding": 2020.0
    },
    {
        "calculationDate": "20220502",
        "outstanding": 11410.0
    },
    {
        "calculationDate": "20220611",
        "outstanding": 0.0
    },
    {
        "calculationDate": "20230318",
        "outstanding": 20431.43
    },
    {
        "calculationDate": "20230304",
        "outstanding": 44000.0
    },
    {
        "calculationDate": "20220709",
        "outstanding": 0.0
    },
    {
        "calculationDate": "20220410",
        "outstanding": 0.0
    },
    {
        "calculationDate": "20220807",
        "outstanding": 6616.0
    },
    {
        "calculationDate": "20220701",
        "outstanding": 0.0
    }
]