[
    {
        "calculationDate": "20230225",
        "outstanding": 7595.7
    },
    {
        "calculationDate": "20230323",
        "outstanding": 4952.12
    },
    {
        "calculationDate": "20230312",
        "outstanding": 5335.79
    },
    {
        "calculationDate": "20230129",
        "outstanding": 4984.19
    },
    {
        "calculationDate": "20230317",
        "outstanding": 5827.94
    },
    {
        "calculationDate": "20230517",
        "outstanding": 21.96
    },
    {
        "calculationDate": "20230322",
        "outstanding": 3700.0
    },
    {
        "calculationDate": "20230318",
        "outstanding": 6459.94
    },
    {
        "calculationDate": "20230307",
        "outstanding": 4217.82
    },
    {
        "calculationDate": "20230303",
        "outstanding": 1678.82
    },
    {
        "calculationDate": "20230306",
        "outstanding": 3627.82
    },
    {
        "calculationDate": "20230219"
    },
    {
        "calculationDate": "20230125",
        "outstanding": 4179.69
    },
    {
        "calculationDate": "20230427",
        "outstanding": 5199.96
    },
    {
        "calculationDate": "20230228",
        "outstanding": 14788.82
    },
    {
        "calculationDate": "20230406",
        "outstanding": 0.0
    },
    {
        "calculationDate": "20230220",
        "outstanding": 5486.7
    },
    {
        "calculationDate": "20230301",
        "outstanding": 16678.82
    },
    {
        "calculationDate": "20230130",
        "outstanding": 5064.19
    },
    {
        "calculationDate": "20230409",
        "outstanding": 15.0
    },
    {
        "calculationDate": "20230310",
        "outstanding": 5150.82
    },
    {
        "calculationDate": "20230227",
        "outstanding": 12526.82
    },
    {
        "calculationDate": "20230128",
        "outstanding": 4964.19
    },
    {
        "calculationDate": "20230309",
        "outstanding": 5004.82
    },
    {
        "calculationDate": "20230215",
        "outstanding": 1700.0
    },
    {
        "calculationDate": "20230224",
        "outstanding": 6050.7
    },
    {
        "calculationDate": "20230217",
        "outstanding": 2362.7
    },
    {
        "calculationDate": "20230324",
        "outstanding": 5354.96
    },
    {
        "calculationDate": "20230320",
        "outstanding": 0.0
    },
    {
        "calculationDate": "20230126",
        "outstanding": 4944.19
    },
    {
        "calculationDate": "20230319",
        "outstanding": 7862.94
    },
    {
        "calculationDate": "20230218",
        "outstanding": 2920.7
    }
]