[
    {
        "calculationDate": "20220703",
        "outstanding": 28556.0
    },
    {
        "calculationDate": "20210922",
        "outstanding": 17154.0
    },
    {
        "calculationDate": "20220817",
        "outstanding": 29732.0
    },
    {
        "calculationDate": "20210712",
        "outstanding": 111242.0
    },
    {
        "calculationDate": "20210831",
        "outstanding": 12233.0
    },
    {
        "calculationDate": "20220719",
        "outstanding": 11390.0
    },
    {
        "calculationDate": "20220406",
        "outstanding": 27009.0
    },
    {
        "calculationDate": "20221022",
        "outstanding": 29508.0
    },
    {
        "calculationDate": "20230119",
        "outstanding": 30088.41
    },
    {
        "calculationDate": "20210930",
        "outstanding": 26436.0
    },
    {
        "calculationDate": "20211203",
        "outstanding": 29927.0
    },
    {
        "calculationDate": "20210623",
        "outstanding": 114638.0
    },
    {
        "calculationDate": "20220325",
        "outstanding": 15687.0
    },
    {
        "calculationDate": "20220410",
        "outstanding": 29015.0
    },
    {
        "calculationDate": "20210821",
        "outstanding": 2327.0
    },
    {
        "calculationDate": "20210724",
        "outstanding": 109029.0
    },
    {
        "calculationDate": "20210625",
        "outstanding": 104878.0
    },
    {
        "calculationDate": "20211231",
        "outstanding": 30508.0
    },
    {
        "calculationDate": "20220830",
        "outstanding": 30570.0
    },
    {
        "calculationDate": "20221215",
        "outstanding": 30538.0
    },
    {
        "calculationDate": "20220621",
        "outstanding": 30078.0
    },
    {
        "calculationDate": "20220219",
        "outstanding": 28380.0
    },
    {
        "calculationDate": "20211101",
        "outstanding": 22324.0
    },
    {
        "calculationDate": "20211215",
        "outstanding": 29954.0
    },
    {
        "calculationDate": "20211213",
        "outstanding": 29663.0
    },
    {
        "calculationDate": "20220331",
        "outstanding": 22859.0
    },
    {
        "calculationDate": "20211022",
        "outstanding": 28955.0
    },
    {
        "calculationDate": "20220524",
        "outstanding": 30175.0
    },
    {
        "calculationDate": "20210829",
        "outstanding": 18710.0
    },
    {
        "calculationDate": "20211113",
        "outstanding": 30332.0
    },
    {
        "calculationDate": "20221004",
        "outstanding": 27258.0
    },
    {
        "calculationDate": "20210811",
        "outstanding": 108746.0
    },
    {
        "calculationDate": "20220307",
        "outstanding": 27645.0
    },
    {
        "calculationDate": "20210906",
        "outstanding": 0.0
    },
    {
        "calculationDate": "20220502",
        "outstanding": 30381.0
    },
    {
        "calculationDate": "20220619",
        "outstanding": 30074.0
    },
    {
        "calculationDate": "20220203",
        "outstanding": 30539.0
    },
    {
        "calculationDate": "20221011",
        "outstanding": 27939.0
    },
    {
        "calculationDate": "20220824",
        "outstanding": 30373.0
    },
    {
        "calculationDate": "20220404",
        "outstanding": 26452.0
    },
    {
        "calculationDate": "20211121",
        "outstanding": 29784.0
    },
    {
        "calculationDate": "20210902",
        "outstanding": 12233.0
    },
    {
        "calculationDate": "20221017",
        "outstanding": 28149.0
    },
    {
        "calculationDate": "20220729",
        "outstanding": 17044.0
    },
    {
        "calculationDate": "20220329",
        "outstanding": 22793.0
    },
    {
        "calculationDate": "20220422",
        "outstanding": 30164.0
    },
    {
        "calculationDate": "20210722",
        "outstanding": 107659.0
    },
    {
        "calculationDate": "20210819",
        "outstanding": 20715.0
    },
    {
        "calculationDate": "20220522",
        "outstanding": 30836.0
    },
    {
        "calculationDate": "20210827",
        "outstanding": 12373.0
    },
    {
        "calculationDate": "20230130",
        "outstanding": 26799.03
    },
    {
        "calculationDate": "20220801",
        "outstanding": 28965.0
    },
    {
        "calculationDate": "20210402",
        "outstanding": 24790.0
    },
    {
        "calculationDate": "20230501",
        "outstanding": 29585.29
    },
    {
        "calculationDate": "20220914",
        "outstanding": 30003.0
    },
    {
        "calculationDate": "20220730",
        "outstanding": 25142.0
    },
    {
        "calculationDate": "20211225",
        "outstanding": 30376.0
    },
    {
        "calculationDate": "20230313",
        "outstanding": 30473.23
    },
    {
        "calculationDate": "20210926",
        "outstanding": 22511.0
    },
    {
        "calculationDate": "20210928",
        "outstanding": 25125.0
    },
    {
        "calculationDate": "20211002",
        "outstanding": 26485.0
    },
    {
        "calculationDate": "20220820",
        "outstanding": 29781.0
    },
    {
        "calculationDate": "20210720",
        "outstanding": 111853.0
    },
    {
        "calculationDate": "20210809",
        "outstanding": 108532.0
    },
    {
        "calculationDate": "20220403",
        "outstanding": 24334.0
    },
    {
        "calculationDate": "20220605",
        "outstanding": 28688.0
    },
    {
        "calculationDate": "20220731",
        "outstanding": 28955.0
    },
    {
        "calculationDate": "20221002",
        "outstanding": 29003.0
    },
    {
        "calculationDate": "20220717",
        "outstanding": 0.0
    },
    {
        "calculationDate": "20220518",
        "outstanding": 30505.0
    },
    {
        "calculationDate": "20220901",
        "outstanding": 30588.0
    },
    {
        "calculationDate": "20211209",
        "outstanding": 29011.0
    },
    {
        "calculationDate": "20210823",
        "outstanding": 8626.0
    },
    {
        "calculationDate": "20211006",
        "outstanding": 29488.0
    },
    {
        "calculationDate": "20220323",
        "outstanding": 15387.0
    },
    {
        "calculationDate": "20220705",
        "outstanding": 0.0
    },
    {
        "calculationDate": "20210825",
        "outstanding": 16191.0
    },
    {
        "calculationDate": "20211109",
        "outstanding": 28493.0
    },
    {
        "calculationDate": "20220201",
        "outstanding": 29518.0
    },
    {
        "calculationDate": "20210817",
        "outstanding": 0.0
    },
    {
        "calculationDate": "20230320",
        "outstanding": 29694.73
    },
    {
        "calculationDate": "20220311",
        "outstanding": 29330.0
    },
    {
        "calculationDate": "20230418",
        "outstanding": 29716.86
    },
    {
        "calculationDate": "20220921",
        "outstanding": 30034.0
    },
    {
        "calculationDate": "20220302",
        "outstanding": 28557.0
    },
    {
        "calculationDate": "20220102",
        "outstanding": 30527.0
    },
    {
        "calculationDate": "20211012",
        "outstanding": 19516.0
    },
    {
        "calculationDate": "20220821",
        "outstanding": 29973.0
    },
    {
        "calculationDate": "20220412",
        "outstanding": 29988.0
    },
    {
        "calculationDate": "20220816",
        "outstanding": 28717.0
    },
    {
        "calculationDate": "20210502",
        "outstanding": 105950.0
    },
    {
        "calculationDate": "20220906",
        "outstanding": 29682.0
    },
    {
        "calculationDate": "20220613",
        "outstanding": 29526.0
    },
    {
        "calculationDate": "20211223",
        "outstanding": 30190.0
    },
    {
        "calculationDate": "20210730",
        "outstanding": 111463.0
    },
    {
        "calculationDate": "20220408",
        "outstanding": 28831.0
    },
    {
        "calculationDate": "20210807",
        "outstanding": 105171.0
    },
    {
        "calculationDate": "20210523",
        "outstanding": 108959.0
    },
    {
        "calculationDate": "20220818",
        "outstanding": 29790.0
    },
    {
        "calculationDate": "20230519",
        "outstanding": 29569.28
    },
    {
        "calculationDate": "20220315",
        "outstanding": 29952.0
    },
    {
        "calculationDate": "20221015",
        "outstanding": 28079.0
    },
    {
        "calculationDate": "20211103",
        "outstanding": 25566.0
    },
    {
        "calculationDate": "20210904",
        "outstanding": 9584.0
    },
    {
        "calculationDate": "20210918",
        "outstanding": 7974.0
    },
    {
        "calculationDate": "20220728",
        "outstanding": 15850.0
    },
    {
        "calculationDate": "20220122",
        "outstanding": 29311.0
    },
    {
        "calculationDate": "20211015",
        "outstanding": 21449.0
    },
    {
        "calculationDate": "20210701",
        "outstanding": 111092.0
    },
    {
        "calculationDate": "20221220",
        "outstanding": 29902.9
    },
    {
        "calculationDate": "20220611",
        "outstanding": 29892.0
    },
    {
        "calculationDate": "20220309",
        "outstanding": 29091.0
    },
    {
        "calculationDate": "20220617",
        "outstanding": 30214.0
    },
    {
        "calculationDate": "20221018",
        "outstanding": 29903.0
    },
    {
        "calculationDate": "20220721",
        "outstanding": 0.0
    },
    {
        "calculationDate": "20210801",
        "outstanding": 112153.0
    },
    {
        "calculationDate": "20220930",
        "outstanding": 28985.0
    },
    {
        "calculationDate": "20230213",
        "outstanding": 28752.15
    },
    {
        "calculationDate": "20220609",
        "outstanding": 29671.0
    },
    {
        "calculationDate": "20211024",
        "outstanding": 30231.0
    },
    {
        "calculationDate": "20210924",
        "outstanding": 18127.0
    }
]