[
    {
        "calculationDate": "20211125",
        "outstanding": 0.0
    },
    {
        "calculationDate": "20220402",
        "outstanding": 0.0
    },
    {
        "calculationDate": "20220803",
        "outstanding": 81001.0
    },
    {
        "calculationDate": "20220804",
        "outstanding": 0.0
    },
    {
        "calculationDate": "20220102",
        "outstanding": 0.0
    },
    {
        "calculationDate": "20220903",
        "outstanding": 0.0
    },
    {
        "calculationDate": "20220301",
        "outstanding": 0.0
    },
    {
        "calculationDate": "20220512",
        "outstanding": 80261.0
    },
    {
        "calculationDate": "20220317",
        "outstanding": 1000.0
    },
    {
        "calculationDate": "20220319",
        "outstanding": 0.0
    },
    {
        "calculationDate": "20211129",
        "outstanding": 627.0
    },
    {
        "calculationDate": "20220701",
        "outstanding": 81789.0
    },
    {
        "calculationDate": "20220502",
        "outstanding": 3018.0
    },
    {
        "calculationDate": "20220731",
        "outstanding": 79167.0
    },
    {
        "calculationDate": "20220508",
        "outstanding": 16539.0
    },
    {
        "calculationDate": "20220617",
        "outstanding": 78998.0
    },
    {
        "calculationDate": "20220601",
        "outstanding": 81546.0
    },
    {
        "calculationDate": "20220805",
        "outstanding": 0.0
    },
    {
        "calculationDate": "20220108",
        "outstanding": 0.0
    },
    {
        "calculationDate": "20220204",
        "outstanding": 0.0
    },
    {
        "calculationDate": "20220504",
        "outstanding": 7756.0
    },
    {
        "calculationDate": "20220506",
        "outstanding": 9136.0
    },
    {
        "calculationDate": "20220703",
        "outstanding": 81789.0
    },
    {
        "calculationDate": "20220619",
        "outstanding": 78998.0
    },
    {
        "calculationDate": "20211103",
        "outstanding": 0.0
    },
    {
        "calculationDate": "20220721",
        "outstanding": 79021.0
    },
    {
        "calculationDate": "20220510",
        "outstanding": 19540.0
    },
    {
        "calculationDate": "20220801",
        "outstanding": 80417.0
    },
    {
        "calculationDate": "20211205",
        "outstanding": 0.0
    }
]