[
    {
        "calculationDate": "20151231",
        "outstanding": 112736.0
    },
    {
        "calculationDate": "20140930",
        "outstanding": 12665.0
    },
    {
        "calculationDate": "20170331",
        "outstanding": 0.0
    },
    {
        "calculationDate": "20150331",
        "outstanding": 4748.0
    },
    {
        "calculationDate": "20150923",
        "outstanding": 114304.0
    },
    {
        "calculationDate": "20171116",
        "outstanding": 199.0
    },
    {
        "calculationDate": "20130329",
        "outstanding": 0.0
    },
    {
        "calculationDate": "20150531",
        "outstanding": 246519.0
    },
    {
        "calculationDate": "20130430",
        "outstanding": 0.0
    },
    {
        "calculationDate": "20140831",
        "outstanding": 0.0
    },
    {
        "calculationDate": "20160831",
        "outstanding": 0.0
    },
    {
        "calculationDate": "20160331",
        "outstanding": 44306.0
    },
    {
        "calculationDate": "20170430",
        "outstanding": 3780.0
    },
    {
        "calculationDate": "20130101",
        "outstanding": 6235.0
    },
    {
        "calculationDate": "20160630",
        "outstanding": 14023.0
    },
    {
        "calculationDate": "20170831",
        "outstanding": 239.0
    },
    {
        "calculationDate": "20131031",
        "outstanding": 2498.0
    },
    {
        "calculationDate": "20161031",
        "outstanding": 154393.0
    },
    {
        "calculationDate": "20140131",
        "outstanding": 21460.0
    },
    {
        "calculationDate": "20150228",
        "outstanding": 9395.0
    },
    {
        "calculationDate": "20140731",
        "outstanding": 0.0
    },
    {
        "calculationDate": "20170228",
        "outstanding": 2994.0
    },
    {
        "calculationDate": "20141130",
        "outstanding": 0.0
    },
    {
        "calculationDate": "20160531",
        "outstanding": 15219.0
    },
    {
        "calculationDate": "20140228",
        "outstanding": 4610.0
    },
    {
        "calculationDate": "20171004",
        "outstanding": 2036.0
    },
    {
        "calculationDate": "20160131",
        "outstanding": 220544.0
    },
    {
        "calculationDate": "20171011",
        "outstanding": 0.0
    },
    {
        "calculationDate": "20160731",
        "outstanding": 64847.0
    },
    {
        "calculationDate": "20140331",
        "outstanding": 5561.0
    },
    {
        "calculationDate": "20151031",
        "outstanding": 528.0
    },
    {
        "calculationDate": "20141031",
        "outstanding": 0.0
    },
    {
        "calculationDate": "20140630",
        "outstanding": 18537.0
    },
    {
        "calculationDate": "20141231",
        "outstanding": 0.0
    },
    {
        "calculationDate": "20130930",
        "outstanding": 7454.0
    },
    {
        "calculationDate": "20171213",
        "outstanding": 0.0
    },
    {
        "calculationDate": "20150430",
        "outstanding": 0.0
    },
    {
        "calculationDate": "20140430",
        "outstanding": 68571.0
    },
    {
        "calculationDate": "20161231",
        "outstanding": 17967.0
    },
    {
        "calculationDate": "20130628",
        "outstanding": 1887.0
    },
    {
        "calculationDate": "20150731",
        "outstanding": 46914.0
    },
    {
        "calculationDate": "20150831",
        "outstanding": 186426.0
    },
    {
        "calculationDate": "20130731",
        "outstanding": 102141.0
    },
    {
        "calculationDate": "20171101",
        "outstanding": 0.0
    },
    {
        "calculationDate": "20130531",
        "outstanding": 0.0
    },
    {
        "calculationDate": "20130228",
        "outstanding": 0.0
    },
    {
        "calculationDate": "20170927",
        "outstanding": 1167.0
    },
    {
        "calculationDate": "20160930",
        "outstanding": 84590.0
    },
    {
        "calculationDate": "20170731",
        "outstanding": 0.0
    },
    {
        "calculationDate": "20171129",
        "outstanding": 0.0
    },
    {
        "calculationDate": "20170920",
        "outstanding": 1167.0
    },
    {
        "calculationDate": "20140531",
        "outstanding": 0.0
    },
    {
        "calculationDate": "20131231",
        "outstanding": 0.0
    },
    {
        "calculationDate": "20130831",
        "outstanding": 0.0
    },
    {
        "outstanding": 0.0
    },
    {
        "calculationDate": "20160430",
        "outstanding": 0.0
    },
    {
        "calculationDate": "20151130",
        "outstanding": 21261.0
    },
    {
        "calculationDate": "20150930",
        "outstanding": 2211.0
    },
    {
        "calculationDate": "20150131",
        "outstanding": 16026.0
    },
    {
        "calculationDate": "20171206",
        "outstanding": 0.0
    },
    {
        "calculationDate": "20160229",
        "outstanding": 21866.0
    },
    {
        "calculationDate": "20161130",
        "outstanding": 38650.0
    },
    {
        "calculationDate": "20170630",
        "outstanding": 1221.0
    },
    {
        "calculationDate": "20170531",
        "outstanding": 528.0
    },
    {
        "calculationDate": "20170131",
        "outstanding": 2403.0
    },
    {
        "calculationDate": "20170913",
        "outstanding": 239.0
    }
]