[
    {
        "calculationDate": "20170615",
        "outstanding": 6699.0
    },
    {
        "calculationDate": "20180226",
        "outstanding": 1871.0
    },
    {
        "calculationDate": "20170622",
        "outstanding": 4750.0
    },
    {
        "calculationDate": "20181018",
        "outstanding": 106255.0
    },
    {
        "calculationDate": "20200319",
        "outstanding": 0.0
    },
    {
        "calculationDate": "20170810",
        "outstanding": 0.0
    },
    {
        "calculationDate": "20180325",
        "outstanding": 3275.0
    },
    {
        "calculationDate": "20171212",
        "outstanding": 0.0
    },
    {
        "calculationDate": "20180405",
        "outstanding": 3965.0
    },
    {
        "calculationDate": "20200102",
        "outstanding": 12800.0
    },
    {
        "calculationDate": "20180307",
        "outstanding": 1569.0
    },
    {
        "calculationDate": "20191208",
        "outstanding": 9672.0
    },
    {
        "calculationDate": "20170525",
        "outstanding": 8000.0
    },
    {
        "calculationDate": "20170529",
        "outstanding": 8079.0
    },
    {
        "calculationDate": "20200116",
        "outstanding": 12800.0
    },
    {
        "calculationDate": "20181115",
        "outstanding": 124969.0
    },
    {
        "calculationDate": "20170518",
        "outstanding": 8000.0
    },
    {
        "calculationDate": "20181105",
        "outstanding": 124969.0
    },
    {
        "calculationDate": "20170330",
        "outstanding": 2680.0
    },
    {
        "calculationDate": "20180726",
        "outstanding": 3677.0
    },
    {
        "calculationDate": "20180424",
        "outstanding": 0.0
    },
    {
        "calculationDate": "20181022",
        "outstanding": 106782.0
    },
    {
        "calculationDate": "20181001",
        "outstanding": 108525.0
    },
    {
        "calculationDate": "20170703",
        "outstanding": 0.0
    },
    {
        "calculationDate": "20170508",
        "outstanding": 8000.0
    },
    {
        "calculationDate": "20180328",
        "outstanding": 4265.0
    },
    {
        "calculationDate": "20180830",
        "outstanding": 53995.0
    },
    {
        "calculationDate": "20191230",
        "outstanding": 12800.0
    },
    {
        "calculationDate": "20190704",
        "outstanding": 0.0
    },
    {
        "calculationDate": "20180607",
        "outstanding": 3900.0
    },
    {
        "calculationDate": "20190405",
        "outstanding": 0.0
    },
    {
        "calculationDate": "20200420",
        "outstanding": 0.0
    },
    {
        "calculationDate": "20191017",
        "outstanding": 11000.0
    },
    {
        "calculationDate": "20191031",
        "outstanding": 8000.0
    },
    {
        "calculationDate": "20181129",
        "outstanding": 55247.0
    },
    {
        "calculationDate": "20180416",
        "outstanding": 3965.0
    },
    {
        "calculationDate": "20200416",
        "outstanding": 0.0
    },
    {
        "calculationDate": "20170918",
        "outstanding": 0.0
    },
    {
        "calculationDate": "20190923",
        "outstanding": 12498.0
    },
    {
        "calculationDate": "20190805",
        "outstanding": 14000.0
    },
    {
        "calculationDate": "20170403",
        "outstanding": 3416.0
    },
    {
        "calculationDate": "20190527",
        "outstanding": 900.0
    },
    {
        "calculationDate": "20170803",
        "outstanding": 0.0
    },
    {
        "calculationDate": "20181225",
        "outstanding": 6000.0
    },
    {
        "calculationDate": "20190208",
        "outstanding": 0.0
    },
    {
        "calculationDate": "20200330",
        "outstanding": 0.0
    },
    {
        "calculationDate": "20181220",
        "outstanding": 6547.0
    },
    {
        "calculationDate": "20180927",
        "outstanding": 54200.0
    },
    {
        "calculationDate": "20170629",
        "outstanding": 2950.0
    },
    {
        "calculationDate": "20181122",
        "outstanding": 124969.0
    },
    {
        "calculationDate": "20190520",
        "outstanding": 0.0
    },
    {
        "calculationDate": "20180628",
        "outstanding": 3938.0
    },
    {
        "calculationDate": "20181206",
        "outstanding": 0.0
    },
    {
        "calculationDate": "20180820",
        "outstanding": 0.0
    },
    {
        "calculationDate": "20181227",
        "outstanding": 0.0
    },
    {
        "calculationDate": "20190507",
        "outstanding": 0.0
    },
    {
        "calculationDate": "20190926",
        "outstanding": 12498.0
    },
    {
        "calculationDate": "20171120",
        "outstanding": 0.0
    },
    {
        "calculationDate": "20200305",
        "outstanding": 2600.0
    },
    {
        "calculationDate": "20170327",
        "outstanding": 1690.0
    },
    {
        "calculationDate": "20200217",
        "outstanding": 12200.0
    },
    {
        "calculationDate": "20180503",
        "outstanding": 0.0
    },
    {
        "calculationDate": "20181126",
        "outstanding": 128143.0
    },
    {
        "calculationDate": "20191024",
        "outstanding": 8000.0
    },
    {
        "calculationDate": "20191226",
        "outstanding": 12800.0
    },
    {
        "calculationDate": "20200227",
        "outstanding": 12200.0
    },
    {
        "calculationDate": "20170627",
        "outstanding": 2750.0
    },
    {
        "calculationDate": "20190801",
        "outstanding": 0.0
    },
    {
        "calculationDate": "20170410",
        "outstanding": 5140.0
    },
    {
        "calculationDate": "20180301",
        "outstanding": 1569.0
    },
    {
        "calculationDate": "20180528",
        "outstanding": 3977.0
    },
    {
        "calculationDate": "20181011",
        "outstanding": 106255.0
    },
    {
        "calculationDate": "20190627",
        "outstanding": 2323.0
    },
    {
        "calculationDate": "20180618",
        "outstanding": 3900.0
    },
    {
        "calculationDate": "20181025",
        "outstanding": 101313.0
    },
    {
        "calculationDate": "20170406",
        "outstanding": 4163.0
    },
    {
        "calculationDate": "20170605",
        "outstanding": 6699.0
    },
    {
        "calculationDate": "20190708",
        "outstanding": 0.0
    },
    {
        "calculationDate": "20200127",
        "outstanding": 12800.0
    },
    {
        "calculationDate": "20191215",
        "outstanding": 13428.0
    },
    {
        "calculationDate": "20190822",
        "outstanding": 13000.0
    },
    {
        "calculationDate": "20181217",
        "outstanding": 6197.0
    },
    {
        "calculationDate": "20180625",
        "outstanding": 3900.0
    },
    {
        "calculationDate": "20181231",
        "outstanding": 0.0
    },
    {
        "calculationDate": "20191003",
        "outstanding": 11000.0
    },
    {
        "calculationDate": "20180318",
        "outstanding": 1569.0
    },
    {
        "calculationDate": "20190826",
        "outstanding": 12998.0
    },
    {
        "calculationDate": "20200312",
        "outstanding": 0.0
    },
    {
        "calculationDate": "20180523",
        "outstanding": 0.0
    },
    {
        "calculationDate": "20190305",
        "outstanding": 0.0
    },
    {
        "calculationDate": "20190328",
        "outstanding": 0.0
    },
    {
        "calculationDate": "20190617",
        "outstanding": 601.0
    },
    {
        "calculationDate": "20190606",
        "outstanding": 801.0
    },
    {
        "calculationDate": "20181101",
        "outstanding": 124830.0
    },
    {
        "calculationDate": "20200210",
        "outstanding": 12200.0
    },
    {
        "calculationDate": "20190916",
        "outstanding": 12998.0
    },
    {
        "calculationDate": "20180122",
        "outstanding": 0.0
    },
    {
        "calculationDate": "20180816",
        "outstanding": 3677.0
    },
    {
        "calculationDate": "20190620",
        "outstanding": 0.0
    },
    {
        "calculationDate": "20181029",
        "outstanding": 124570.0
    },
    {
        "calculationDate": "20170413",
        "outstanding": 5272.0
    },
    {
        "calculationDate": "20200303",
        "outstanding": 11600.0
    },
    {
        "calculationDate": "20200326",
        "outstanding": 1690.0
    },
    {
        "calculationDate": "20190701",
        "outstanding": 2489.0
    },
    {
        "calculationDate": "20180524",
        "outstanding": 1805.0
    },
    {
        "calculationDate": "20170727",
        "outstanding": 11451.0
    },
    {
        "calculationDate": "20180730",
        "outstanding": 3677.0
    },
    {
        "calculationDate": "20191110",
        "outstanding": 0.0
    }
]