[
    {
        "calculationDate": "20210917",
        "outstanding": 0.0
    },
    {
        "calculationDate": "20190524",
        "outstanding": 0.0
    },
    {
        "calculationDate": "20220305",
        "outstanding": 43698.0
    },
    {
        "calculationDate": "20190115",
        "outstanding": 892.0
    },
    {
        "calculationDate": "20180709",
        "outstanding": 6474.0
    },
    {
        "calculationDate": "20210305",
        "outstanding": 0.0
    },
    {
        "calculationDate": "20200110",
        "outstanding": 17838.0
    },
    {
        "calculationDate": "20210511",
        "outstanding": 0.0
    },
    {
        "calculationDate": "20180904",
        "outstanding": 499.0
    },
    {
        "calculationDate": "20180918",
        "outstanding": 0.0
    },
    {
        "calculationDate": "20220414",
        "outstanding": 19859.0
    },
    {
        "calculationDate": "20180305",
        "outstanding": 0.0
    },
    {
        "calculationDate": "20210525",
        "outstanding": 0.0
    },
    {
        "calculationDate": "20190614",
        "outstanding": 0.0
    },
    {
        "calculationDate": "20200228",
        "outstanding": 0.0
    },
    {
        "calculationDate": "20210907",
        "outstanding": 0.0
    },
    {
        "calculationDate": "20190806",
        "outstanding": 750.0
    },
    {
        "calculationDate": "20210727",
        "outstanding": 1750.0
    },
    {
        "calculationDate": "20190405",
        "outstanding": 38736.0
    },
    {
        "calculationDate": "20200828",
        "outstanding": 0.0
    },
    {
        "calculationDate": "20200922",
        "outstanding": 250.0
    },
    {
        "calculationDate": "20211225",
        "outstanding": 54320.0
    },
    {
        "calculationDate": "20210413",
        "outstanding": 250.0
    },
    {
        "calculationDate": "20220301",
        "outstanding": 59347.0
    },
    {
        "calculationDate": "20200807",
        "outstanding": 250.0
    },
    {
        "calculationDate": "20220816",
        "outstanding": 0.0
    },
    {
        "calculationDate": "20200818",
        "outstanding": 0.0
    },
    {
        "calculationDate": "20230613",
        "outstanding": 0.0
    },
    {
        "calculationDate": "20200414",
        "outstanding": 309.0
    },
    {
        "calculationDate": "20190802",
        "outstanding": 250.0
    },
    {
        "calculationDate": "20230518",
        "outstanding": 19401.0
    },
    {
        "calculationDate": "20201215",
        "outstanding": 559.0
    },
    {
        "calculationDate": "20190809",
        "outstanding": 0.0
    },
    {
        "calculationDate": "20201204",
        "outstanding": 0.0
    },
    {
        "calculationDate": "20220322",
        "outstanding": 3525.0
    },
    {
        "calculationDate": "20200117",
        "outstanding": 0.0
    },
    {
        "calculationDate": "20211223",
        "outstanding": 45084.0
    },
    {
        "calculationDate": "20180406",
        "outstanding": 8483.0
    },
    {
        "calculationDate": "20220426",
        "outstanding": 35000.0
    },
    {
        "calculationDate": "20220310",
        "outstanding": 60811.0
    },
    {
        "calculationDate": "20210202",
        "outstanding": 0.0
    },
    {
        "calculationDate": "20200821",
        "outstanding": 250.0
    },
    {
        "calculationDate": "20210730",
        "outstanding": 0.0
    },
    {
        "calculationDate": "20230509",
        "outstanding": 5503.76
    },
    {
        "calculationDate": "20220510",
        "outstanding": 70359.0
    },
    {
        "calculationDate": "20200814",
        "outstanding": 7059.0
    },
    {
        "calculationDate": "20210625",
        "outstanding": 82.0
    },
    {
        "calculationDate": "20200403",
        "outstanding": 0.0
    },
    {
        "calculationDate": "20190924",
        "outstanding": 546.0
    },
    {
        "calculationDate": "20200115",
        "outstanding": 19304.0
    },
    {
        "calculationDate": "20201218",
        "outstanding": 0.0
    },
    {
        "calculationDate": "20191001",
        "outstanding": 196.0
    },
    {
        "calculationDate": "20210604",
        "outstanding": 104565.0
    },
    {
        "calculationDate": "20200714",
        "outstanding": 3199.0
    },
    {
        "calculationDate": "20210827",
        "outstanding": 27360.0
    },
    {
        "calculationDate": "20211022",
        "outstanding": 0.0
    },
    {
        "calculationDate": "20220329",
        "outstanding": 6563.0
    },
    {
        "calculationDate": "20190305",
        "outstanding": 1136.0
    },
    {
        "calculationDate": "20220714",
        "outstanding": 0.0
    },
    {
        "calculationDate": "20201027",
        "outstanding": 0.0
    },
    {
        "calculationDate": "20210219",
        "outstanding": 35639.0
    },
    {
        "calculationDate": "20220104",
        "outstanding": 1191.0
    },
    {
        "calculationDate": "20190313",
        "outstanding": 11549.0
    },
    {
        "calculationDate": "20190920",
        "outstanding": 250.0
    },
    {
        "calculationDate": "20220521",
        "outstanding": 49669.0
    },
    {
        "calculationDate": "20211026",
        "outstanding": 0.0
    },
    {
        "calculationDate": "20220428",
        "outstanding": 30000.0
    },
    {
        "calculationDate": "20220205",
        "outstanding": 0.0
    },
    {
        "calculationDate": "20210903",
        "outstanding": 0.0
    },
    {
        "calculationDate": "20190705",
        "outstanding": 248.0
    },
    {
        "calculationDate": "20200317",
        "outstanding": 1809.0
    },
    {
        "calculationDate": "20220804",
        "outstanding": 0.0
    },
    {
        "calculationDate": "20210323",
        "outstanding": 0.0
    },
    {
        "calculationDate": "20221203",
        "outstanding": 12397.0
    },
    {
        "calculationDate": "20180621",
        "outstanding": 12009.0
    },
    {
        "calculationDate": "20210803",
        "outstanding": 0.0
    },
    {
        "calculationDate": "20180817",
        "outstanding": 0.0
    },
    {
        "calculationDate": "20210226",
        "outstanding": 20639.0
    },
    {
        "calculationDate": "20220519",
        "outstanding": 51969.0
    },
    {
        "calculationDate": "20200424",
        "outstanding": 0.0
    },
    {
        "calculationDate": "20190222",
        "outstanding": 0.0
    },
    {
        "calculationDate": "20191018",
        "outstanding": 0.0
    },
    {
        "calculationDate": "20210402",
        "outstanding": 31890.0
    },
    {
        "calculationDate": "20200313",
        "outstanding": 0.0
    },
    {
        "calculationDate": "20211124",
        "outstanding": 2530.0
    },
    {
        "calculationDate": "20211116",
        "outstanding": 10098.0
    },
    {
        "calculationDate": "20230608",
        "outstanding": 58440.81
    },
    {
        "calculationDate": "20180614",
        "outstanding": 10491.0
    },
    {
        "calculationDate": "20200107",
        "outstanding": 16421.0
    },
    {
        "calculationDate": "20220611",
        "outstanding": 0.0
    },
    {
        "calculationDate": "20180524",
        "outstanding": 2237.0
    },
    {
        "calculationDate": "20190226",
        "outstanding": 20075.0
    },
    {
        "calculationDate": "20180402",
        "outstanding": 0.0
    },
    {
        "calculationDate": "20191015",
        "outstanding": 34527.0
    },
    {
        "calculationDate": "20200728",
        "outstanding": 0.0
    },
    {
        "calculationDate": "20210420",
        "outstanding": 2906.0
    },
    {
        "calculationDate": "20180712",
        "outstanding": 14116.0
    },
    {
        "calculationDate": "20221013",
        "outstanding": 0.0
    },
    {
        "calculationDate": "20210430",
        "outstanding": 8130.0
    },
    {
        "calculationDate": "20210622",
        "outstanding": 3979.0
    },
    {
        "calculationDate": "20211126",
        "outstanding": 2530.0
    },
    {
        "calculationDate": "20181116",
        "outstanding": 0.0
    },
    {
        "calculationDate": "20201124",
        "outstanding": 0.0
    },
    {
        "calculationDate": "20220917",
        "outstanding": 0.0
    },
    {
        "calculationDate": "20201016",
        "outstanding": 26908.0
    },
    {
        "calculationDate": "20210312",
        "outstanding": 13483.0
    },
    {
        "calculationDate": "20200526",
        "outstanding": 0.0
    },
    {
        "calculationDate": "20191022",
        "outstanding": 0.0
    },
    {
        "calculationDate": "20180821",
        "outstanding": 249.0
    },
    {
        "calculationDate": "20211105",
        "outstanding": 0.0
    },
    {
        "calculationDate": "20221122",
        "outstanding": 10000.0
    },
    {
        "calculationDate": "20220913",
        "outstanding": 0.0
    },
    {
        "calculationDate": "20220106",
        "outstanding": 0.0
    },
    {
        "calculationDate": "20190716",
        "outstanding": 0.0
    },
    {
        "calculationDate": "20190906",
        "outstanding": 0.0
    },
    {
        "calculationDate": "20180720",
        "outstanding": 0.0
    },
    {
        "calculationDate": "20220125",
        "outstanding": 0.0
    },
    {
        "calculationDate": "20210302",
        "outstanding": 10639.0
    },
    {
        "calculationDate": "20201106",
        "outstanding": 4298.0
    },
    {
        "calculationDate": "20180531",
        "outstanding": 10997.0
    },
    {
        "calculationDate": "20180514",
        "outstanding": 0.0
    },
    {
        "calculationDate": "20210618",
        "outstanding": 0.0
    },
    {
        "calculationDate": "20180607",
        "outstanding": 0.0
    },
    {
        "calculationDate": "20220319",
        "outstanding": 40985.0
    },
    {
        "calculationDate": "20210129",
        "outstanding": 17798.0
    },
    {
        "calculationDate": "20210514",
        "outstanding": 9779.0
    },
    {
        "calculationDate": "20190201",
        "outstanding": 3232.0
    },
    {
        "calculationDate": "20210316",
        "outstanding": 30542.0
    },
    {
        "calculationDate": "20211009",
        "outstanding": 0.0
    },
    {
        "calculationDate": "20190216"
    },
    {
        "calculationDate": "20210611",
        "outstanding": 0.0
    },
    {
        "calculationDate": "20220524",
        "outstanding": 43769.0
    },
    {
        "calculationDate": "20190628",
        "outstanding": 0.0
    },
    {
        "calculationDate": "20181005",
        "outstanding": 0.0
    },
    {
        "calculationDate": "20210518",
        "outstanding": 0.0
    },
    {
        "calculationDate": "20220531",
        "outstanding": 25359.0
    },
    {
        "calculationDate": "20190312",
        "outstanding": 11549.0
    },
    {
        "calculationDate": "20180215",
        "outstanding": 2637.0
    },
    {
        "calculationDate": "20220312",
        "outstanding": 71327.0
    },
    {
        "calculationDate": "20190319",
        "outstanding": 11858.0
    },
    {
        "calculationDate": "20211015",
        "outstanding": 258.0
    },
    {
        "calculationDate": "20200306",
        "outstanding": 16349.0
    },
    {
        "calculationDate": "20220317",
        "outstanding": 85985.0
    },
    {
        "calculationDate": "20190514",
        "outstanding": 0.0
    },
    {
        "calculationDate": "20200915",
        "outstanding": 0.0
    },
    {
        "calculationDate": "20181030",
        "outstanding": 25259.0
    },
    {
        "calculationDate": "20190927",
        "outstanding": 0.0
    },
    {
        "calculationDate": "20181024",
        "outstanding": 250.0
    },
    {
        "calculationDate": "20190820",
        "outstanding": 8270.0
    },
    {
        "calculationDate": "20220204",
        "outstanding": 1000.0
    },
    {
        "calculationDate": "20210507",
        "outstanding": 28750.0
    },
    {
        "calculationDate": "20200218",
        "outstanding": 0.0
    },
    {
        "calculationDate": "20200211",
        "outstanding": 499.0
    },
    {
        "calculationDate": "20190827",
        "outstanding": 8770.0
    },
    {
        "calculationDate": "20190830",
        "outstanding": 0.0
    },
    {
        "calculationDate": "20191129",
        "outstanding": 0.0
    },
    {
        "calculationDate": "20220604",
        "outstanding": 25609.0
    },
    {
        "calculationDate": "20180705",
        "outstanding": 0.0
    },
    {
        "calculationDate": "20200512",
        "outstanding": 250.0
    },
    {
        "calculationDate": "20230523",
        "outstanding": 16299.81
    },
    {
        "calculationDate": "20211216",
        "outstanding": 25518.0
    },
    {
        "calculationDate": "20200501",
        "outstanding": 500.0
    },
    {
        "calculationDate": "20211119",
        "outstanding": 0.0
    },
    {
        "calculationDate": "20190816",
        "outstanding": 8270.0
    },
    {
        "calculationDate": "20220324",
        "outstanding": 0.0
    },
    {
        "calculationDate": "20210309",
        "outstanding": 10612.0
    },
    {
        "calculationDate": "20220118",
        "outstanding": 4308.0
    },
    {
        "calculationDate": "20181026",
        "outstanding": 24759.0
    },
    {
        "calculationDate": "20190903",
        "outstanding": 770.0
    },
    {
        "calculationDate": "20220423",
        "outstanding": 12000.0
    },
    {
        "calculationDate": "20190625",
        "outstanding": 698.0
    },
    {
        "calculationDate": "20210504",
        "outstanding": 16546.0
    },
    {
        "calculationDate": "20191011",
        "outstanding": 446.0
    },
    {
        "calculationDate": "20191126",
        "outstanding": 1275.0
    },
    {
        "calculationDate": "20200717",
        "outstanding": 0.0
    },
    {
        "calculationDate": "20200616",
        "outstanding": 0.0
    },
    {
        "calculationDate": "20210126",
        "outstanding": 817.0
    },
    {
        "calculationDate": "20220517",
        "outstanding": 70169.0
    },
    {
        "calculationDate": "20200417",
        "outstanding": 309.0
    },
    {
        "calculationDate": "20210416",
        "outstanding": 250.0
    },
    {
        "calculationDate": "20181218",
        "outstanding": 0.0
    },
    {
        "calculationDate": "20220215",
        "outstanding": 0.0
    },
    {
        "calculationDate": "20191220",
        "outstanding": 0.0
    },
    {
        "calculationDate": "20211221",
        "outstanding": 34195.0
    },
    {
        "calculationDate": "20230602",
        "outstanding": 61640.81
    },
    {
        "calculationDate": "20201117",
        "outstanding": 0.0
    },
    {
        "calculationDate": "20211214",
        "outstanding": 19809.0
    },
    {
        "calculationDate": "20190219",
        "outstanding": 0.0
    },
    {
        "calculationDate": "20211130",
        "outstanding": 45082.0
    },
    {
        "outstanding": 0.0
    },
    {
        "calculationDate": "20190301",
        "outstanding": 24763.0
    },
    {
        "calculationDate": "20210601",
        "outstanding": 97870.0
    },
    {
        "calculationDate": "20200428",
        "outstanding": 250.0
    },
    {
        "calculationDate": "20200901",
        "outstanding": 0.0
    },
    {
        "calculationDate": "20210716",
        "outstanding": 0.0
    },
    {
        "calculationDate": "20210521",
        "outstanding": 1250.0
    },
    {
        "calculationDate": "20180921",
        "outstanding": 500.0
    },
    {
        "calculationDate": "20220503",
        "outstanding": 25400.0
    },
    {
        "calculationDate": "20230527",
        "outstanding": 30359.81
    },
    {
        "calculationDate": "20200505",
        "outstanding": 0.0
    },
    {
        "calculationDate": "20230502",
        "outstanding": 4058.74
    },
    {
        "calculationDate": "20190208",
        "outstanding": 0.0
    },
    {
        "calculationDate": "20190329",
        "outstanding": 24034.0
    },
    {
        "calculationDate": "20180521",
        "outstanding": 1000.0
    },
    {
        "calculationDate": "20201023",
        "outstanding": 27158.0
    },
    {
        "calculationDate": "20180315",
        "outstanding": 19248.0
    },
    {
        "calculationDate": "20190315",
        "outstanding": 11608.0
    },
    {
        "calculationDate": "20220315",
        "outstanding": 78903.0
    },
    {
        "calculationDate": "20180416",
        "outstanding": 10705.0
    },
    {
        "calculationDate": "20220405",
        "outstanding": 32400.0
    },
    {
        "calculationDate": "20201002",
        "outstanding": 0.0
    },
    {
        "calculationDate": "20180412",
        "outstanding": 10646.0
    },
    {
        "calculationDate": "20211005",
        "outstanding": 353.0
    },
    {
        "calculationDate": "20211001",
        "outstanding": 1150.0
    },
    {
        "calculationDate": "20200320",
        "outstanding": 0.0
    },
    {
        "calculationDate": "20190618",
        "outstanding": 198.0
    },
    {
        "calculationDate": "20211012",
        "outstanding": 199.0
    },
    {
        "calculationDate": "20221015",
        "outstanding": 0.0
    },
    {
        "calculationDate": "20180626",
        "outstanding": 14267.0
    },
    {
        "calculationDate": "20220416",
        "outstanding": 19859.0
    },
    {
        "calculationDate": "20180914",
        "outstanding": 0.0
    },
    {
        "calculationDate": "20181102",
        "outstanding": 0.0
    },
    {
        "calculationDate": "20221011",
        "outstanding": 4000.0
    },
    {
        "calculationDate": "20210608",
        "outstanding": 5065.0
    },
    {
        "calculationDate": "20230516",
        "outstanding": 2401.0
    },
    {
        "calculationDate": "20200310",
        "outstanding": 23339.0
    },
    {
        "calculationDate": "20190416",
        "outstanding": 0.0
    },
    {
        "calculationDate": "20190917",
        "outstanding": 0.0
    },
    {
        "calculationDate": "20201120",
        "outstanding": 250.0
    },
    {
        "calculationDate": "20221115",
        "outstanding": 55305.6
    },
    {
        "calculationDate": "20200515",
        "outstanding": 309.0
    },
    {
        "calculationDate": "20210209",
        "outstanding": 35240.0
    },
    {
        "calculationDate": "20211207",
        "outstanding": 10000.0
    },
    {
        "calculationDate": "20200128",
        "outstanding": 0.0
    },
    {
        "calculationDate": "20220331",
        "outstanding": 0.0
    },
    {
        "calculationDate": "20210706",
        "outstanding": 0.0
    },
    {
        "calculationDate": "20230510",
        "outstanding": 7388.03
    },
    {
        "calculationDate": "20220616",
        "outstanding": 0.0
    },
    {
        "calculationDate": "20220716",
        "outstanding": 0.0
    },
    {
        "calculationDate": "20220721",
        "outstanding": 28500.0
    },
    {
        "calculationDate": "20221213",
        "outstanding": 0.0
    },
    {
        "calculationDate": "20220101",
        "outstanding": 7192.0
    },
    {
        "calculationDate": "20200214",
        "outstanding": 1148.0
    },
    {
        "calculationDate": "20210810"
    },
    {
        "calculationDate": "20210206",
        "outstanding": 250.0
    },
    {
        "calculationDate": "20200303",
        "outstanding": 0.0
    },
    {
        "calculationDate": "20191115",
        "outstanding": 0.0
    },
    {
        "calculationDate": "20190412",
        "outstanding": 38986.0
    },
    {
        "calculationDate": "20181016",
        "outstanding": 0.0
    },
    {
        "calculationDate": "20210122",
        "outstanding": 0.0
    },
    {
        "calculationDate": "20180507",
        "outstanding": 0.0
    },
    {
        "calculationDate": "20211218",
        "outstanding": 27049.0
    },
    {
        "calculationDate": "20220505",
        "outstanding": 21500.0
    },
    {
        "calculationDate": "20180129",
        "outstanding": 1488.0
    },
    {
        "calculationDate": "20211228",
        "outstanding": 19000.0
    },
    {
        "calculationDate": "20190118",
        "outstanding": 4307.0
    },
    {
        "calculationDate": "20180814",
        "outstanding": 801.0
    },
    {
        "calculationDate": "20200721",
        "outstanding": 4670.0
    },
    {
        "calculationDate": "20180716",
        "outstanding": 15692.0
    },
    {
        "calculationDate": "20190528",
        "outstanding": 0.0
    },
    {
        "calculationDate": "20191218",
        "outstanding": 0.0
    },
    {
        "calculationDate": "20200225",
        "outstanding": 47361.0
    },
    {
        "calculationDate": "20230504",
        "outstanding": 30901.26
    },
    {
        "calculationDate": "20211029",
        "outstanding": 1168.0
    },
    {
        "calculationDate": "20210615",
        "outstanding": 3414.0
    },
    {
        "calculationDate": "20190122",
        "outstanding": 5956.0
    },
    {
        "calculationDate": "20181127",
        "outstanding": 23774.0
    },
    {
        "calculationDate": "20200519",
        "outstanding": 15681.0
    },
    {
        "calculationDate": "20211210",
        "outstanding": 0.0
    },
    {
        "calculationDate": "20200724",
        "outstanding": 4920.0
    },
    {
        "calculationDate": "20210216",
        "outstanding": 35889.0
    },
    {
        "calculationDate": "20191203",
        "outstanding": 500.0
    },
    {
        "calculationDate": "20190517",
        "outstanding": 0.0
    },
    {
        "calculationDate": "20230513",
        "outstanding": 0.0
    },
    {
        "calculationDate": "20201013",
        "outstanding": 26849.0
    },
    {
        "calculationDate": "20230521",
        "outstanding": 39012.33
    },
    {
        "calculationDate": "20201110",
        "outstanding": 0.0
    },
    {
        "calculationDate": "20230611",
        "outstanding": 54500.0
    },
    {
        "calculationDate": "20220614",
        "outstanding": 1529.0
    },
    {
        "calculationDate": "20210319",
        "outstanding": 0.0
    },
    {
        "calculationDate": "20211230",
        "outstanding": 4000.0
    },
    {
        "calculationDate": "20220514",
        "outstanding": 70418.0
    },
    {
        "calculationDate": "20211102",
        "outstanding": 5656.0
    },
    {
        "calculationDate": "20180209",
        "outstanding": 1988.0
    },
    {
        "calculationDate": "20200522",
        "outstanding": 17481.0
    },
    {
        "calculationDate": "20211019",
        "outstanding": 0.0
    },
    {
        "calculationDate": "20220526",
        "outstanding": 35000.0
    },
    {
        "calculationDate": "20230507",
        "outstanding": 11997.11
    },
    {
        "calculationDate": "20200710",
        "outstanding": 3140.0
    },
    {
        "calculationDate": "20210817",
        "outstanding": 0.0
    },
    {
        "calculationDate": "20190308",
        "outstanding": 9131.0
    },
    {
        "calculationDate": "20201201",
        "outstanding": 4408.0
    },
    {
        "calculationDate": "20200812",
        "outstanding": 0.0
    },
    {
        "calculationDate": "20181216",
        "outstanding": 23833.0
    },
    {
        "calculationDate": "20180219",
        "outstanding": 3137.0
    },
    {
        "calculationDate": "20180611",
        "outstanding": 0.0
    },
    {
        "calculationDate": "20210115",
        "outstanding": 0.0
    },
    {
        "calculationDate": "20200324",
        "outstanding": 5780.0
    },
    {
        "calculationDate": "20220308",
        "outstanding": 42431.0
    }
]