[
    {
        "calculationDate": "20220503",
        "outstanding": 0.0
    },
    {
        "calculationDate": "20220103",
        "outstanding": 0.0
    },
    {
        "calculationDate": "20220214",
        "outstanding": 49790.0
    },
    {
        "calculationDate": "20220704",
        "outstanding": 0.0
    },
    {
        "calculationDate": "20210927",
        "outstanding": 48500.0
    },
    {
        "calculationDate": "20220112",
        "outstanding": 49500.0
    },
    {
        "calculationDate": "20211217",
        "outstanding": 48500.0
    },
    {
        "calculationDate": "20210826",
        "outstanding": 50000.0
    },
    {
        "calculationDate": "20220606",
        "outstanding": 0.0
    },
    {
        "calculationDate": "20210628",
        "outstanding": 50590.0
    },
    {
        "calculationDate": "20220318",
        "outstanding": 0.0
    },
    {
        "calculationDate": "20211011",
        "outstanding": 48500.0
    },
    {
        "calculationDate": "20211004",
        "outstanding": 0.0
    },
    {
        "calculationDate": "20210701",
        "outstanding": 50590.0
    },
    {
        "calculationDate": "20210916",
        "outstanding": 48500.0
    },
    {
        "calculationDate": "20210726",
        "outstanding": 50590.0
    },
    {
        "calculationDate": "20211116",
        "outstanding": 47000.0
    },
    {
        "calculationDate": "20220216",
        "outstanding": 48290.0
    },
    {
        "calculationDate": "20220316",
        "outstanding": 0.0
    },
    {
        "calculationDate": "20211220",
        "outstanding": 0.0
    },
    {
        "calculationDate": "20210913",
        "outstanding": 48500.0
    },
    {
        "calculationDate": "20220218",
        "outstanding": 48290.0
    },
    {
        "calculationDate": "20211025",
        "outstanding": 48500.0
    },
    {
        "calculationDate": "20220225",
        "outstanding": 48290.0
    },
    {
        "calculationDate": "20211123",
        "outstanding": 0.0
    },
    {
        "calculationDate": "20220126",
        "outstanding": 49500.0
    },
    {
        "calculationDate": "20211118",
        "outstanding": 47000.0
    },
    {
        "calculationDate": "20210816",
        "outstanding": 0.0
    },
    {
        "calculationDate": "20220405",
        "outstanding": 0.0
    }
]