[
    {
        "calculationDate": "20221025",
        "outstanding": 157902.0
    },
    {
        "calculationDate": "20230313",
        "outstanding": 0.0
    },
    {
        "calculationDate": "20220926",
        "outstanding": 45746.0
    },
    {
        "calculationDate": "20220712",
        "outstanding": 135090.0
    },
    {
        "calculationDate": "20220905",
        "outstanding": 30970.0
    },
    {
        "calculationDate": "20220624",
        "outstanding": 100000.0
    },
    {
        "calculationDate": "20221130",
        "outstanding": 51349.85
    },
    {
        "calculationDate": "20221215",
        "outstanding": 109474.39
    },
    {
        "calculationDate": "20221116",
        "outstanding": 4190.0
    },
    {
        "calculationDate": "20221125",
        "outstanding": 24391.0
    },
    {
        "calculationDate": "20221128",
        "outstanding": 27856.0
    },
    {
        "calculationDate": "20230314",
        "outstanding": 127735.0
    },
    {
        "calculationDate": "20221206",
        "outstanding": 73051.66
    },
    {
        "calculationDate": "20220802",
        "outstanding": 25034.0
    },
    {
        "calculationDate": "20230519",
        "outstanding": 0.0
    },
    {
        "calculationDate": "20220615",
        "outstanding": 83171.0
    },
    {
        "calculationDate": "20221202",
        "outstanding": 55426.85
    },
    {
        "calculationDate": "20220904",
        "outstanding": 34770.0
    },
    {
        "calculationDate": "20220922",
        "outstanding": 65375.0
    },
    {
        "calculationDate": "20220910",
        "outstanding": 39989.0
    },
    {
        "calculationDate": "20220827",
        "outstanding": 4156.0
    },
    {
        "calculationDate": "20220822",
        "outstanding": 103085.0
    },
    {
        "calculationDate": "20221031",
        "outstanding": 80979.0
    },
    {
        "calculationDate": "20220812",
        "outstanding": 46200.0
    },
    {
        "calculationDate": "20221204",
        "outstanding": 67516.85
    },
    {
        "calculationDate": "20220821",
        "outstanding": 91995.0
    },
    {
        "calculationDate": "20220727",
        "outstanding": 16034.0
    },
    {
        "calculationDate": "20230512",
        "outstanding": 10000.0
    },
    {
        "calculationDate": "20221102",
        "outstanding": 96605.42
    },
    {
        "calculationDate": "20221015",
        "outstanding": 100000.0
    },
    {
        "calculationDate": "20220613",
        "outstanding": 25000.0
    },
    {
        "calculationDate": "20230115",
        "outstanding": 100.0
    },
    {
        "calculationDate": "20220614",
        "outstanding": 54900.0
    },
    {
        "calculationDate": "20230316",
        "outstanding": 127974.0
    },
    {
        "calculationDate": "20220710",
        "outstanding": 120731.0
    },
    {
        "calculationDate": "20221129",
        "outstanding": 50426.85
    },
    {
        "calculationDate": "20220704",
        "outstanding": 111206.0
    },
    {
        "calculationDate": "20220810",
        "outstanding": 41206.0
    },
    {
        "calculationDate": "20230405",
        "outstanding": 63974.0
    },
    {
        "calculationDate": "20221003",
        "outstanding": 234770.0
    },
    {
        "calculationDate": "20220829",
        "outstanding": 15123.0
    },
    {
        "calculationDate": "20220913",
        "outstanding": 52015.0
    },
    {
        "calculationDate": "20220916",
        "outstanding": 63515.0
    },
    {
        "calculationDate": "20220713",
        "outstanding": 100000.0
    },
    {
        "calculationDate": "20220814",
        "outstanding": 50000.0
    },
    {
        "calculationDate": "20220808",
        "outstanding": 86357.0
    },
    {
        "calculationDate": "20221218",
        "outstanding": 70097.0
    },
    {
        "calculationDate": "20221201",
        "outstanding": 55036.85
    },
    {
        "calculationDate": "20230416",
        "outstanding": 64213.0
    },
    {
        "calculationDate": "20221101",
        "outstanding": 92520.53
    },
    {
        "calculationDate": "20220708",
        "outstanding": 112994.0
    },
    {
        "calculationDate": "20230516",
        "outstanding": 15539.0
    },
    {
        "calculationDate": "20220709",
        "outstanding": 115314.0
    },
    {
        "calculationDate": "20221217",
        "outstanding": 69958.0
    },
    {
        "calculationDate": "20221209",
        "outstanding": 108143.52
    },
    {
        "calculationDate": "20221203",
        "outstanding": 67126.85
    },
    {
        "calculationDate": "20230221",
        "outstanding": 11231.0
    },
    {
        "calculationDate": "20220621",
        "outstanding": 111612.0
    },
    {
        "calculationDate": "20230215",
        "outstanding": 1231.0
    },
    {
        "calculationDate": "20220928",
        "outstanding": 36167.0
    },
    {
        "calculationDate": "20220831",
        "outstanding": 23793.0
    },
    {
        "calculationDate": "20221008",
        "outstanding": 247844.0
    },
    {
        "calculationDate": "20221005",
        "outstanding": 247844.0
    },
    {
        "calculationDate": "20230201",
        "outstanding": 0.0
    },
    {
        "calculationDate": "20230420",
        "outstanding": 0.0
    },
    {
        "calculationDate": "20221104",
        "outstanding": 112095.42
    },
    {
        "calculationDate": "20220816",
        "outstanding": 68578.0
    },
    {
        "calculationDate": "20230515",
        "outstanding": 15300.0
    },
    {
        "calculationDate": "20220718",
        "outstanding": 115000.0
    },
    {
        "calculationDate": "20230204",
        "outstanding": 992.0
    },
    {
        "calculationDate": "20220902",
        "outstanding": 29286.0
    },
    {
        "calculationDate": "20221207",
        "outstanding": 107753.52
    },
    {
        "calculationDate": "20221220",
        "outstanding": 72256.0
    }
]