[
    {
        "calculationDate": "20200602",
        "outstanding": 0.0
    },
    {
        "calculationDate": "20221029",
        "outstanding": 10355.0
    },
    {
        "calculationDate": "20230124",
        "outstanding": 10530.44
    },
    {
        "calculationDate": "20230214",
        "outstanding": 11338.3
    },
    {
        "calculationDate": "20210113",
        "outstanding": 939.0
    },
    {
        "calculationDate": "20221220",
        "outstanding": 9934.23
    },
    {
        "calculationDate": "20210601",
        "outstanding": 0.0
    },
    {
        "calculationDate": "20220303",
        "outstanding": 9345.0
    },
    {
        "calculationDate": "20230326",
        "outstanding": 9385.11
    },
    {
        "outstanding": 0.0
    },
    {
        "calculationDate": "20220702",
        "outstanding": 1346.0
    },
    {
        "calculationDate": "20200804",
        "outstanding": 3654.0
    },
    {
        "calculationDate": "20230425",
        "outstanding": 0.0
    },
    {
        "calculationDate": "20230407",
        "outstanding": 9738.37
    },
    {
        "calculationDate": "20200414",
        "outstanding": 3493.0
    },
    {
        "calculationDate": "20210119",
        "outstanding": 1295.0
    },
    {
        "calculationDate": "20230201",
        "outstanding": 12038.3
    },
    {
        "calculationDate": "20200417",
        "outstanding": 0.0
    },
    {
        "calculationDate": "20220830",
        "outstanding": 6830.0
    },
    {
        "calculationDate": "20230313",
        "outstanding": 0.0
    },
    {
        "calculationDate": "20201030",
        "outstanding": 18575.0
    },
    {
        "calculationDate": "20210629",
        "outstanding": 0.0
    },
    {
        "calculationDate": "20201002",
        "outstanding": 11128.0
    },
    {
        "calculationDate": "20200107",
        "outstanding": 0.0
    },
    {
        "calculationDate": "20200313",
        "outstanding": 0.0
    },
    {
        "calculationDate": "20210105",
        "outstanding": 0.0
    },
    {
        "calculationDate": "20210224",
        "outstanding": 3752.0
    },
    {
        "calculationDate": "20220816",
        "outstanding": 9803.0
    },
    {
        "calculationDate": "20220820",
        "outstanding": 6320.0
    },
    {
        "calculationDate": "20201117",
        "outstanding": 6000.0
    },
    {
        "calculationDate": "20210326",
        "outstanding": 15903.0
    },
    {
        "calculationDate": "20201225",
        "outstanding": 2753.0
    },
    {
        "calculationDate": "20211102",
        "outstanding": 0.0
    },
    {
        "calculationDate": "20220927",
        "outstanding": 9634.0
    },
    {
        "calculationDate": "20211116",
        "outstanding": 9051.0
    },
    {
        "calculationDate": "20220301",
        "outstanding": 9945.0
    },
    {
        "calculationDate": "20200228",
        "outstanding": 10640.0
    },
    {
        "calculationDate": "20210514",
        "outstanding": 0.0
    },
    {
        "calculationDate": "20200807",
        "outstanding": 6994.0
    },
    {
        "calculationDate": "20200428",
        "outstanding": 0.0
    },
    {
        "calculationDate": "20230225",
        "outstanding": 11840.91
    },
    {
        "calculationDate": "20230304",
        "outstanding": 0.0
    },
    {
        "calculationDate": "20220827",
        "outstanding": 6320.0
    },
    {
        "calculationDate": "20220208",
        "outstanding": 9328.0
    },
    {
        "calculationDate": "20201218",
        "outstanding": 0.0
    },
    {
        "calculationDate": "20200303",
        "outstanding": 11901.0
    },
    {
        "calculationDate": "20210406",
        "outstanding": 16428.0
    },
    {
        "calculationDate": "20200128",
        "outstanding": 0.0
    },
    {
        "calculationDate": "20210129",
        "outstanding": 5461.0
    },
    {
        "calculationDate": "20221125",
        "outstanding": 10836.23
    },
    {
        "calculationDate": "20220129",
        "outstanding": 9394.0
    },
    {
        "calculationDate": "20220531",
        "outstanding": 0.0
    },
    {
        "calculationDate": "20210903",
        "outstanding": 0.0
    },
    {
        "calculationDate": "20230103",
        "outstanding": 10933.44
    },
    {
        "calculationDate": "20200908",
        "outstanding": 9990.0
    },
    {
        "calculationDate": "20220913",
        "outstanding": 9714.0
    },
    {
        "calculationDate": "20220204",
        "outstanding": 8794.0
    },
    {
        "calculationDate": "20201215",
        "outstanding": 5027.0
    },
    {
        "calculationDate": "20220426",
        "outstanding": 7067.0
    },
    {
        "calculationDate": "20200331",
        "outstanding": 0.0
    },
    {
        "calculationDate": "20201103",
        "outstanding": 0.0
    },
    {
        "calculationDate": "20191231",
        "outstanding": 0.0
    },
    {
        "calculationDate": "20220127",
        "outstanding": 9394.0
    },
    {
        "calculationDate": "20200925",
        "outstanding": 9990.0
    },
    {
        "calculationDate": "20220528",
        "outstanding": 10384.0
    },
    {
        "calculationDate": "20201023",
        "outstanding": 16368.0
    },
    {
        "calculationDate": "20210427",
        "outstanding": 20281.0
    },
    {
        "calculationDate": "20200626",
        "outstanding": 0.0
    },
    {
        "calculationDate": "20221107",
        "outstanding": 10753.81
    },
    {
        "calculationDate": "20230110",
        "outstanding": 11032.44
    },
    {
        "calculationDate": "20230117",
        "outstanding": 11131.44
    },
    {
        "calculationDate": "20200324",
        "outstanding": 0.0
    },
    {
        "calculationDate": "20201201",
        "outstanding": 0.0
    },
    {
        "calculationDate": "20211130",
        "outstanding": 8956.0
    },
    {
        "calculationDate": "20210226",
        "outstanding": 4798.0
    },
    {
        "calculationDate": "20220929",
        "outstanding": 9634.0
    },
    {
        "calculationDate": "20211001",
        "outstanding": 9415.0
    },
    {
        "calculationDate": "20200310",
        "outstanding": 12957.0
    },
    {
        "calculationDate": "20210202",
        "outstanding": 0.0
    },
    {
        "calculationDate": "20210827",
        "outstanding": 0.0
    },
    {
        "calculationDate": "20210316",
        "outstanding": 15367.0
    },
    {
        "calculationDate": "20210730",
        "outstanding": 0.0
    },
    {
        "calculationDate": "20210803",
        "outstanding": 0.0
    },
    {
        "calculationDate": "20200221",
        "outstanding": 7017.0
    },
    {
        "calculationDate": "20211228",
        "outstanding": 8757.0
    },
    {
        "calculationDate": "20210511",
        "outstanding": 0.0
    },
    {
        "calculationDate": "20221215",
        "outstanding": 9835.23
    },
    {
        "calculationDate": "20200204",
        "outstanding": 4017.0
    },
    {
        "calculationDate": "20210907",
        "outstanding": 550.0
    },
    {
        "calculationDate": "20210702",
        "outstanding": 0.0
    },
    {
        "calculationDate": "20220712",
        "outstanding": 9514.0
    },
    {
        "calculationDate": "20220329",
        "outstanding": 9680.0
    },
    {
        "calculationDate": "20200929",
        "outstanding": 10138.0
    },
    {
        "calculationDate": "20220505",
        "outstanding": 8577.0
    },
    {
        "calculationDate": "20230420",
        "outstanding": 0.0
    },
    {
        "calculationDate": "20210330",
        "outstanding": 16379.0
    },
    {
        "calculationDate": "20201113",
        "outstanding": 5273.0
    },
    {
        "calculationDate": "20200103",
        "outstanding": 0.0
    },
    {
        "calculationDate": "20220203",
        "outstanding": 8794.0
    },
    {
        "calculationDate": "20200821",
        "outstanding": 11065.0
    },
    {
        "calculationDate": "20201016",
        "outstanding": 11937.0
    },
    {
        "calculationDate": "20220917",
        "outstanding": 9298.0
    },
    {
        "calculationDate": "20210430",
        "outstanding": 20281.0
    },
    {
        "calculationDate": "20221120",
        "outstanding": 10053.81
    },
    {
        "calculationDate": "20230330",
        "outstanding": 8280.01
    },
    {
        "calculationDate": "20200731",
        "outstanding": 1914.0
    },
    {
        "calculationDate": "20200225",
        "outstanding": 8657.0
    },
    {
        "calculationDate": "20210302",
        "outstanding": 15825.0
    },
    {
        "calculationDate": "20220730",
        "outstanding": 9999.0
    },
    {
        "calculationDate": "20210528",
        "outstanding": 227.0
    },
    {
        "calculationDate": "20220503",
        "outstanding": 8577.0
    },
    {
        "calculationDate": "20210212",
        "outstanding": 2120.0
    },
    {
        "calculationDate": "20211126",
        "outstanding": 8792.0
    },
    {
        "calculationDate": "20230608",
        "outstanding": 1365.77
    },
    {
        "calculationDate": "20221021",
        "outstanding": 9433.0
    },
    {
        "calculationDate": "20230525",
        "outstanding": 0.0
    },
    {
        "calculationDate": "20221227",
        "outstanding": 10834.44
    },
    {
        "calculationDate": "20230428",
        "outstanding": 0.0
    },
    {
        "calculationDate": "20220809",
        "outstanding": 10403.0
    },
    {
        "calculationDate": "20221020",
        "outstanding": 9433.0
    },
    {
        "calculationDate": "20220118",
        "outstanding": 8157.0
    },
    {
        "calculationDate": "20210126",
        "outstanding": 0.0
    },
    {
        "calculationDate": "20200828",
        "outstanding": 13461.0
    },
    {
        "calculationDate": "20200812",
        "outstanding": 8613.0
    },
    {
        "calculationDate": "20230125",
        "outstanding": 12138.3
    },
    {
        "calculationDate": "20221022",
        "outstanding": 9433.0
    },
    {
        "calculationDate": "20230119",
        "outstanding": 10431.44
    },
    {
        "calculationDate": "20221011",
        "outstanding": 10033.0
    },
    {
        "calculationDate": "20211124",
        "outstanding": 8792.0
    },
    {
        "calculationDate": "20211214",
        "outstanding": 8856.0
    },
    {
        "calculationDate": "20211218",
        "outstanding": 8356.0
    },
    {
        "calculationDate": "20220512",
        "outstanding": 9453.0
    },
    {
        "calculationDate": "20200630",
        "outstanding": 0.0
    },
    {
        "calculationDate": "20200728",
        "outstanding": 0.0
    },
    {
        "calculationDate": "20210305",
        "outstanding": 16067.0
    },
    {
        "calculationDate": "20200207",
        "outstanding": 5017.0
    },
    {
        "calculationDate": "20210122",
        "outstanding": 0.0
    },
    {
        "calculationDate": "20200211",
        "outstanding": 6017.0
    },
    {
        "calculationDate": "20230321",
        "outstanding": 3719.05
    },
    {
        "calculationDate": "20200407",
        "outstanding": 968.0
    },
    {
        "calculationDate": "20201211",
        "outstanding": 1268.0
    },
    {
        "calculationDate": "20210917",
        "outstanding": 9966.0
    },
    {
        "calculationDate": "20201222",
        "outstanding": 1500.0
    },
    {
        "calculationDate": "20230611",
        "outstanding": 0.0
    },
    {
        "calculationDate": "20220906",
        "outstanding": 8279.0
    },
    {
        "calculationDate": "20220428",
        "outstanding": 9177.0
    },
    {
        "calculationDate": "20220910",
        "outstanding": 9258.0
    },
    {
        "calculationDate": "20220922",
        "outstanding": 9298.0
    },
    {
        "calculationDate": "20220331",
        "outstanding": 9080.0
    },
    {
        "calculationDate": "20230612",
        "outstanding": 677.53
    },
    {
        "calculationDate": "20210831",
        "outstanding": 0.0
    },
    {
        "calculationDate": "20221114",
        "outstanding": 10053.81
    },
    {
        "calculationDate": "20211026",
        "outstanding": 9415.0
    },
    {
        "calculationDate": "20201127",
        "outstanding": 9780.0
    },
    {
        "calculationDate": "20201027",
        "outstanding": 16793.0
    },
    {
        "calculationDate": "20230323",
        "outstanding": 4604.15
    },
    {
        "calculationDate": "20201229",
        "outstanding": 4990.0
    },
    {
        "calculationDate": "20221225",
        "outstanding": 10735.44
    },
    {
        "calculationDate": "20200526",
        "outstanding": 0.0
    },
    {
        "calculationDate": "20210914",
        "outstanding": 2439.0
    },
    {
        "calculationDate": "20220728",
        "outstanding": 9999.0
    },
    {
        "calculationDate": "20210409",
        "outstanding": 19518.0
    },
    {
        "calculationDate": "20210402",
        "outstanding": 15379.0
    },
    {
        "calculationDate": "20220804",
        "outstanding": 10004.0
    },
    {
        "calculationDate": "20211029",
        "outstanding": 9843.0
    },
    {
        "calculationDate": "20201124",
        "outstanding": 7000.0
    },
    {
        "calculationDate": "20230514",
        "outstanding": 0.0
    },
    {
        "calculationDate": "20220419",
        "outstanding": 0.0
    },
    {
        "calculationDate": "20221213",
        "outstanding": 10935.23
    },
    {
        "calculationDate": "20200901",
        "outstanding": 0.0
    },
    {
        "calculationDate": "20210206",
        "outstanding": 0.0
    },
    {
        "calculationDate": "20220705",
        "outstanding": 3300.0
    }
]