[
    {
        "calculationDate": "20210301",
        "outstanding": 50000.0
    },
    {
        "calculationDate": "20220715",
        "outstanding": 0.0
    },
    {
        "calculationDate": "20210506",
        "outstanding": 0.0
    },
    {
        "calculationDate": "20220411",
        "outstanding": 147977.0
    },
    {
        "calculationDate": "20180625",
        "outstanding": 156952.0
    },
    {
        "calculationDate": "20190610",
        "outstanding": 85859.0
    },
    {
        "calculationDate": "20180531",
        "outstanding": 153634.0
    },
    {
        "calculationDate": "20201224",
        "outstanding": 49971.0
    },
    {
        "calculationDate": "20190411",
        "outstanding": 82287.0
    },
    {
        "calculationDate": "20170904",
        "outstanding": 49949.0
    },
    {
        "calculationDate": "20190530",
        "outstanding": 82273.0
    },
    {
        "calculationDate": "20180803",
        "outstanding": 37424.0
    },
    {
        "calculationDate": "20210603",
        "outstanding": 9090.0
    },
    {
        "calculationDate": "20201203",
        "outstanding": 49971.0
    },
    {
        "calculationDate": "20191021",
        "outstanding": 109011.0
    },
    {
        "calculationDate": "20191003",
        "outstanding": 106327.0
    },
    {
        "calculationDate": "20170818",
        "outstanding": 0.0
    },
    {
        "calculationDate": "20220718",
        "outstanding": 149160.0
    },
    {
        "calculationDate": "20200213",
        "outstanding": 9840.0
    },
    {
        "calculationDate": "20220701",
        "outstanding": 99.0
    },
    {
        "calculationDate": "20211203",
        "outstanding": 99525.0
    },
    {
        "calculationDate": "20201026",
        "outstanding": 22071.0
    },
    {
        "calculationDate": "20170810",
        "outstanding": 50000.0
    },
    {
        "calculationDate": "20201231",
        "outstanding": 49971.0
    },
    {
        "calculationDate": "20200601",
        "outstanding": 49941.0
    },
    {
        "calculationDate": "20200810",
        "outstanding": 0.0
    },
    {
        "calculationDate": "20210325",
        "outstanding": 54859.0
    },
    {
        "calculationDate": "20210513",
        "outstanding": 652.0
    },
    {
        "calculationDate": "20201008",
        "outstanding": 7691.0
    },
    {
        "calculationDate": "20191031",
        "outstanding": 119584.0
    },
    {
        "calculationDate": "20200402",
        "outstanding": 77948.0
    },
    {
        "calculationDate": "20190527",
        "outstanding": 82273.0
    },
    {
        "calculationDate": "20190930",
        "outstanding": 106268.0
    },
    {
        "calculationDate": "20191014",
        "outstanding": 108454.0
    },
    {
        "calculationDate": "20190502",
        "outstanding": 59.0
    },
    {
        "calculationDate": "20220309",
        "outstanding": 0.0
    },
    {
        "calculationDate": "20220401",
        "outstanding": 148977.0
    },
    {
        "calculationDate": "20190114",
        "outstanding": 66385.0
    },
    {
        "calculationDate": "20211021",
        "outstanding": 87065.0
    },
    {
        "calculationDate": "20220704",
        "outstanding": 0.0
    },
    {
        "calculationDate": "20201102",
        "outstanding": 31077.0
    },
    {
        "calculationDate": "20210708",
        "outstanding": 62463.0
    },
    {
        "calculationDate": "20211101"
    },
    {
        "calculationDate": "20210215",
        "outstanding": 50000.0
    },
    {
        "calculationDate": "20210520",
        "outstanding": 0.0
    },
    {
        "calculationDate": "20210419",
        "outstanding": 43368.0
    },
    {
        "calculationDate": "20190121",
        "outstanding": 0.0
    },
    {
        "calculationDate": "20200511",
        "outstanding": 94083.0
    },
    {
        "calculationDate": "20190401",
        "outstanding": 82968.0
    },
    {
        "calculationDate": "20190903",
        "outstanding": 71438.0
    },
    {
        "calculationDate": "20180614",
        "outstanding": 82339.0
    },
    {
        "calculationDate": "20190208",
        "outstanding": 62850.0
    },
    {
        "calculationDate": "20220608",
        "outstanding": 126499.0
    },
    {
        "calculationDate": "20181018",
        "outstanding": 0.0
    },
    {
        "calculationDate": "20210503",
        "outstanding": 19662.0
    },
    {
        "calculationDate": "20190221",
        "outstanding": 76667.0
    },
    {
        "calculationDate": "20180618",
        "outstanding": 86465.0
    },
    {
        "calculationDate": "20211104",
        "outstanding": 88668.0
    },
    {
        "calculationDate": "20220523",
        "outstanding": 135000.0
    },
    {
        "calculationDate": "20180405",
        "outstanding": 40384.0
    },
    {
        "calculationDate": "20200706",
        "outstanding": 0.0
    },
    {
        "calculationDate": "20170803",
        "outstanding": 50000.0
    },
    {
        "calculationDate": "20181129",
        "outstanding": 66882.0
    },
    {
        "calculationDate": "20181112",
        "outstanding": 62105.0
    },
    {
        "calculationDate": "20181101",
        "outstanding": 58135.0
    },
    {
        "calculationDate": "20200702",
        "outstanding": 99.0
    },
    {
        "calculationDate": "20180809",
        "outstanding": 40039.0
    },
    {
        "calculationDate": "20180702",
        "outstanding": 164102.0
    },
    {
        "calculationDate": "20180621",
        "outstanding": 151169.0
    },
    {
        "calculationDate": "20181206",
        "outstanding": 69540.0
    },
    {
        "calculationDate": "20200525",
        "outstanding": 49153.0
    },
    {
        "calculationDate": "20200806",
        "outstanding": 0.0
    },
    {
        "calculationDate": "20200420",
        "outstanding": 87431.0
    },
    {
        "calculationDate": "20220812",
        "outstanding": 140000.0
    },
    {
        "calculationDate": "20210524",
        "outstanding": 0.0
    },
    {
        "calculationDate": "20180628",
        "outstanding": 158921.0
    },
    {
        "calculationDate": "20181213",
        "outstanding": 66299.0
    },
    {
        "calculationDate": "20210408",
        "outstanding": 58368.0
    },
    {
        "calculationDate": "20220603",
        "outstanding": 132599.0
    },
    {
        "calculationDate": "20180321",
        "outstanding": 0.0
    },
    {
        "calculationDate": "20191209",
        "outstanding": 0.0
    },
    {
        "calculationDate": "20181001",
        "outstanding": 19009.0
    },
    {
        "calculationDate": "20220902",
        "outstanding": 125099.0
    },
    {
        "calculationDate": "20181119",
        "outstanding": 63831.0
    },
    {
        "calculationDate": "20200423",
        "outstanding": 87431.0
    },
    {
        "calculationDate": "20190617",
        "outstanding": 84760.0
    },
    {
        "calculationDate": "20180517",
        "outstanding": 35878.0
    },
    {
        "calculationDate": "20220328",
        "outstanding": 136379.0
    },
    {
        "calculationDate": "20171130",
        "outstanding": 46676.0
    },
    {
        "calculationDate": "20211025",
        "outstanding": 88874.0
    },
    {
        "calculationDate": "20201221",
        "outstanding": 49971.0
    },
    {
        "calculationDate": "20180528",
        "outstanding": 154658.0
    },
    {
        "calculationDate": "20190418",
        "outstanding": 82970.0
    },
    {
        "calculationDate": "20211007",
        "outstanding": 26288.0
    },
    {
        "calculationDate": "20190718",
        "outstanding": 104809.0
    },
    {
        "calculationDate": "20190905",
        "outstanding": 80936.0
    },
    {
        "calculationDate": "20190124",
        "outstanding": 50000.0
    },
    {
        "calculationDate": "20210531",
        "outstanding": 5618.0
    },
    {
        "calculationDate": "20201130",
        "outstanding": 49872.0
    },
    {
        "calculationDate": "20171002",
        "outstanding": 20659.0
    },
    {
        "calculationDate": "20200217",
        "outstanding": 0.0
    },
    {
        "calculationDate": "20191024",
        "outstanding": 109011.0
    },
    {
        "calculationDate": "20220330",
        "outstanding": 136379.0
    },
    {
        "calculationDate": "20220801",
        "outstanding": 150000.0
    },
    {
        "calculationDate": "20201022",
        "outstanding": 29148.0
    },
    {
        "calculationDate": "20200727",
        "outstanding": 2904.0
    },
    {
        "calculationDate": "20210726",
        "outstanding": 74517.0
    },
    {
        "calculationDate": "20210104",
        "outstanding": 50000.0
    },
    {
        "calculationDate": "20220121",
        "outstanding": 79099.0
    },
    {
        "calculationDate": "20190916",
        "outstanding": 88461.0
    },
    {
        "calculationDate": "20200102",
        "outstanding": 0.0
    },
    {
        "calculationDate": "20190128",
        "outstanding": 51936.0
    },
    {
        "calculationDate": "20220822",
        "outstanding": 140000.0
    },
    {
        "calculationDate": "20181231",
        "outstanding": 69785.0
    },
    {
        "calculationDate": "20190801",
        "outstanding": 84338.0
    },
    {
        "calculationDate": "20190926",
        "outstanding": 105188.0
    },
    {
        "calculationDate": "20220919",
        "outstanding": 125000.0
    },
    {
        "calculationDate": "20190909",
        "outstanding": 84403.0
    },
    {
        "calculationDate": "20180512",
        "outstanding": 0.0
    },
    {
        "calculationDate": "20180813",
        "outstanding": 39435.0
    },
    {
        "calculationDate": "20180730",
        "outstanding": 13875.0
    },
    {
        "calculationDate": "20190822",
        "outstanding": 48186.0
    },
    {
        "calculationDate": "20181115",
        "outstanding": 63831.0
    },
    {
        "calculationDate": "20230227",
        "outstanding": 0.0
    },
    {
        "calculationDate": "20180906",
        "outstanding": 27003.0
    },
    {
        "calculationDate": "20191124",
        "outstanding": 0.0
    },
    {
        "calculationDate": "20210809",
        "outstanding": 0.0
    },
    {
        "calculationDate": "20180816",
        "outstanding": 10000.0
    },
    {
        "calculationDate": "20171218",
        "outstanding": 0.0
    },
    {
        "calculationDate": "20221014",
        "outstanding": 0.0
    },
    {
        "calculationDate": "20190715",
        "outstanding": 108850.0
    },
    {
        "calculationDate": "20210329",
        "outstanding": 52910.0
    },
    {
        "calculationDate": "20190228",
        "outstanding": 84149.0
    },
    {
        "calculationDate": "20190321",
        "outstanding": 82968.0
    },
    {
        "calculationDate": "20180524",
        "outstanding": 139474.0
    },
    {
        "calculationDate": "20210422",
        "outstanding": 43368.0
    },
    {
        "calculationDate": "20190513",
        "outstanding": 76581.0
    },
    {
        "calculationDate": "20180325",
        "outstanding": 33407.0
    },
    {
        "calculationDate": "20190604",
        "outstanding": 83600.0
    },
    {
        "calculationDate": "20220513",
        "outstanding": 135000.0
    },
    {
        "calculationDate": "20210823",
        "outstanding": 0.0
    },
    {
        "calculationDate": "20190708",
        "outstanding": 108303.0
    },
    {
        "calculationDate": "20200604",
        "outstanding": 50000.0
    },
    {
        "calculationDate": "20181105",
        "outstanding": 58194.0
    },
    {
        "calculationDate": "20220126",
        "outstanding": 0.0
    },
    {
        "calculationDate": "20180806"
    },
    {
        "calculationDate": "20190408",
        "outstanding": 81797.0
    },
    {
        "calculationDate": "20181122",
        "outstanding": 63831.0
    },
    {
        "calculationDate": "20190613",
        "outstanding": 86938.0
    },
    {
        "calculationDate": "20220602",
        "outstanding": 135099.0
    },
    {
        "calculationDate": "20201113",
        "outstanding": 45761.0
    },
    {
        "calculationDate": "20201012",
        "outstanding": 8162.0
    },
    {
        "calculationDate": "20171123",
        "outstanding": 45018.0
    },
    {
        "calculationDate": "20210405",
        "outstanding": 57599.0
    },
    {
        "calculationDate": "20190222",
        "outstanding": 77717.0
    },
    {
        "calculationDate": "20190923",
        "outstanding": 104213.0
    },
    {
        "calculationDate": "20211207",
        "outstanding": 99795.0
    },
    {
        "calculationDate": "20200206",
        "outstanding": 6662.0
    },
    {
        "calculationDate": "20220321",
        "outstanding": 106800.0
    },
    {
        "calculationDate": "20221229",
        "outstanding": 199.0
    },
    {
        "calculationDate": "20200416",
        "outstanding": 86106.0
    },
    {
        "calculationDate": "20191007",
        "outstanding": 106327.0
    },
    {
        "calculationDate": "20190415",
        "outstanding": 83499.0
    },
    {
        "calculationDate": "20190218",
        "outstanding": 76667.0
    },
    {
        "calculationDate": "20220324",
        "outstanding": 106865.0
    },
    {
        "calculationDate": "20220202",
        "outstanding": 0.0
    },
    {
        "calculationDate": "20180307",
        "outstanding": 0.0
    },
    {
        "calculationDate": "20211123",
        "outstanding": 96866.0
    },
    {
        "calculationDate": "20190919",
        "outstanding": 100536.0
    },
    {
        "calculationDate": "20200507",
        "outstanding": 94083.0
    },
    {
        "calculationDate": "20200528",
        "outstanding": 50000.0
    },
    {
        "calculationDate": "20180913",
        "outstanding": 29308.0
    },
    {
        "calculationDate": "20210719",
        "outstanding": 65215.0
    },
    {
        "calculationDate": "20190702",
        "outstanding": 100865.0
    },
    {
        "calculationDate": "20201214",
        "outstanding": 49971.0
    },
    {
        "calculationDate": "20180510",
        "outstanding": 19283.0
    },
    {
        "calculationDate": "20200608",
        "outstanding": 0.0
    },
    {
        "calculationDate": "20190729",
        "outstanding": 82803.0
    },
    {
        "calculationDate": "20220103",
        "outstanding": 79099.0
    },
    {
        "calculationDate": "20171030",
        "outstanding": 49959.0
    },
    {
        "calculationDate": "20200316",
        "outstanding": 9376.0
    },
    {
        "calculationDate": "20180308",
        "outstanding": 0.0
    },
    {
        "calculationDate": "20200406",
        "outstanding": 82845.0
    },
    {
        "calculationDate": "20190826",
        "outstanding": 55925.0
    },
    {
        "calculationDate": "20210304",
        "outstanding": 50099.0
    },
    {
        "calculationDate": "20210705",
        "outstanding": 60681.0
    },
    {
        "calculationDate": "20180611",
        "outstanding": 77749.0
    },
    {
        "calculationDate": "20220211",
        "outstanding": 0.0
    },
    {
        "calculationDate": "20190225",
        "outstanding": 82844.0
    },
    {
        "calculationDate": "20191117",
        "outstanding": 40843.0
    },
    {
        "calculationDate": "20210715",
        "outstanding": 62221.0
    },
    {
        "calculationDate": "20211118",
        "outstanding": 96866.0
    },
    {
        "calculationDate": "20170928",
        "outstanding": 20600.0
    },
    {
        "calculationDate": "20210426"
    },
    {
        "calculationDate": "20181108",
        "outstanding": 58364.0
    },
    {
        "calculationDate": "20181225",
        "outstanding": 68508.0
    },
    {
        "calculationDate": "20190425",
        "outstanding": 83751.0
    },
    {
        "calculationDate": "20210121",
        "outstanding": 50000.0
    },
    {
        "calculationDate": "20200803",
        "outstanding": 9257.0
    },
    {
        "calculationDate": "20220421",
        "outstanding": 137000.0
    },
    {
        "calculationDate": "20211018",
        "outstanding": 0.0
    },
    {
        "calculationDate": "20190912",
        "outstanding": 94128.0
    },
    {
        "calculationDate": "20210125",
        "outstanding": 0.0
    },
    {
        "calculationDate": "20180820",
        "outstanding": 0.0
    },
    {
        "calculationDate": "20190422",
        "outstanding": 83751.0
    },
    {
        "calculationDate": "20201110",
        "outstanding": 31951.0
    },
    {
        "calculationDate": "20201019",
        "outstanding": 39148.0
    },
    {
        "calculationDate": "20180903",
        "outstanding": 17678.0
    },
    {
        "calculationDate": "20210617",
        "outstanding": 26578.0
    },
    {
        "calculationDate": "20200224",
        "outstanding": 0.0
    },
    {
        "calculationDate": "20180522"
    },
    {
        "calculationDate": "20221003",
        "outstanding": 125099.0
    },
    {
        "calculationDate": "20210621",
        "outstanding": 30058.0
    },
    {
        "calculationDate": "20181005",
        "outstanding": 19068.0
    },
    {
        "calculationDate": "20211129",
        "outstanding": 99426.0
    },
    {
        "calculationDate": "20210311",
        "outstanding": 52394.0
    },
    {
        "calculationDate": "20190429",
        "outstanding": 6019.0
    },
    {
        "calculationDate": "20190722",
        "outstanding": 104809.0
    },
    {
        "calculationDate": "20180712",
        "outstanding": 166378.0
    },
    {
        "calculationDate": "20181203",
        "outstanding": 69160.0
    },
    {
        "calculationDate": "20200203",
        "outstanding": 0.0
    },
    {
        "calculationDate": "20200330",
        "outstanding": 15495.0
    },
    {
        "calculationDate": "20190516",
        "outstanding": 77081.0
    },
    {
        "calculationDate": "20171010",
        "outstanding": 0.0
    },
    {
        "calculationDate": "20190325",
        "outstanding": 82968.0
    },
    {
        "calculationDate": "20211223",
        "outstanding": 99795.0
    },
    {
        "calculationDate": "20180604",
        "outstanding": 0.0
    },
    {
        "calculationDate": "20220209",
        "outstanding": 9278.0
    },
    {
        "calculationDate": "20170918",
        "outstanding": 34949.0
    },
    {
        "calculationDate": "20220921",
        "outstanding": 125000.0
    },
    {
        "calculationDate": "20220306",
        "outstanding": 0.0
    },
    {
        "calculationDate": "20210527",
        "outstanding": 4139.0
    },
    {
        "calculationDate": "20200326",
        "outstanding": 10032.0
    },
    {
        "calculationDate": "20190506",
        "outstanding": 0.0
    },
    {
        "calculationDate": "20200312",
        "outstanding": 4317.0
    },
    {
        "calculationDate": "20211014",
        "outstanding": 9047.0
    },
    {
        "calculationDate": "20220831",
        "outstanding": 125000.0
    },
    {
        "calculationDate": "20210204",
        "outstanding": 0.0
    },
    {
        "calculationDate": "20190404",
        "outstanding": 83027.0
    },
    {
        "calculationDate": "20220419",
        "outstanding": 142177.0
    },
    {
        "calculationDate": "20180516",
        "outstanding": 30000.0
    },
    {
        "calculationDate": "20220930",
        "outstanding": 125000.0
    },
    {
        "calculationDate": "20180416",
        "outstanding": 0.0
    },
    {
        "calculationDate": "20200427",
        "outstanding": 89792.0
    },
    {
        "calculationDate": "20181029",
        "outstanding": 51811.0
    },
    {
        "calculationDate": "20181015",
        "outstanding": 0.0
    },
    {
        "calculationDate": "20220207",
        "outstanding": 2017.0
    },
    {
        "calculationDate": "20170922",
        "outstanding": 3549.0
    },
    {
        "calculationDate": "20190704",
        "outstanding": 107823.0
    },
    {
        "calculationDate": "20190620",
        "outstanding": 84760.0
    },
    {
        "calculationDate": "20210628",
        "outstanding": 54694.0
    },
    {
        "calculationDate": "20200921",
        "outstanding": 0.0
    },
    {
        "calculationDate": "20181022",
        "outstanding": 45000.0
    },
    {
        "calculationDate": "20220909",
        "outstanding": 126215.0
    },
    {
        "calculationDate": "20201120",
        "outstanding": 49327.0
    },
    {
        "calculationDate": "20220610",
        "outstanding": 115000.0
    },
    {
        "calculationDate": "20190805",
        "outstanding": 0.0
    },
    {
        "calculationDate": "20200518",
        "outstanding": 80000.0
    },
    {
        "calculationDate": "20200430",
        "outstanding": 91956.0
    },
    {
        "calculationDate": "20190624",
        "outstanding": 92432.0
    },
    {
        "calculationDate": "20190131",
        "outstanding": 58513.0
    },
    {
        "calculationDate": "20220422",
        "outstanding": 137000.0
    },
    {
        "calculationDate": "20210517",
        "outstanding": 4487.0
    },
    {
        "calculationDate": "20210429",
        "outstanding": 19338.0
    },
    {
        "calculationDate": "20180318",
        "outstanding": 0.0
    },
    {
        "calculationDate": "20201123",
        "outstanding": 49327.0
    },
    {
        "calculationDate": "20171204",
        "outstanding": 46985.0
    },
    {
        "calculationDate": "20220617",
        "outstanding": 10000.0
    },
    {
        "calculationDate": "20200730",
        "outstanding": 11018.0
    },
    {
        "calculationDate": "20220221",
        "outstanding": 0.0
    },
    {
        "calculationDate": "20220912",
        "outstanding": 128737.0
    },
    {
        "calculationDate": "20210802",
        "outstanding": 77986.0
    },
    {
        "calculationDate": "20180607",
        "outstanding": 50000.0
    },
    {
        "calculationDate": "20201015",
        "outstanding": 0.0
    },
    {
        "calculationDate": "20220303",
        "outstanding": 99.0
    },
    {
        "calculationDate": "20220615",
        "outstanding": 110000.0
    },
    {
        "calculationDate": "20190520",
        "outstanding": 79773.0
    },
    {
        "calculationDate": "20220606",
        "outstanding": 130999.0
    },
    {
        "calculationDate": "20220530",
        "outstanding": 135000.0
    },
    {
        "calculationDate": "20180706",
        "outstanding": 165615.0
    },
    {
        "calculationDate": "20180726",
        "outstanding": 0.0
    },
    {
        "calculationDate": "20210729",
        "outstanding": 77986.0
    },
    {
        "calculationDate": "20180401",
        "outstanding": 39965.0
    },
    {
        "calculationDate": "20180716",
        "outstanding": 0.0
    },
    {
        "calculationDate": "20220620",
        "outstanding": 0.0
    },
    {
        "calculationDate": "20211211",
        "outstanding": 99795.0
    },
    {
        "calculationDate": "20190213",
        "outstanding": 78525.0
    },
    {
        "calculationDate": "20210208",
        "outstanding": 50000.0
    },
    {
        "calculationDate": "20211108",
        "outstanding": 92254.0
    },
    {
        "calculationDate": "20190117",
        "outstanding": 66444.0
    },
    {
        "calculationDate": "20220427",
        "outstanding": 135000.0
    },
    {
        "calculationDate": "20200903",
        "outstanding": 0.0
    },
    {
        "calculationDate": "20220503",
        "outstanding": 135099.0
    },
    {
        "calculationDate": "20200521",
        "outstanding": 49153.0
    },
    {
        "calculationDate": "20210902",
        "outstanding": 0.0
    },
    {
        "calculationDate": "20210722",
        "outstanding": 71337.0
    },
    {
        "calculationDate": "20200220",
        "outstanding": 0.0
    },
    {
        "calculationDate": "20200409",
        "outstanding": 89106.0
    },
    {
        "calculationDate": "20220824",
        "outstanding": 125000.0
    },
    {
        "calculationDate": "20190627",
        "outstanding": 96637.0
    },
    {
        "calculationDate": "20180314",
        "outstanding": 2724.0
    },
    {
        "calculationDate": "20220727",
        "outstanding": 149000.0
    },
    {
        "calculationDate": "20201005",
        "outstanding": 1093.0
    },
    {
        "calculationDate": "20180311",
        "outstanding": 1299.0
    },
    {
        "calculationDate": "20211004",
        "outstanding": 22873.0
    },
    {
        "calculationDate": "20190829",
        "outstanding": 69591.0
    },
    {
        "calculationDate": "20200305",
        "outstanding": 0.0
    },
    {
        "calculationDate": "20180918",
        "outstanding": 19009.0
    },
    {
        "calculationDate": "20191111",
        "outstanding": 79543.0
    },
    {
        "outstanding": 57500.0
    },
    {
        "calculationDate": "20190304",
        "outstanding": 87309.0
    },
    {
        "calculationDate": "20180328",
        "outstanding": 37023.0
    },
    {
        "calculationDate": "20201126",
        "outstanding": 49872.0
    },
    {
        "calculationDate": "20210322",
        "outstanding": 54859.0
    },
    {
        "calculationDate": "20221102",
        "outstanding": 99.0
    },
    {
        "calculationDate": "20210819",
        "outstanding": 0.0
    },
    {
        "calculationDate": "20180412",
        "outstanding": 0.0
    },
    {
        "calculationDate": "20190725",
        "outstanding": 108758.0
    },
    {
        "calculationDate": "20210318",
        "outstanding": 55891.0
    },
    {
        "calculationDate": "20171212",
        "outstanding": 18985.0
    },
    {
        "calculationDate": "20181025",
        "outstanding": 47315.0
    },
    {
        "calculationDate": "20210607",
        "outstanding": 16891.0
    },
    {
        "calculationDate": "20200504",
        "outstanding": 89200.0
    },
    {
        "calculationDate": "20211230",
        "outstanding": 79000.0
    },
    {
        "calculationDate": "20210701",
        "outstanding": 60582.0
    },
    {
        "calculationDate": "20181227",
        "outstanding": 69785.0
    }
]