[
    {
        "calculationDate": "20211028",
        "outstanding": 61742.0
    },
    {
        "calculationDate": "20200625",
        "outstanding": 15183.0
    },
    {
        "calculationDate": "20200928",
        "outstanding": 27553.0
    },
    {
        "calculationDate": "20220617",
        "outstanding": 8402.0
    },
    {
        "calculationDate": "20211215",
        "outstanding": 46517.0
    },
    {
        "calculationDate": "20221218",
        "outstanding": 18467.7
    },
    {
        "calculationDate": "20200312",
        "outstanding": 30000.0
    },
    {
        "calculationDate": "20201012",
        "outstanding": 31662.0
    },
    {
        "calculationDate": "20220328",
        "outstanding": 4000.0
    },
    {
        "calculationDate": "20220802",
        "outstanding": 47270.0
    },
    {
        "calculationDate": "20200921",
        "outstanding": 13336.0
    },
    {
        "calculationDate": "20230514",
        "outstanding": 31260.0
    },
    {
        "calculationDate": "20230328",
        "outstanding": 69553.32
    },
    {
        "calculationDate": "20200803",
        "outstanding": 45000.0
    },
    {
        "calculationDate": "20220128",
        "outstanding": 42469.0
    },
    {
        "calculationDate": "20211018",
        "outstanding": 63363.0
    },
    {
        "calculationDate": "20220729",
        "outstanding": 45192.0
    },
    {
        "calculationDate": "20191215",
        "outstanding": 9000.0
    },
    {
        "calculationDate": "20200629",
        "outstanding": 9249.0
    },
    {
        "calculationDate": "20220829",
        "outstanding": 50825.0
    },
    {
        "calculationDate": "20201123",
        "outstanding": 15160.0
    },
    {
        "calculationDate": "20221010",
        "outstanding": 5206.0
    },
    {
        "calculationDate": "20210506",
        "outstanding": 22231.0
    },
    {
        "calculationDate": "20220613",
        "outstanding": 8200.0
    },
    {
        "calculationDate": "20220221",
        "outstanding": 0.0
    },
    {
        "calculationDate": "20220524",
        "outstanding": 11060.0
    },
    {
        "calculationDate": "20201231",
        "outstanding": 0.0
    },
    {
        "calculationDate": "20210705",
        "outstanding": 19000.0
    },
    {
        "calculationDate": "20210401",
        "outstanding": 36400.0
    },
    {
        "calculationDate": "20200305",
        "outstanding": 10000.0
    },
    {
        "calculationDate": "20201001",
        "outstanding": 29114.0
    },
    {
        "calculationDate": "20210311",
        "outstanding": 45133.0
    },
    {
        "calculationDate": "20220805",
        "outstanding": 47363.0
    },
    {
        "calculationDate": "20230326",
        "outstanding": 69553.32
    },
    {
        "calculationDate": "20211129",
        "outstanding": 44540.0
    },
    {
        "calculationDate": "20221021",
        "outstanding": 2620.0
    },
    {
        "calculationDate": "20230525",
        "outstanding": 92674.93
    },
    {
        "calculationDate": "20201207",
        "outstanding": 9704.0
    },
    {
        "calculationDate": "20230309",
        "outstanding": 69553.32
    },
    {
        "calculationDate": "20230420",
        "outstanding": 72885.4
    },
    {
        "calculationDate": "20210426",
        "outstanding": 19496.0
    },
    {
        "calculationDate": "20211011",
        "outstanding": 53282.0
    },
    {
        "calculationDate": "20230228",
        "outstanding": 18381.98
    },
    {
        "calculationDate": "20210826",
        "outstanding": 0.0
    },
    {
        "calculationDate": "20201015",
        "outstanding": 33500.0
    },
    {
        "calculationDate": "20230523",
        "outstanding": 90267.62
    },
    {
        "calculationDate": "20211007",
        "outstanding": 58591.0
    },
    {
        "calculationDate": "20210715",
        "outstanding": 24492.0
    },
    {
        "calculationDate": "20220422",
        "outstanding": 11290.0
    },
    {
        "calculationDate": "20201008",
        "outstanding": 34000.0
    },
    {
        "calculationDate": "20220309",
        "outstanding": 0.0
    },
    {
        "calculationDate": "20220725",
        "outstanding": 41474.0
    },
    {
        "calculationDate": "20211108",
        "outstanding": 70926.0
    },
    {
        "calculationDate": "20220930",
        "outstanding": 19970.0
    },
    {
        "calculationDate": "20211014",
        "outstanding": 59258.0
    },
    {
        "calculationDate": "20210415",
        "outstanding": 30000.0
    },
    {
        "calculationDate": "20230302",
        "outstanding": 65660.0
    },
    {
        "calculationDate": "20210617",
        "outstanding": 25000.0
    },
    {
        "calculationDate": "20211217",
        "outstanding": 48402.0
    },
    {
        "calculationDate": "20211118",
        "outstanding": 50000.0
    },
    {
        "calculationDate": "20220207",
        "outstanding": 43512.0
    },
    {
        "calculationDate": "20210318",
        "outstanding": 39940.0
    },
    {
        "calculationDate": "20211104",
        "outstanding": 62761.0
    },
    {
        "calculationDate": "20200709",
        "outstanding": 43529.0
    },
    {
        "calculationDate": "20211116",
        "outstanding": 78000.0
    },
    {
        "calculationDate": "20230214",
        "outstanding": 18381.98
    },
    {
        "calculationDate": "20221110",
        "outstanding": 9865.41
    },
    {
        "calculationDate": "20230316",
        "outstanding": 69553.32
    },
    {
        "calculationDate": "20210412",
        "outstanding": 28253.0
    },
    {
        "calculationDate": "20230404",
        "outstanding": 66665.9
    },
    {
        "calculationDate": "20220216",
        "outstanding": 16510.0
    },
    {
        "calculationDate": "20220404",
        "outstanding": 5760.0
    },
    {
        "calculationDate": "20220608"
    },
    {
        "calculationDate": "20210816",
        "outstanding": 18896.0
    },
    {
        "calculationDate": "20211021",
        "outstanding": 64565.0
    },
    {
        "calculationDate": "20220313",
        "outstanding": 0.0
    },
    {
        "calculationDate": "20220520",
        "outstanding": 9550.0
    },
    {
        "calculationDate": "20200227",
        "outstanding": 9453.0
    },
    {
        "calculationDate": "20210405",
        "outstanding": 36949.0
    },
    {
        "calculationDate": "20210524",
        "outstanding": 22001.0
    },
    {
        "calculationDate": "20210510",
        "outstanding": 25761.0
    },
    {
        "calculationDate": "20230509",
        "outstanding": 31660.0
    },
    {
        "calculationDate": "20200831",
        "outstanding": 30000.0
    },
    {
        "calculationDate": "20201120",
        "outstanding": 28012.0
    },
    {
        "calculationDate": "20230516",
        "outstanding": 31890.5
    },
    {
        "calculationDate": "20210322",
        "outstanding": 40120.0
    },
    {
        "calculationDate": "20210429",
        "outstanding": 20410.0
    },
    {
        "calculationDate": "20220211",
        "outstanding": 36410.0
    },
    {
        "calculationDate": "20200204",
        "outstanding": 9624.0
    },
    {
        "calculationDate": "20220603",
        "outstanding": 11120.0
    },
    {
        "calculationDate": "20220711",
        "outstanding": 32390.0
    },
    {
        "calculationDate": "20230604",
        "outstanding": 100919.36
    },
    {
        "calculationDate": "20220106",
        "outstanding": 48485.0
    },
    {
        "calculationDate": "20200521",
        "outstanding": 21100.0
    },
    {
        "calculationDate": "20220808",
        "outstanding": 47527.0
    },
    {
        "calculationDate": "20230409",
        "outstanding": 68148.24
    },
    {
        "calculationDate": "20210513",
        "outstanding": 28000.0
    },
    {
        "calculationDate": "20210701",
        "outstanding": 21843.0
    },
    {
        "calculationDate": "20230406",
        "outstanding": 68148.24
    },
    {
        "calculationDate": "20201113",
        "outstanding": 31721.0
    },
    {
        "calculationDate": "20200109",
        "outstanding": 10078.0
    },
    {
        "calculationDate": "20210913",
        "outstanding": 56000.0
    },
    {
        "calculationDate": "20221024",
        "outstanding": 2744.0
    },
    {
        "calculationDate": "20200413",
        "outstanding": 34700.0
    },
    {
        "calculationDate": "20210722",
        "outstanding": 16796.0
    },
    {
        "calculationDate": "20210909",
        "outstanding": 55909.0
    },
    {
        "calculationDate": "20230319",
        "outstanding": 69553.32
    },
    {
        "calculationDate": "20200608",
        "outstanding": 24444.0
    },
    {
        "calculationDate": "20200507",
        "outstanding": 19100.0
    },
    {
        "calculationDate": "20200914",
        "outstanding": 0.0
    },
    {
        "calculationDate": "20200723",
        "outstanding": 47896.0
    },
    {
        "calculationDate": "20200813",
        "outstanding": 35333.0
    },
    {
        "calculationDate": "20220408",
        "outstanding": 11385.0
    },
    {
        "calculationDate": "20220606",
        "outstanding": 11591.0
    },
    {
        "calculationDate": "20230110",
        "outstanding": 6641.34
    },
    {
        "calculationDate": "20220824",
        "outstanding": 57320.0
    },
    {
        "calculationDate": "20221113",
        "outstanding": 9865.41
    },
    {
        "calculationDate": "20200601",
        "outstanding": 23353.0
    },
    {
        "calculationDate": "20220627",
        "outstanding": 0.0
    },
    {
        "calculationDate": "20191014",
        "outstanding": 590.0
    },
    {
        "calculationDate": "20191010",
        "outstanding": 0.0
    },
    {
        "calculationDate": "20210531",
        "outstanding": 42100.0
    },
    {
        "calculationDate": "20200326",
        "outstanding": 33673.0
    },
    {
        "calculationDate": "20210927",
        "outstanding": 56356.0
    },
    {
        "calculationDate": "20220718",
        "outstanding": 39146.0
    },
    {
        "calculationDate": "20230112",
        "outstanding": 6641.34
    },
    {
        "calculationDate": "20201126",
        "outstanding": 8846.0
    },
    {
        "calculationDate": "20221109",
        "outstanding": 9865.41
    },
    {
        "calculationDate": "20220815",
        "outstanding": 53593.0
    },
    {
        "calculationDate": "20210719",
        "outstanding": 25368.0
    },
    {
        "calculationDate": "20210520",
        "outstanding": 28928.0
    },
    {
        "calculationDate": "20220214",
        "outstanding": 46510.0
    },
    {
        "calculationDate": "20230606",
        "outstanding": 101976.48
    },
    {
        "calculationDate": "20211101",
        "outstanding": 62668.0
    },
    {
        "calculationDate": "20201026",
        "outstanding": 28000.0
    },
    {
        "calculationDate": "20200702",
        "outstanding": 11000.0
    },
    {
        "calculationDate": "20220321",
        "outstanding": 4200.0
    },
    {
        "calculationDate": "20200416",
        "outstanding": 19122.0
    },
    {
        "calculationDate": "20220511",
        "outstanding": 16276.0
    },
    {
        "calculationDate": "20200810",
        "outstanding": 48694.0
    },
    {
        "calculationDate": "20210823",
        "outstanding": 20621.0
    },
    {
        "calculationDate": "20220831",
        "outstanding": 51968.0
    },
    {
        "calculationDate": "20200716",
        "outstanding": 45348.0
    },
    {
        "calculationDate": "20210225",
        "outstanding": 37000.0
    },
    {
        "calculationDate": "20220629",
        "outstanding": 0.0
    },
    {
        "calculationDate": "20221007",
        "outstanding": 21575.0
    },
    {
        "calculationDate": "20220318",
        "outstanding": 1381.0
    },
    {
        "calculationDate": "20220912",
        "outstanding": 54868.0
    },
    {
        "calculationDate": "20210809",
        "outstanding": 18200.0
    },
    {
        "calculationDate": "20221103",
        "outstanding": 1860.0
    },
    {
        "calculationDate": "20201022",
        "outstanding": 27475.0
    },
    {
        "calculationDate": "20210201",
        "outstanding": 0.0
    },
    {
        "calculationDate": "20200316",
        "outstanding": 30946.0
    },
    {
        "calculationDate": "20220118",
        "outstanding": 52156.0
    },
    {
        "calculationDate": "20210712",
        "outstanding": 23986.0
    },
    {
        "calculationDate": "20210315",
        "outstanding": 45000.0
    },
    {
        "calculationDate": "20210812",
        "outstanding": 18200.0
    },
    {
        "calculationDate": "20220826",
        "outstanding": 50798.0
    },
    {
        "calculationDate": "20221014",
        "outstanding": 449.0
    },
    {
        "calculationDate": "20210301",
        "outstanding": 48946.0
    },
    {
        "calculationDate": "20220223",
        "outstanding": 0.0
    },
    {
        "calculationDate": "20230413",
        "outstanding": 70258.26
    },
    {
        "calculationDate": "20220713",
        "outstanding": 33956.0
    },
    {
        "calculationDate": "20230528",
        "outstanding": 93704.43
    },
    {
        "calculationDate": "20200730",
        "outstanding": 45000.0
    },
    {
        "calculationDate": "20221004",
        "outstanding": 21030.0
    },
    {
        "calculationDate": "20221028",
        "outstanding": 4476.0
    },
    {
        "calculationDate": "20210923",
        "outstanding": 58768.0
    },
    {
        "calculationDate": "20221220",
        "outstanding": 18467.7
    },
    {
        "calculationDate": "20200217",
        "outstanding": 10000.0
    },
    {
        "calculationDate": "20230101",
        "outstanding": 3337.86
    },
    {
        "calculationDate": "20191209",
        "outstanding": 9000.0
    },
    {
        "calculationDate": "20220820",
        "outstanding": 55505.0
    },
    {
        "calculationDate": "20221229",
        "outstanding": 18467.7
    },
    {
        "calculationDate": "20220131",
        "outstanding": 43387.0
    },
    {
        "calculationDate": "20230216",
        "outstanding": 18381.98
    },
    {
        "calculationDate": "20221208",
        "outstanding": 16747.05
    },
    {
        "calculationDate": "20230226",
        "outstanding": 18381.98
    },
    {
        "calculationDate": "20200525",
        "outstanding": 21274.0
    },
    {
        "calculationDate": "20200213",
        "outstanding": 9807.0
    },
    {
        "calculationDate": "20211111",
        "outstanding": 73926.0
    },
    {
        "calculationDate": "20230522",
        "outstanding": 35340.62
    },
    {
        "calculationDate": "20230423",
        "outstanding": 0.0
    },
    {
        "calculationDate": "20220110",
        "outstanding": 49093.0
    },
    {
        "calculationDate": "20220727",
        "outstanding": 42499.0
    },
    {
        "calculationDate": "20220413",
        "outstanding": 7201.0
    },
    {
        "calculationDate": "20201019",
        "outstanding": 30095.0
    },
    {
        "calculationDate": "20230221",
        "outstanding": 18381.98
    },
    {
        "calculationDate": "20220905",
        "outstanding": 53184.0
    },
    {
        "calculationDate": "20220513",
        "outstanding": 16936.0
    },
    {
        "calculationDate": "20220503",
        "outstanding": 17000.0
    },
    {
        "calculationDate": "20230427",
        "outstanding": 31260.0
    },
    {
        "calculationDate": "20220622",
        "outstanding": 0.0
    },
    {
        "calculationDate": "20220202",
        "outstanding": 43387.0
    },
    {
        "calculationDate": "20210104",
        "outstanding": 0.0
    },
    {
        "calculationDate": "20220425",
        "outstanding": 16679.0
    },
    {
        "calculationDate": "20220620",
        "outstanding": 9001.0
    },
    {
        "calculationDate": "20200903",
        "outstanding": 30461.0
    },
    {
        "calculationDate": "20200706",
        "outstanding": 21212.0
    },
    {
        "calculationDate": "20221225",
        "outstanding": 18467.7
    },
    {
        "calculationDate": "20200611",
        "outstanding": 0.0
    },
    {
        "calculationDate": "20220804",
        "outstanding": 47299.0
    },
    {
        "calculationDate": "20201106",
        "outstanding": 27515.0
    },
    {
        "calculationDate": "20220419",
        "outstanding": 10028.0
    },
    {
        "calculationDate": "20220602",
        "outstanding": 11060.0
    },
    {
        "calculationDate": "20221215",
        "outstanding": 18467.7
    },
    {
        "calculationDate": "20200330",
        "outstanding": 34700.0
    },
    {
        "calculationDate": "20220812",
        "outstanding": 48813.0
    },
    {
        "calculationDate": "20200924",
        "outstanding": 22433.0
    },
    {
        "calculationDate": "20230511",
        "outstanding": 31860.0
    },
    {
        "calculationDate": "20200423",
        "outstanding": 21000.0
    },
    {
        "calculationDate": "20220204",
        "outstanding": 43487.0
    },
    {
        "calculationDate": "20221101",
        "outstanding": 1860.0
    },
    {
        "calculationDate": "20220405",
        "outstanding": 10913.0
    },
    {
        "calculationDate": "20230613",
        "outstanding": 70000.0
    },
    {
        "calculationDate": "20210902",
        "outstanding": 30000.0
    },
    {
        "calculationDate": "20200420",
        "outstanding": 20377.0
    },
    {
        "calculationDate": "20200309",
        "outstanding": 0.0
    },
    {
        "calculationDate": "20210527",
        "outstanding": 0.0
    },
    {
        "calculationDate": "20201130",
        "outstanding": 10000.0
    },
    {
        "calculationDate": "20200713",
        "outstanding": 44142.0
    },
    {
        "calculationDate": "20221127",
        "outstanding": 9865.41
    },
    {
        "calculationDate": "20220518",
        "outstanding": 7526.0
    },
    {
        "calculationDate": "20210628",
        "outstanding": 19667.0
    },
    {
        "calculationDate": "20221211",
        "outstanding": 18467.7
    },
    {
        "calculationDate": "20221019",
        "outstanding": 1860.0
    },
    {
        "calculationDate": "20210805",
        "outstanding": 17200.0
    },
    {
        "calculationDate": "20230212",
        "outstanding": 18381.98
    },
    {
        "calculationDate": "20230103",
        "outstanding": 3337.86
    },
    {
        "calculationDate": "20230223",
        "outstanding": 18381.98
    },
    {
        "calculationDate": "20220411",
        "outstanding": 5001.0
    },
    {
        "calculationDate": "20220209",
        "outstanding": 38744.0
    },
    {
        "calculationDate": "20210930",
        "outstanding": 57015.0
    },
    {
        "calculationDate": "20230430",
        "outstanding": 31460.0
    },
    {
        "calculationDate": "20200817",
        "outstanding": 35622.0
    },
    {
        "calculationDate": "20230530",
        "outstanding": 99403.36
    },
    {
        "calculationDate": "20201110",
        "outstanding": 31101.0
    },
    {
        "calculationDate": "20220721",
        "outstanding": 40000.0
    },
    {
        "calculationDate": "20200820",
        "outstanding": 25622.0
    },
    {
        "calculationDate": "20221206",
        "outstanding": 16747.05
    },
    {
        "calculationDate": "20211004",
        "outstanding": 58215.0
    },
    {
        "calculationDate": "20220506",
        "outstanding": 12000.0
    },
    {
        "calculationDate": "20210517",
        "outstanding": 28852.0
    },
    {
        "calculationDate": "20200123",
        "outstanding": 9624.0
    },
    {
        "calculationDate": "20200618",
        "outstanding": 8000.0
    },
    {
        "calculationDate": "20201005",
        "outstanding": 31360.0
    },
    {
        "calculationDate": "20200224",
        "outstanding": 10000.0
    },
    {
        "calculationDate": "20230518",
        "outstanding": 34308.7
    },
    {
        "calculationDate": "20200907",
        "outstanding": 30432.0
    },
    {
        "calculationDate": "20210422",
        "outstanding": 23810.0
    },
    {
        "calculationDate": "20221012",
        "outstanding": 590.0
    },
    {
        "calculationDate": "20220306",
        "outstanding": 0.0
    },
    {
        "calculationDate": "20200207",
        "outstanding": 10421.0
    },
    {
        "calculationDate": "20230402",
        "outstanding": 66665.9
    },
    {
        "calculationDate": "20210329",
        "outstanding": 36400.0
    },
    {
        "calculationDate": "20220916",
        "outstanding": 56823.0
    },
    {
        "calculationDate": "20220705",
        "outstanding": 0.0
    },
    {
        "calculationDate": "20200622",
        "outstanding": 7948.0
    },
    {
        "calculationDate": "20220421",
        "outstanding": 11240.0
    },
    {
        "calculationDate": "20221027",
        "outstanding": 4410.0
    },
    {
        "calculationDate": "20220822",
        "outstanding": 56380.0
    },
    {
        "calculationDate": "20230515",
        "outstanding": 31598.0
    },
    {
        "calculationDate": "20200323",
        "outstanding": 32446.0
    },
    {
        "calculationDate": "20210726",
        "outstanding": 17000.0
    },
    {
        "calculationDate": "20220103",
        "outstanding": 38300.0
    },
    {
        "calculationDate": "20200720",
        "outstanding": 45655.0
    },
    {
        "calculationDate": "20200917",
        "outstanding": 0.0
    },
    {
        "calculationDate": "20211227",
        "outstanding": 38300.0
    },
    {
        "calculationDate": "20230601",
        "outstanding": 99703.36
    },
    {
        "calculationDate": "20220909",
        "outstanding": 54215.0
    },
    {
        "calculationDate": "20220610",
        "outstanding": 10000.0
    },
    {
        "calculationDate": "20210325",
        "outstanding": 42495.0
    },
    {
        "calculationDate": "20221017",
        "outstanding": 1060.0
    },
    {
        "calculationDate": "20220907",
        "outstanding": 53228.0
    },
    {
        "calculationDate": "20220722",
        "outstanding": 40690.0
    },
    {
        "calculationDate": "20210304",
        "outstanding": 45133.0
    },
    {
        "calculationDate": "20230418",
        "outstanding": 71336.49
    },
    {
        "calculationDate": "20220516",
        "outstanding": 17539.0
    },
    {
        "calculationDate": "20200304",
        "outstanding": 10000.0
    },
    {
        "calculationDate": "20210819",
        "outstanding": 19867.0
    },
    {
        "calculationDate": "20200113",
        "outstanding": 10124.0
    },
    {
        "calculationDate": "20200103",
        "outstanding": 9000.0
    },
    {
        "calculationDate": "20200806",
        "outstanding": 46336.0
    },
    {
        "outstanding": 9865.41
    },
    {
        "calculationDate": "20230307",
        "outstanding": 65660.0
    },
    {
        "calculationDate": "20200514",
        "outstanding": 19200.0
    },
    {
        "calculationDate": "20200210",
        "outstanding": 11828.0
    },
    {
        "calculationDate": "20210729",
        "outstanding": 17000.0
    },
    {
        "calculationDate": "20201224",
        "outstanding": 0.0
    },
    {
        "calculationDate": "20220427",
        "outstanding": 17000.0
    },
    {
        "calculationDate": "20220709",
        "outstanding": 18651.0
    },
    {
        "calculationDate": "20200727",
        "outstanding": 44104.0
    },
    {
        "calculationDate": "20211220",
        "outstanding": 44000.0
    },
    {
        "calculationDate": "20221117",
        "outstanding": 9865.41
    },
    {
        "calculationDate": "20201102",
        "outstanding": 26000.0
    },
    {
        "calculationDate": "20210603",
        "outstanding": 20100.0
    },
    {
        "calculationDate": "20200511",
        "outstanding": 19100.0
    },
    {
        "calculationDate": "20230305",
        "outstanding": 65660.0
    },
    {
        "calculationDate": "20200518",
        "outstanding": 19899.0
    },
    {
        "calculationDate": "20221115",
        "outstanding": 9865.41
    },
    {
        "calculationDate": "20210607",
        "outstanding": 21984.0
    },
    {
        "calculationDate": "20200528",
        "outstanding": 22327.0
    },
    {
        "calculationDate": "20220919",
        "outstanding": 57087.0
    },
    {
        "calculationDate": "20210503",
        "outstanding": 21231.0
    },
    {
        "calculationDate": "20210802",
        "outstanding": 17000.0
    },
    {
        "calculationDate": "20201029",
        "outstanding": 26000.0
    },
    {
        "calculationDate": "20220715",
        "outstanding": 34845.0
    },
    {
        "calculationDate": "20230608",
        "outstanding": 102389.48
    },
    {
        "calculationDate": "20220926",
        "outstanding": 50000.0
    },
    {
        "calculationDate": "20230611",
        "outstanding": 69937.02
    },
    {
        "calculationDate": "20200910",
        "outstanding": 30673.0
    },
    {
        "calculationDate": "20201214",
        "outstanding": 0.0
    },
    {
        "calculationDate": "20191111",
        "outstanding": 0.0
    },
    {
        "calculationDate": "20200504",
        "outstanding": 19000.0
    },
    {
        "calculationDate": "20220415",
        "outstanding": 7601.0
    },
    {
        "calculationDate": "20230507",
        "outstanding": 31660.0
    },
    {
        "calculationDate": "20200827",
        "outstanding": 28365.0
    },
    {
        "calculationDate": "20201210",
        "outstanding": 9704.0
    },
    {
        "calculationDate": "20220706",
        "outstanding": 4094.0
    },
    {
        "calculationDate": "20230219",
        "outstanding": 18381.98
    },
    {
        "calculationDate": "20211025",
        "outstanding": 66602.0
    },
    {
        "calculationDate": "20220218",
        "outstanding": 0.0
    },
    {
        "calculationDate": "20230411",
        "outstanding": 70176.48
    },
    {
        "calculationDate": "20201203",
        "outstanding": 10000.0
    },
    {
        "calculationDate": "20230108",
        "outstanding": 3337.86
    },
    {
        "calculationDate": "20220924",
        "outstanding": 52429.0
    }
]