[
    {
        "calculationDate": "20190719",
        "outstanding": 1592.0
    },
    {
        "calculationDate": "20170116",
        "outstanding": 0.0
    },
    {
        "calculationDate": "20180806",
        "outstanding": 0.0
    },
    {
        "calculationDate": "20210615",
        "outstanding": 26172.0
    },
    {
        "calculationDate": "20221026",
        "outstanding": 43566.0
    },
    {
        "calculationDate": "20200708",
        "outstanding": 0.0
    },
    {
        "calculationDate": "20210717",
        "outstanding": 13038.0
    },
    {
        "calculationDate": "20180719",
        "outstanding": 0.0
    },
    {
        "calculationDate": "20211228",
        "outstanding": 10228.0
    },
    {
        "calculationDate": "20200816",
        "outstanding": 0.0
    },
    {
        "calculationDate": "20210715",
        "outstanding": 11386.0
    },
    {
        "calculationDate": "20190815",
        "outstanding": 6907.0
    },
    {
        "calculationDate": "20220923",
        "outstanding": 4854.0
    },
    {
        "calculationDate": "20200405",
        "outstanding": 17926.0
    },
    {
        "calculationDate": "20210711",
        "outstanding": 7596.0
    },
    {
        "calculationDate": "20190516",
        "outstanding": 3813.0
    },
    {
        "calculationDate": "20220316",
        "outstanding": 4803.0
    },
    {
        "calculationDate": "20210713",
        "outstanding": 11130.0
    },
    {
        "calculationDate": "20211106",
        "outstanding": 5579.0
    },
    {
        "calculationDate": "20220928",
        "outstanding": 10726.0
    },
    {
        "calculationDate": "20220302",
        "outstanding": 10971.0
    },
    {
        "calculationDate": "20220908",
        "outstanding": 12032.0
    },
    {
        "calculationDate": "20220722",
        "outstanding": 18122.0
    },
    {
        "calculationDate": "20171207",
        "outstanding": 0.0
    },
    {
        "calculationDate": "20220906",
        "outstanding": 9395.0
    },
    {
        "calculationDate": "20200604",
        "outstanding": 0.0
    },
    {
        "calculationDate": "20190203",
        "outstanding": 0.0
    },
    {
        "calculationDate": "20170616",
        "outstanding": 0.0
    },
    {
        "calculationDate": "20171116",
        "outstanding": 3170.0
    },
    {
        "calculationDate": "20220809",
        "outstanding": 1324.0
    },
    {
        "calculationDate": "20211021",
        "outstanding": 5681.0
    },
    {
        "calculationDate": "20210723",
        "outstanding": 16203.0
    },
    {
        "calculationDate": "20220123",
        "outstanding": 4993.0
    },
    {
        "calculationDate": "20200822",
        "outstanding": 3083.0
    },
    {
        "calculationDate": "20220702",
        "outstanding": 0.0
    },
    {
        "outstanding": 22571.0
    },
    {
        "calculationDate": "20220318",
        "outstanding": 6946.0
    },
    {
        "calculationDate": "20190116",
        "outstanding": 0.0
    },
    {
        "calculationDate": "20220117",
        "outstanding": 1411.0
    },
    {
        "calculationDate": "20220622",
        "outstanding": 2260.0
    },
    {
        "calculationDate": "20221023",
        "outstanding": 31789.0
    },
    {
        "calculationDate": "20220403",
        "outstanding": 0.0
    },
    {
        "calculationDate": "20221020",
        "outstanding": 14033.0
    },
    {
        "calculationDate": "20220413",
        "outstanding": 3674.0
    },
    {
        "calculationDate": "20180615",
        "outstanding": 0.0
    },
    {
        "calculationDate": "20220827",
        "outstanding": 6750.0
    },
    {
        "calculationDate": "20220208",
        "outstanding": 2219.0
    },
    {
        "calculationDate": "20220204",
        "outstanding": 0.0
    },
    {
        "calculationDate": "20190101",
        "outstanding": 0.0
    },
    {
        "calculationDate": "20171231",
        "outstanding": 0.0
    },
    {
        "calculationDate": "20191205",
        "outstanding": 0.0
    },
    {
        "calculationDate": "20220803",
        "outstanding": 0.0
    },
    {
        "calculationDate": "20201117",
        "outstanding": 8430.0
    },
    {
        "calculationDate": "20221009",
        "outstanding": 0.0
    },
    {
        "calculationDate": "20221025",
        "outstanding": 35460.0
    },
    {
        "calculationDate": "20221004",
        "outstanding": 13284.0
    },
    {
        "calculationDate": "20210804",
        "outstanding": 19927.0
    },
    {
        "calculationDate": "20211114",
        "outstanding": 28575.0
    },
    {
        "calculationDate": "20220630",
        "outstanding": 4488.0
    },
    {
        "calculationDate": "20200502",
        "outstanding": 0.0
    },
    {
        "calculationDate": "20220531",
        "outstanding": 15600.0
    },
    {
        "calculationDate": "20220825",
        "outstanding": 4480.0
    },
    {
        "calculationDate": "20190806",
        "outstanding": 0.0
    },
    {
        "calculationDate": "20170417",
        "outstanding": 0.0
    },
    {
        "calculationDate": "20180317",
        "outstanding": 0.0
    },
    {
        "calculationDate": "20210704",
        "outstanding": 0.0
    },
    {
        "calculationDate": "20220322",
        "outstanding": 10514.0
    },
    {
        "calculationDate": "20201217",
        "outstanding": 0.0
    },
    {
        "calculationDate": "20180404",
        "outstanding": 0.0
    },
    {
        "calculationDate": "20211118",
        "outstanding": 28246.0
    },
    {
        "calculationDate": "20190402",
        "outstanding": 0.0
    },
    {
        "calculationDate": "20221021",
        "outstanding": 15202.0
    },
    {
        "calculationDate": "20210207",
        "outstanding": 0.0
    },
    {
        "calculationDate": "20220806",
        "outstanding": 979.0
    },
    {
        "calculationDate": "20170917",
        "outstanding": 0.0
    },
    {
        "calculationDate": "20220716",
        "outstanding": 14721.0
    },
    {
        "calculationDate": "20181010",
        "outstanding": 0.0
    },
    {
        "calculationDate": "20190623",
        "outstanding": 3742.0
    },
    {
        "calculationDate": "20220706",
        "outstanding": 629.0
    },
    {
        "calculationDate": "20190417",
        "outstanding": 2412.0
    },
    {
        "calculationDate": "20220820",
        "outstanding": 2207.0
    },
    {
        "calculationDate": "20211116",
        "outstanding": 28589.0
    },
    {
        "calculationDate": "20220712",
        "outstanding": 13471.0
    },
    {
        "calculationDate": "20191117",
        "outstanding": 2277.0
    },
    {
        "calculationDate": "20210404",
        "outstanding": 0.0
    },
    {
        "calculationDate": "20180618",
        "outstanding": 0.0
    },
    {
        "calculationDate": "20181103",
        "outstanding": 0.0
    },
    {
        "calculationDate": "20220427",
        "outstanding": 13227.0
    },
    {
        "calculationDate": "20220220",
        "outstanding": 7001.0
    },
    {
        "calculationDate": "20191018",
        "outstanding": 1085.0
    },
    {
        "calculationDate": "20220501",
        "outstanding": 0.0
    },
    {
        "calculationDate": "20220529",
        "outstanding": 11659.0
    },
    {
        "calculationDate": "20181115",
        "outstanding": 0.0
    },
    {
        "calculationDate": "20190716",
        "outstanding": 1592.0
    },
    {
        "calculationDate": "20220910",
        "outstanding": 17651.0
    },
    {
        "calculationDate": "20220920",
        "outstanding": 3328.0
    },
    {
        "calculationDate": "20220519",
        "outstanding": 8323.0
    },
    {
        "calculationDate": "20211208",
        "outstanding": 28771.0
    },
    {
        "calculationDate": "20210516",
        "outstanding": 9081.0
    },
    {
        "calculationDate": "20220921",
        "outstanding": 3738.0
    },
    {
        "calculationDate": "20200315",
        "outstanding": 9091.0
    },
    {
        "calculationDate": "20230528",
        "outstanding": 39118.67
    },
    {
        "calculationDate": "20220604",
        "outstanding": 0.0
    },
    {
        "calculationDate": "20210318",
        "outstanding": 223.0
    },
    {
        "calculationDate": "20210116",
        "outstanding": 0.0
    },
    {
        "calculationDate": "20220326",
        "outstanding": 14130.0
    },
    {
        "calculationDate": "20220415",
        "outstanding": 3800.0
    },
    {
        "calculationDate": "20180516",
        "outstanding": 0.0
    },
    {
        "calculationDate": "20180706",
        "outstanding": 0.0
    },
    {
        "calculationDate": "20201108",
        "outstanding": 0.0
    },
    {
        "calculationDate": "20220517",
        "outstanding": 2866.0
    },
    {
        "calculationDate": "20210731",
        "outstanding": 19197.0
    },
    {
        "calculationDate": "20220409",
        "outstanding": 554.0
    },
    {
        "calculationDate": "20170716",
        "outstanding": 0.0
    },
    {
        "calculationDate": "20220320",
        "outstanding": 7135.0
    },
    {
        "calculationDate": "20220527",
        "outstanding": 11444.0
    },
    {
        "calculationDate": "20220602",
        "outstanding": 18585.0
    },
    {
        "calculationDate": "20191004",
        "outstanding": 8038.0
    },
    {
        "calculationDate": "20220121",
        "outstanding": 4615.0
    },
    {
        "calculationDate": "20200717",
        "outstanding": 1109.0
    },
    {
        "calculationDate": "20210727",
        "outstanding": 16518.0
    },
    {
        "calculationDate": "20190330",
        "outstanding": 0.0
    },
    {
        "calculationDate": "20211001",
        "outstanding": 0.0
    },
    {
        "calculationDate": "20221016",
        "outstanding": 10622.0
    },
    {
        "calculationDate": "20200616",
        "outstanding": 3928.0
    },
    {
        "calculationDate": "20220727",
        "outstanding": 19785.0
    },
    {
        "calculationDate": "20200408",
        "outstanding": 0.0
    },
    {
        "calculationDate": "20190905",
        "outstanding": 0.0
    },
    {
        "calculationDate": "20190303",
        "outstanding": 0.0
    },
    {
        "calculationDate": "20221029",
        "outstanding": 43635.0
    },
    {
        "calculationDate": "20210218",
        "outstanding": 2001.0
    },
    {
        "calculationDate": "20211015",
        "outstanding": 2199.0
    },
    {
        "calculationDate": "20220708",
        "outstanding": 10545.0
    },
    {
        "calculationDate": "20180308",
        "outstanding": 0.0
    },
    {
        "calculationDate": "20161208",
        "outstanding": 0.0
    },
    {
        "calculationDate": "20171017",
        "outstanding": 0.0
    },
    {
        "calculationDate": "20211220",
        "outstanding": 3391.0
    },
    {
        "calculationDate": "20221005",
        "outstanding": 16087.0
    },
    {
        "calculationDate": "20210901",
        "outstanding": 0.0
    },
    {
        "calculationDate": "20220212",
        "outstanding": 4843.0
    },
    {
        "calculationDate": "20221001",
        "outstanding": 12184.0
    },
    {
        "calculationDate": "20220728",
        "outstanding": 21831.0
    },
    {
        "calculationDate": "20190917",
        "outstanding": 2899.0
    },
    {
        "calculationDate": "20220314",
        "outstanding": 4408.0
    },
    {
        "calculationDate": "20220925",
        "outstanding": 7470.0
    },
    {
        "calculationDate": "20180917",
        "outstanding": 0.0
    },
    {
        "calculationDate": "20220901",
        "outstanding": 6806.0
    },
    {
        "calculationDate": "20191217",
        "outstanding": 2799.0
    },
    {
        "calculationDate": "20170517",
        "outstanding": 0.0
    },
    {
        "calculationDate": "20211216",
        "outstanding": 620.0
    },
    {
        "calculationDate": "20171216",
        "outstanding": 0.0
    },
    {
        "calculationDate": "20220914",
        "outstanding": 0.0
    },
    {
        "calculationDate": "20201010",
        "outstanding": 0.0
    },
    {
        "calculationDate": "20190209",
        "outstanding": 0.0
    },
    {
        "calculationDate": "20220304",
        "outstanding": 0.0
    },
    {
        "calculationDate": "20210806",
        "outstanding": 0.0
    },
    {
        "calculationDate": "20220224",
        "outstanding": 8565.0
    },
    {
        "calculationDate": "20211204",
        "outstanding": 28264.0
    },
    {
        "calculationDate": "20220819",
        "outstanding": 1890.0
    },
    {
        "calculationDate": "20220710",
        "outstanding": 12882.0
    },
    {
        "calculationDate": "20220816",
        "outstanding": 0.0
    },
    {
        "calculationDate": "20221002",
        "outstanding": 12684.0
    },
    {
        "calculationDate": "20221018",
        "outstanding": 11051.0
    },
    {
        "calculationDate": "20220515",
        "outstanding": 2161.0
    },
    {
        "calculationDate": "20191227",
        "outstanding": 0.0
    },
    {
        "calculationDate": "20220417",
        "outstanding": 4280.0
    },
    {
        "calculationDate": "20220330",
        "outstanding": 17003.0
    },
    {
        "calculationDate": "20230123",
        "outstanding": 14817.74
    },
    {
        "calculationDate": "20190704",
        "outstanding": 0.0
    },
    {
        "calculationDate": "20220312",
        "outstanding": 3986.0
    },
    {
        "calculationDate": "20220129",
        "outstanding": 9835.0
    },
    {
        "calculationDate": "20190617",
        "outstanding": 3742.0
    },
    {
        "calculationDate": "20191010",
        "outstanding": 0.0
    },
    {
        "calculationDate": "20220917"
    },
    {
        "calculationDate": "20230403",
        "outstanding": 44291.55
    },
    {
        "calculationDate": "20220618",
        "outstanding": 0.0
    },
    {
        "calculationDate": "20191107",
        "outstanding": 0.0
    },
    {
        "calculationDate": "20220714",
        "outstanding": 24636.0
    },
    {
        "calculationDate": "20200807",
        "outstanding": 0.0
    },
    {
        "calculationDate": "20201209",
        "outstanding": 0.0
    },
    {
        "calculationDate": "20180818",
        "outstanding": 0.0
    },
    {
        "calculationDate": "20161217",
        "outstanding": 0.0
    },
    {
        "calculationDate": "20220101",
        "outstanding": 0.0
    },
    {
        "calculationDate": "20171205",
        "outstanding": 4448.0
    },
    {
        "calculationDate": "20221007",
        "outstanding": 16181.0
    },
    {
        "calculationDate": "20211226",
        "outstanding": 8728.0
    },
    {
        "calculationDate": "20190501",
        "outstanding": 0.0
    },
    {
        "calculationDate": "20191114",
        "outstanding": 2277.0
    },
    {
        "calculationDate": "20220125",
        "outstanding": 7842.0
    },
    {
        "calculationDate": "20230301",
        "outstanding": 38488.17
    },
    {
        "calculationDate": "20181204",
        "outstanding": 0.0
    },
    {
        "calculationDate": "20210505",
        "outstanding": 0.0
    },
    {
        "calculationDate": "20220324",
        "outstanding": 13614.0
    },
    {
        "calculationDate": "20220216",
        "outstanding": 6576.0
    },
    {
        "calculationDate": "20190215",
        "outstanding": 0.0
    },
    {
        "calculationDate": "20171110",
        "outstanding": 0.0
    },
    {
        "calculationDate": "20221008",
        "outstanding": 0.0
    },
    {
        "calculationDate": "20220423",
        "outstanding": 10516.0
    },
    {
        "calculationDate": "20220525",
        "outstanding": 10675.0
    },
    {
        "calculationDate": "20210417",
        "outstanding": 5460.0
    },
    {
        "calculationDate": "20200517",
        "outstanding": 0.0
    },
    {
        "calculationDate": "20180118",
        "outstanding": 0.0
    },
    {
        "calculationDate": "20170218",
        "outstanding": 0.0
    },
    {
        "calculationDate": "20220811",
        "outstanding": 4118.0
    },
    {
        "calculationDate": "20200903",
        "outstanding": 0.0
    },
    {
        "calculationDate": "20210306",
        "outstanding": 0.0
    },
    {
        "calculationDate": "20201018",
        "outstanding": 0.0
    },
    {
        "calculationDate": "20191007",
        "outstanding": 8038.0
    },
    {
        "calculationDate": "20190315",
        "outstanding": 0.0
    },
    {
        "calculationDate": "20221014",
        "outstanding": 9724.0
    },
    {
        "calculationDate": "20220902",
        "outstanding": 8054.0
    },
    {
        "calculationDate": "20220115",
        "outstanding": 1411.0
    },
    {
        "calculationDate": "20200116",
        "outstanding": 0.0
    },
    {
        "calculationDate": "20211224",
        "outstanding": 3644.0
    },
    {
        "calculationDate": "20220720",
        "outstanding": 16106.0
    },
    {
        "calculationDate": "20181217",
        "outstanding": 10148.0
    },
    {
        "calculationDate": "20200918",
        "outstanding": 4716.0
    },
    {
        "calculationDate": "20211230",
        "outstanding": 11786.0
    },
    {
        "calculationDate": "20200217",
        "outstanding": 3503.0
    },
    {
        "calculationDate": "20180416",
        "outstanding": 0.0
    },
    {
        "calculationDate": "20220421",
        "outstanding": 8982.0
    },
    {
        "calculationDate": "20200303",
        "outstanding": 0.0
    },
    {
        "calculationDate": "20200417",
        "outstanding": 0.0
    },
    {
        "calculationDate": "20220328",
        "outstanding": 15008.0
    },
    {
        "calculationDate": "20211005",
        "outstanding": 2039.0
    },
    {
        "calculationDate": "20200203",
        "outstanding": 0.0
    },
    {
        "calculationDate": "20221012",
        "outstanding": 3162.0
    },
    {
        "calculationDate": "20220127",
        "outstanding": 8271.0
    },
    {
        "calculationDate": "20200318",
        "outstanding": 9091.0
    },
    {
        "calculationDate": "20180218",
        "outstanding": 0.0
    }
]