[
    {
        "calculationDate": "20220615",
        "outstanding": 9626.0
    },
    {
        "calculationDate": "20220603",
        "outstanding": 15624.0
    },
    {
        "calculationDate": "20220620",
        "outstanding": 10462.0
    },
    {
        "calculationDate": "20230515",
        "outstanding": 37292.59
    },
    {
        "calculationDate": "20230406",
        "outstanding": 40547.59
    },
    {
        "calculationDate": "20221005",
        "outstanding": 19750.0
    },
    {
        "calculationDate": "20220405",
        "outstanding": 5917.0
    },
    {
        "calculationDate": "20220711",
        "outstanding": 5585.0
    },
    {
        "outstanding": 8799.0
    },
    {
        "calculationDate": "20220705",
        "outstanding": 10471.0
    },
    {
        "calculationDate": "20220218",
        "outstanding": 8090.0
    },
    {
        "calculationDate": "20230606",
        "outstanding": 26424.06
    },
    {
        "calculationDate": "20221004",
        "outstanding": 19451.0
    },
    {
        "calculationDate": "20220527",
        "outstanding": 9302.0
    },
    {
        "calculationDate": "20221017",
        "outstanding": 19920.0
    },
    {
        "calculationDate": "20220408",
        "outstanding": 0.0
    },
    {
        "calculationDate": "20220718",
        "outstanding": 5585.0
    },
    {
        "calculationDate": "20211230",
        "outstanding": 0.0
    },
    {
        "calculationDate": "20230521",
        "outstanding": 37424.06
    },
    {
        "calculationDate": "20230314",
        "outstanding": 0.0
    },
    {
        "calculationDate": "20221021",
        "outstanding": 14920.0
    },
    {
        "calculationDate": "20220207",
        "outstanding": 0.0
    },
    {
        "calculationDate": "20220216",
        "outstanding": 120.0
    },
    {
        "calculationDate": "20220407",
        "outstanding": 0.0
    },
    {
        "calculationDate": "20220706",
        "outstanding": 4239.0
    },
    {
        "calculationDate": "20230411",
        "outstanding": 48292.59
    },
    {
        "calculationDate": "20220721",
        "outstanding": 6155.0
    },
    {
        "calculationDate": "20220722",
        "outstanding": 0.0
    },
    {
        "calculationDate": "20230516",
        "outstanding": 37292.59
    },
    {
        "calculationDate": "20220709",
        "outstanding": 5079.0
    },
    {
        "calculationDate": "20220829",
        "outstanding": 5768.0
    },
    {
        "calculationDate": "20220526",
        "outstanding": 9302.0
    },
    {
        "calculationDate": "20220427",
        "outstanding": 8723.0
    },
    {
        "calculationDate": "20220905",
        "outstanding": 12886.0
    },
    {
        "calculationDate": "20230507",
        "outstanding": 37292.59
    },
    {
        "calculationDate": "20220608",
        "outstanding": 6655.0
    },
    {
        "calculationDate": "20220622",
        "outstanding": 6462.0
    },
    {
        "calculationDate": "20221007",
        "outstanding": 19920.0
    },
    {
        "calculationDate": "20211220",
        "outstanding": 0.0
    },
    {
        "calculationDate": "20230416",
        "outstanding": 48292.59
    },
    {
        "calculationDate": "20220820",
        "outstanding": 4829.0
    },
    {
        "calculationDate": "20220930",
        "outstanding": 19301.0
    },
    {
        "calculationDate": "20220916",
        "outstanding": 12886.0
    },
    {
        "calculationDate": "20220805",
        "outstanding": 7544.0
    },
    {
        "calculationDate": "20220602",
        "outstanding": 11549.0
    },
    {
        "calculationDate": "20220802",
        "outstanding": 0.0
    },
    {
        "calculationDate": "20220617",
        "outstanding": 10266.0
    },
    {
        "calculationDate": "20220221",
        "outstanding": 0.0
    },
    {
        "calculationDate": "20220824",
        "outstanding": 5656.0
    },
    {
        "calculationDate": "20211217",
        "outstanding": 0.0
    },
    {
        "calculationDate": "20220808",
        "outstanding": 4669.0
    },
    {
        "calculationDate": "20220422",
        "outstanding": 0.0
    },
    {
        "calculationDate": "20220822",
        "outstanding": 7386.0
    },
    {
        "calculationDate": "20220804",
        "outstanding": 4883.0
    },
    {
        "calculationDate": "20220506",
        "outstanding": 4942.0
    },
    {
        "calculationDate": "20220606",
        "outstanding": 6655.0
    },
    {
        "calculationDate": "20220204",
        "outstanding": 7972.0
    },
    {
        "calculationDate": "20230409",
        "outstanding": 32317.59
    },
    {
        "calculationDate": "20220516",
        "outstanding": 5132.0
    },
    {
        "calculationDate": "20220401",
        "outstanding": 3770.0
    },
    {
        "calculationDate": "20220309",
        "outstanding": 0.0
    },
    {
        "calculationDate": "20220419",
        "outstanding": 2253.0
    },
    {
        "calculationDate": "20220404",
        "outstanding": 3917.0
    },
    {
        "calculationDate": "20220907",
        "outstanding": 12886.0
    },
    {
        "calculationDate": "20230404",
        "outstanding": 1407.19
    },
    {
        "calculationDate": "20230402",
        "outstanding": 1407.19
    },
    {
        "calculationDate": "20220817",
        "outstanding": 4669.0
    },
    {
        "calculationDate": "20220627",
        "outstanding": 6462.0
    },
    {
        "calculationDate": "20220328",
        "outstanding": 1770.0
    },
    {
        "calculationDate": "20220509",
        "outstanding": 5132.0
    }
]