[
    {
        "calculationDate": "20200711",
        "outstanding": 19627.0
    },
    {
        "calculationDate": "20160317",
        "outstanding": 0.0
    },
    {
        "calculationDate": "20201011",
        "outstanding": 1819.0
    },
    {
        "calculationDate": "20150731",
        "outstanding": 0.0
    },
    {
        "calculationDate": "20180709",
        "outstanding": 0.0
    },
    {
        "calculationDate": "20210915",
        "outstanding": 0.0
    },
    {
        "calculationDate": "20150811",
        "outstanding": 48859.0
    },
    {
        "calculationDate": "20171031",
        "outstanding": 0.0
    },
    {
        "calculationDate": "20210111",
        "outstanding": 41332.0
    },
    {
        "calculationDate": "20160509",
        "outstanding": 0.0
    },
    {
        "calculationDate": "20210729",
        "outstanding": 1761.0
    },
    {
        "calculationDate": "20160407",
        "outstanding": 34799.0
    },
    {
        "calculationDate": "20190831",
        "outstanding": 46540.0
    },
    {
        "calculationDate": "20210806",
        "outstanding": 21972.0
    },
    {
        "calculationDate": "20151225",
        "outstanding": 3832.0
    },
    {
        "calculationDate": "20210414",
        "outstanding": 38816.0
    },
    {
        "calculationDate": "20180702",
        "outstanding": 47728.0
    },
    {
        "calculationDate": "20210706",
        "outstanding": 17441.0
    },
    {
        "calculationDate": "20200511",
        "outstanding": 12312.0
    },
    {
        "calculationDate": "20191111",
        "outstanding": 46862.0
    },
    {
        "calculationDate": "20170107",
        "outstanding": 20770.0
    },
    {
        "calculationDate": "20210708",
        "outstanding": 17442.0
    },
    {
        "calculationDate": "20200214",
        "outstanding": 47359.0
    },
    {
        "calculationDate": "20160429",
        "outstanding": 0.0
    },
    {
        "calculationDate": "20151209",
        "outstanding": 0.0
    },
    {
        "calculationDate": "20160606",
        "outstanding": 47412.0
    },
    {
        "calculationDate": "20190214",
        "outstanding": 6769.0
    },
    {
        "calculationDate": "20160808",
        "outstanding": 0.0
    },
    {
        "calculationDate": "20180813",
        "outstanding": 0.0
    },
    {
        "calculationDate": "20160610",
        "outstanding": 0.0
    },
    {
        "calculationDate": "20210704",
        "outstanding": 17440.0
    },
    {
        "calculationDate": "20190122",
        "outstanding": 21510.0
    },
    {
        "calculationDate": "20210505",
        "outstanding": 0.0
    },
    {
        "calculationDate": "20181128",
        "outstanding": 0.0
    },
    {
        "calculationDate": "20200811",
        "outstanding": 0.0
    },
    {
        "calculationDate": "20180730",
        "outstanding": 0.0
    },
    {
        "calculationDate": "20190614",
        "outstanding": 0.0
    },
    {
        "calculationDate": "20210808",
        "outstanding": 30170.0
    },
    {
        "calculationDate": "20210313",
        "outstanding": 0.0
    },
    {
        "calculationDate": "20210321",
        "outstanding": 5277.0
    },
    {
        "calculationDate": "20190729",
        "outstanding": 29868.0
    },
    {
        "calculationDate": "20170807",
        "outstanding": 0.0
    },
    {
        "calculationDate": "20181221",
        "outstanding": 9367.0
    },
    {
        "calculationDate": "20160912",
        "outstanding": 0.0
    },
    {
        "calculationDate": "20160507",
        "outstanding": 0.0
    },
    {
        "outstanding": 1850.0
    },
    {
        "calculationDate": "20190401",
        "outstanding": 4057.0
    },
    {
        "calculationDate": "20190506",
        "outstanding": 0.0
    },
    {
        "calculationDate": "20160102",
        "outstanding": 0.0
    },
    {
        "calculationDate": "20210214",
        "outstanding": 0.0
    },
    {
        "calculationDate": "20190301",
        "outstanding": 23825.0
    },
    {
        "calculationDate": "20180913",
        "outstanding": 36912.0
    },
    {
        "calculationDate": "20150826",
        "outstanding": 0.0
    },
    {
        "calculationDate": "20151011",
        "outstanding": 5544.0
    },
    {
        "calculationDate": "20161010",
        "outstanding": 0.0
    },
    {
        "calculationDate": "20180613",
        "outstanding": 0.0
    },
    {
        "calculationDate": "20190311",
        "outstanding": 0.0
    },
    {
        "calculationDate": "20190511",
        "outstanding": 15608.0
    },
    {
        "calculationDate": "20200303",
        "outstanding": 46872.0
    },
    {
        "calculationDate": "20210713",
        "outstanding": 0.0
    },
    {
        "calculationDate": "20210804",
        "outstanding": 16628.0
    },
    {
        "calculationDate": "20190126",
        "outstanding": 0.0
    },
    {
        "calculationDate": "20150609",
        "outstanding": 33773.0
    },
    {
        "calculationDate": "20210905",
        "outstanding": 10576.0
    },
    {
        "calculationDate": "20160107",
        "outstanding": 0.0
    },
    {
        "calculationDate": "20160901",
        "outstanding": 0.0
    },
    {
        "calculationDate": "20190712",
        "outstanding": 0.0
    },
    {
        "calculationDate": "20151203",
        "outstanding": 0.0
    },
    {
        "calculationDate": "20180811",
        "outstanding": 3299.0
    },
    {
        "calculationDate": "20191011",
        "outstanding": 6227.0
    },
    {
        "calculationDate": "20160607",
        "outstanding": 38012.0
    },
    {
        "calculationDate": "20190604",
        "outstanding": 0.0
    },
    {
        "calculationDate": "20191002",
        "outstanding": 18014.0
    },
    {
        "calculationDate": "20200530",
        "outstanding": 0.0
    },
    {
        "calculationDate": "20170201",
        "outstanding": 0.0
    },
    {
        "calculationDate": "20160219",
        "outstanding": 16680.0
    },
    {
        "calculationDate": "20170603",
        "outstanding": 0.0
    },
    {
        "calculationDate": "20181111",
        "outstanding": 35407.0
    },
    {
        "calculationDate": "20161031",
        "outstanding": 0.0
    },
    {
        "calculationDate": "20190201",
        "outstanding": 0.0
    },
    {
        "calculationDate": "20161219",
        "outstanding": 6617.0
    },
    {
        "calculationDate": "20191202",
        "outstanding": 47748.0
    },
    {
        "calculationDate": "20180901",
        "outstanding": 11739.0
    },
    {
        "calculationDate": "20170417",
        "outstanding": 0.0
    },
    {
        "calculationDate": "20210613",
        "outstanding": 16884.0
    },
    {
        "calculationDate": "20161103",
        "outstanding": 0.0
    },
    {
        "calculationDate": "20151021",
        "outstanding": 644.0
    },
    {
        "calculationDate": "20160128",
        "outstanding": 0.0
    },
    {
        "calculationDate": "20190829",
        "outstanding": 45990.0
    },
    {
        "calculationDate": "20160702",
        "outstanding": 798.0
    },
    {
        "calculationDate": "20180707",
        "outstanding": 0.0
    },
    {
        "calculationDate": "20150916",
        "outstanding": 0.0
    },
    {
        "calculationDate": "20160229",
        "outstanding": 0.0
    },
    {
        "calculationDate": "20150928",
        "outstanding": 0.0
    },
    {
        "calculationDate": "20160711",
        "outstanding": 0.0
    },
    {
        "calculationDate": "20160409",
        "outstanding": 0.0
    },
    {
        "calculationDate": "20161003",
        "outstanding": 3147.0
    },
    {
        "calculationDate": "20161211",
        "outstanding": 4423.0
    },
    {
        "calculationDate": "20200930",
        "outstanding": 0.0
    },
    {
        "calculationDate": "20210901",
        "outstanding": 10576.0
    },
    {
        "calculationDate": "20200717",
        "outstanding": 0.0
    },
    {
        "calculationDate": "20210812",
        "outstanding": 38385.0
    },
    {
        "calculationDate": "20190209",
        "outstanding": 20713.0
    },
    {
        "calculationDate": "20190322",
        "outstanding": 0.0
    },
    {
        "calculationDate": "20151202",
        "outstanding": 0.0
    },
    {
        "calculationDate": "20170617",
        "outstanding": 42496.0
    },
    {
        "calculationDate": "20201207",
        "outstanding": 0.0
    },
    {
        "calculationDate": "20181018",
        "outstanding": 0.0
    },
    {
        "calculationDate": "20190704",
        "outstanding": 45589.0
    },
    {
        "calculationDate": "20180911",
        "outstanding": 28217.0
    },
    {
        "calculationDate": "20181024",
        "outstanding": 0.0
    },
    {
        "calculationDate": "20180331",
        "outstanding": 0.0
    },
    {
        "calculationDate": "20180914",
        "outstanding": 0.0
    },
    {
        "calculationDate": "20170220",
        "outstanding": 0.0
    },
    {
        "calculationDate": "20190111",
        "outstanding": 0.0
    },
    {
        "calculationDate": "20170331",
        "outstanding": 0.0
    },
    {
        "calculationDate": "20181102",
        "outstanding": 0.0
    },
    {
        "calculationDate": "20210514",
        "outstanding": 996.0
    },
    {
        "calculationDate": "20191004",
        "outstanding": 0.0
    },
    {
        "calculationDate": "20190221",
        "outstanding": 0.0
    },
    {
        "calculationDate": "20160116",
        "outstanding": 0.0
    },
    {
        "calculationDate": "20210526",
        "outstanding": 0.0
    },
    {
        "calculationDate": "20190814",
        "outstanding": 6057.0
    },
    {
        "calculationDate": "20151014",
        "outstanding": 0.0
    },
    {
        "calculationDate": "20210105",
        "outstanding": 41328.0
    },
    {
        "calculationDate": "20161111",
        "outstanding": 3213.0
    },
    {
        "calculationDate": "20150909",
        "outstanding": 0.0
    },
    {
        "calculationDate": "20160730",
        "outstanding": 0.0
    },
    {
        "calculationDate": "20200725",
        "outstanding": 0.0
    },
    {
        "calculationDate": "20161129",
        "outstanding": 27236.0
    },
    {
        "calculationDate": "20210719",
        "outstanding": 5724.0
    },
    {
        "calculationDate": "20161114",
        "outstanding": 0.0
    },
    {
        "calculationDate": "20190411",
        "outstanding": 0.0
    },
    {
        "calculationDate": "20210814",
        "outstanding": 2730.0
    },
    {
        "calculationDate": "20190525",
        "outstanding": 21914.0
    },
    {
        "calculationDate": "20161125",
        "outstanding": 36728.0
    },
    {
        "calculationDate": "20160604",
        "outstanding": 48096.0
    },
    {
        "calculationDate": "20150901",
        "outstanding": 0.0
    },
    {
        "calculationDate": "20150930",
        "outstanding": 0.0
    },
    {
        "calculationDate": "20210419",
        "outstanding": 15576.0
    },
    {
        "calculationDate": "20210721",
        "outstanding": 8746.0
    },
    {
        "calculationDate": "20200314",
        "outstanding": 41673.0
    },
    {
        "calculationDate": "20170930",
        "outstanding": 0.0
    },
    {
        "calculationDate": "20150525",
        "outstanding": 0.0
    },
    {
        "calculationDate": "20160727",
        "outstanding": 34234.0
    },
    {
        "calculationDate": "20170609",
        "outstanding": 0.0
    },
    {
        "calculationDate": "20200718",
        "outstanding": 0.0
    },
    {
        "calculationDate": "20150627",
        "outstanding": 0.0
    },
    {
        "calculationDate": "20210102",
        "outstanding": 41326.0
    },
    {
        "calculationDate": "20201031",
        "outstanding": 0.0
    },
    {
        "calculationDate": "20180131",
        "outstanding": 0.0
    },
    {
        "calculationDate": "20200714",
        "outstanding": 0.0
    },
    {
        "calculationDate": "20180604",
        "outstanding": 0.0
    },
    {
        "calculationDate": "20201014",
        "outstanding": 0.0
    },
    {
        "calculationDate": "20210717",
        "outstanding": 1867.0
    },
    {
        "calculationDate": "20200111",
        "outstanding": 44024.0
    },
    {
        "calculationDate": "20180927",
        "outstanding": 0.0
    },
    {
        "calculationDate": "20190208",
        "outstanding": 9873.0
    },
    {
        "calculationDate": "20180430",
        "outstanding": 0.0
    },
    {
        "calculationDate": "20180714",
        "outstanding": 0.0
    },
    {
        "calculationDate": "20180904",
        "outstanding": 0.0
    },
    {
        "calculationDate": "20190406",
        "outstanding": 0.0
    },
    {
        "calculationDate": "20161006",
        "outstanding": 9634.0
    },
    {
        "calculationDate": "20210222",
        "outstanding": 0.0
    },
    {
        "calculationDate": "20190515",
        "outstanding": 0.0
    },
    {
        "calculationDate": "20190611",
        "outstanding": 23583.0
    },
    {
        "calculationDate": "20181004",
        "outstanding": 0.0
    },
    {
        "calculationDate": "20181211",
        "outstanding": 38550.0
    },
    {
        "calculationDate": "20201115",
        "outstanding": 0.0
    },
    {
        "calculationDate": "20170211",
        "outstanding": 10943.0
    },
    {
        "calculationDate": "20160713",
        "outstanding": 0.0
    },
    {
        "calculationDate": "20210828",
        "outstanding": 5528.0
    },
    {
        "calculationDate": "20190904",
        "outstanding": 0.0
    },
    {
        "calculationDate": "20201227",
        "outstanding": 40696.0
    },
    {
        "calculationDate": "20181101",
        "outstanding": 0.0
    },
    {
        "calculationDate": "20180711",
        "outstanding": 251.0
    },
    {
        "calculationDate": "20191018",
        "outstanding": 0.0
    },
    {
        "calculationDate": "20171130",
        "outstanding": 0.0
    },
    {
        "calculationDate": "20181206",
        "outstanding": 13324.0
    },
    {
        "calculationDate": "20171231",
        "outstanding": 0.0
    },
    {
        "calculationDate": "20190811",
        "outstanding": 1632.0
    },
    {
        "calculationDate": "20160220",
        "outstanding": 982.0
    },
    {
        "calculationDate": "20170606",
        "outstanding": 0.0
    },
    {
        "calculationDate": "20151111",
        "outstanding": 30883.0
    },
    {
        "calculationDate": "20200201",
        "outstanding": 46557.0
    },
    {
        "calculationDate": "20200611",
        "outstanding": 24214.0
    },
    {
        "calculationDate": "20160617",
        "outstanding": 0.0
    },
    {
        "calculationDate": "20210802",
        "outstanding": 11068.0
    },
    {
        "calculationDate": "20170605",
        "outstanding": 0.0
    },
    {
        "calculationDate": "20190701",
        "outstanding": 47961.0
    },
    {
        "calculationDate": "20190410",
        "outstanding": 17484.0
    },
    {
        "calculationDate": "20170801",
        "outstanding": 51505.0
    },
    {
        "calculationDate": "20201027",
        "outstanding": 0.0
    },
    {
        "calculationDate": "20160311",
        "outstanding": 0.0
    },
    {
        "calculationDate": "20200224",
        "outstanding": 48804.0
    },
    {
        "calculationDate": "20151003",
        "outstanding": 0.0
    },
    {
        "calculationDate": "20181212",
        "outstanding": 18889.0
    },
    {
        "calculationDate": "20160211",
        "outstanding": 0.0
    },
    {
        "calculationDate": "20190911",
        "outstanding": 4978.0
    },
    {
        "calculationDate": "20151106",
        "outstanding": 0.0
    },
    {
        "calculationDate": "20151120",
        "outstanding": 0.0
    },
    {
        "calculationDate": "20170711",
        "outstanding": 49826.0
    },
    {
        "calculationDate": "20191003",
        "outstanding": 18164.0
    },
    {
        "calculationDate": "20181213",
        "outstanding": 0.0
    },
    {
        "calculationDate": "20160625",
        "outstanding": 7891.0
    },
    {
        "calculationDate": "20180531",
        "outstanding": 0.0
    },
    {
        "calculationDate": "20150803",
        "outstanding": 48559.0
    },
    {
        "calculationDate": "20151005",
        "outstanding": 0.0
    },
    {
        "calculationDate": "20170410",
        "outstanding": 0.0
    },
    {
        "calculationDate": "20210725",
        "outstanding": 30492.0
    },
    {
        "calculationDate": "20181008",
        "outstanding": 0.0
    },
    {
        "calculationDate": "20161130",
        "outstanding": 0.0
    },
    {
        "calculationDate": "20210731",
        "outstanding": 8864.0
    },
    {
        "calculationDate": "20180808",
        "outstanding": 0.0
    },
    {
        "calculationDate": "20170526",
        "outstanding": 0.0
    },
    {
        "calculationDate": "20210810",
        "outstanding": 33544.0
    },
    {
        "calculationDate": "20160903",
        "outstanding": 0.0
    },
    {
        "calculationDate": "20180828",
        "outstanding": 0.0
    },
    {
        "calculationDate": "20181114",
        "outstanding": 0.0
    },
    {
        "calculationDate": "20180920",
        "outstanding": 4409.0
    },
    {
        "calculationDate": "20200613",
        "outstanding": 0.0
    },
    {
        "calculationDate": "20201118",
        "outstanding": 7900.0
    },
    {
        "calculationDate": "20200103",
        "outstanding": 43780.0
    },
    {
        "calculationDate": "20170113",
        "outstanding": 0.0
    },
    {
        "calculationDate": "20210429",
        "outstanding": 5252.0
    },
    {
        "calculationDate": "20181011",
        "outstanding": 0.0
    },
    {
        "calculationDate": "20181112",
        "outstanding": 16665.0
    },
    {
        "calculationDate": "20210727",
        "outstanding": 40786.0
    },
    {
        "calculationDate": "20200404",
        "outstanding": 0.0
    },
    {
        "calculationDate": "20160811",
        "outstanding": 0.0
    },
    {
        "calculationDate": "20180228",
        "outstanding": 0.0
    },
    {
        "calculationDate": "20210108",
        "outstanding": 41331.0
    },
    {
        "calculationDate": "20150611",
        "outstanding": 0.0
    },
    {
        "calculationDate": "20151026",
        "outstanding": 0.0
    },
    {
        "calculationDate": "20200225",
        "outstanding": 46038.0
    },
    {
        "calculationDate": "20210711",
        "outstanding": 0.0
    },
    {
        "calculationDate": "20160911",
        "outstanding": 970.0
    },
    {
        "calculationDate": "20210816",
        "outstanding": 5028.0
    },
    {
        "calculationDate": "20210114",
        "outstanding": 0.0
    },
    {
        "calculationDate": "20150512",
        "outstanding": 500.0
    },
    {
        "calculationDate": "20151118",
        "outstanding": 0.0
    },
    {
        "calculationDate": "20180803",
        "outstanding": 8941.0
    },
    {
        "calculationDate": "20200622",
        "outstanding": 0.0
    },
    {
        "calculationDate": "20170523",
        "outstanding": 0.0
    },
    {
        "calculationDate": "20181119",
        "outstanding": 0.0
    },
    {
        "calculationDate": "20210601",
        "outstanding": 8554.0
    },
    {
        "calculationDate": "20210723",
        "outstanding": 24763.0
    },
    {
        "calculationDate": "20181115",
        "outstanding": 2280.0
    },
    {
        "calculationDate": "20190509",
        "outstanding": 12568.0
    },
    {
        "calculationDate": "20210418",
        "outstanding": 0.0
    },
    {
        "calculationDate": "20190711",
        "outstanding": 48245.0
    },
    {
        "calculationDate": "20201218",
        "outstanding": 40023.0
    },
    {
        "calculationDate": "20211017",
        "outstanding": 0.0
    },
    {
        "calculationDate": "20150820",
        "outstanding": 0.0
    },
    {
        "calculationDate": "20180611",
        "outstanding": 22717.0
    },
    {
        "calculationDate": "20160919",
        "outstanding": 15809.0
    },
    {
        "calculationDate": "20190802",
        "outstanding": 0.0
    },
    {
        "calculationDate": "20180921",
        "outstanding": 0.0
    },
    {
        "calculationDate": "20190427",
        "outstanding": 0.0
    },
    {
        "calculationDate": "20200101",
        "outstanding": 48471.0
    },
    {
        "calculationDate": "20160325",
        "outstanding": 20706.0
    },
    {
        "calculationDate": "20210715",
        "outstanding": 31.0
    },
    {
        "calculationDate": "20181003",
        "outstanding": 3072.0
    },
    {
        "calculationDate": "20190211",
        "outstanding": 11247.0
    },
    {
        "calculationDate": "20201213",
        "outstanding": 40206.0
    },
    {
        "calculationDate": "20181116",
        "outstanding": 0.0
    },
    {
        "calculationDate": "20190722",
        "outstanding": 1602.0
    }
]