[
    {
        "calculationDate": "20191111",
        "outstanding": 102251.0
    },
    {
        "calculationDate": "20171107",
        "outstanding": 25492.0
    },
    {
        "calculationDate": "20220418",
        "outstanding": 39.0
    },
    {
        "calculationDate": "20220523",
        "outstanding": 0.0
    },
    {
        "calculationDate": "20220802",
        "outstanding": 0.0
    },
    {
        "calculationDate": "20180920",
        "outstanding": 24013.0
    },
    {
        "calculationDate": "20200203",
        "outstanding": 101060.0
    },
    {
        "outstanding": 101837.0
    },
    {
        "calculationDate": "20210907",
        "outstanding": 45945.0
    },
    {
        "calculationDate": "20171209",
        "outstanding": 553.0
    },
    {
        "calculationDate": "20190509",
        "outstanding": 91067.0
    },
    {
        "calculationDate": "20210225",
        "outstanding": 68592.0
    },
    {
        "calculationDate": "20180530",
        "outstanding": 61232.0
    },
    {
        "outstanding": 39.39
    },
    {
        "calculationDate": "20211011",
        "outstanding": 0.0
    },
    {
        "calculationDate": "20200717",
        "outstanding": 0.0
    },
    {
        "calculationDate": "20181215",
        "outstanding": 25851.0
    },
    {
        "calculationDate": "20190308",
        "outstanding": 9996.0
    },
    {
        "calculationDate": "20200722",
        "outstanding": 6817.0
    },
    {
        "calculationDate": "20210324",
        "outstanding": 65129.0
    },
    {
        "calculationDate": "20200418",
        "outstanding": 103349.0
    },
    {
        "calculationDate": "20210906",
        "outstanding": 43126.0
    },
    {
        "calculationDate": "20190226",
        "outstanding": 12719.0
    },
    {
        "calculationDate": "20210630",
        "outstanding": 39.0
    },
    {
        "calculationDate": "20201012",
        "outstanding": 73444.0
    },
    {
        "calculationDate": "20200123",
        "outstanding": 96560.0
    },
    {
        "calculationDate": "20190513",
        "outstanding": 91868.0
    },
    {
        "calculationDate": "20180628",
        "outstanding": 79177.0
    },
    {
        "calculationDate": "20190625",
        "outstanding": 43243.0
    },
    {
        "calculationDate": "20210719",
        "outstanding": 39.0
    },
    {
        "calculationDate": "20170804",
        "outstanding": 24213.0
    },
    {
        "calculationDate": "20220128",
        "outstanding": 0.0
    },
    {
        "calculationDate": "20230417",
        "outstanding": 0.15
    },
    {
        "calculationDate": "20190424",
        "outstanding": 90545.0
    },
    {
        "calculationDate": "20190818",
        "outstanding": 46764.0
    },
    {
        "calculationDate": "20210913",
        "outstanding": 61405.0
    },
    {
        "calculationDate": "20180428",
        "outstanding": 61197.0
    },
    {
        "calculationDate": "20211119"
    },
    {
        "calculationDate": "20180302"
    },
    {
        "calculationDate": "20200822",
        "outstanding": 33512.0
    },
    {
        "calculationDate": "20200331",
        "outstanding": 91468.0
    },
    {
        "calculationDate": "20200302",
        "outstanding": 92117.0
    },
    {
        "calculationDate": "20201001",
        "outstanding": 69067.0
    },
    {
        "calculationDate": "20191024",
        "outstanding": 99246.0
    },
    {
        "calculationDate": "20190326",
        "outstanding": 76501.0
    },
    {
        "calculationDate": "20180815",
        "outstanding": 101868.0
    },
    {
        "calculationDate": "20230115",
        "outstanding": 39.0
    },
    {
        "calculationDate": "20190410",
        "outstanding": 23811.0
    },
    {
        "calculationDate": "20180207",
        "outstanding": 18093.0
    },
    {
        "calculationDate": "20171221",
        "outstanding": 9541.0
    },
    {
        "calculationDate": "20181027",
        "outstanding": 24869.0
    },
    {
        "calculationDate": "20191012",
        "outstanding": 101869.0
    },
    {
        "calculationDate": "20191126",
        "outstanding": 96275.0
    },
    {
        "calculationDate": "20181025",
        "outstanding": 24869.0
    },
    {
        "calculationDate": "20200318",
        "outstanding": 94312.0
    },
    {
        "calculationDate": "20191030",
        "outstanding": 88451.0
    },
    {
        "calculationDate": "20210321",
        "outstanding": 70129.0
    },
    {
        "calculationDate": "20180518",
        "outstanding": 47035.0
    },
    {
        "calculationDate": "20181213",
        "outstanding": 24954.0
    },
    {
        "calculationDate": "20200914",
        "outstanding": 70188.0
    },
    {
        "calculationDate": "20190828",
        "outstanding": 47129.0
    },
    {
        "calculationDate": "20190202",
        "outstanding": 18231.0
    },
    {
        "calculationDate": "20220905",
        "outstanding": 1.0
    },
    {
        "calculationDate": "20211020",
        "outstanding": 0.0
    },
    {
        "calculationDate": "20210212",
        "outstanding": 74553.0
    },
    {
        "calculationDate": "20191026",
        "outstanding": 81711.0
    },
    {
        "calculationDate": "20221015",
        "outstanding": 1.0
    },
    {
        "calculationDate": "20220821",
        "outstanding": 39.0
    },
    {
        "calculationDate": "20180902",
        "outstanding": 99177.0
    },
    {
        "calculationDate": "20200817",
        "outstanding": 18096.0
    },
    {
        "calculationDate": "20191020",
        "outstanding": 95869.0
    },
    {
        "calculationDate": "20170727",
        "outstanding": 12528.0
    },
    {
        "calculationDate": "20200518",
        "outstanding": 38.0
    },
    {
        "calculationDate": "20191218",
        "outstanding": 94829.0
    },
    {
        "calculationDate": "20181204",
        "outstanding": 16021.0
    },
    {
        "calculationDate": "20190102",
        "outstanding": 20203.0
    },
    {
        "calculationDate": "20191223",
        "outstanding": 94314.0
    },
    {
        "calculationDate": "20220822",
        "outstanding": 1.0
    },
    {
        "calculationDate": "20190304",
        "outstanding": 9712.0
    },
    {
        "calculationDate": "20181011",
        "outstanding": 24869.0
    },
    {
        "calculationDate": "20200506",
        "outstanding": 86358.0
    },
    {
        "calculationDate": "20190116",
        "outstanding": 21584.0
    },
    {
        "calculationDate": "20190330",
        "outstanding": 7673.0
    },
    {
        "calculationDate": "20201024",
        "outstanding": 91505.0
    },
    {
        "calculationDate": "20170725",
        "outstanding": 11751.0
    },
    {
        "calculationDate": "20220708",
        "outstanding": 1.0
    },
    {
        "calculationDate": "20210401",
        "outstanding": 68844.0
    },
    {
        "calculationDate": "20171128",
        "outstanding": 26868.0
    },
    {
        "calculationDate": "20220926",
        "outstanding": 0.0
    },
    {
        "calculationDate": "20190405",
        "outstanding": 9736.0
    },
    {
        "calculationDate": "20220829",
        "outstanding": 0.0
    },
    {
        "calculationDate": "20190707",
        "outstanding": 39673.0
    },
    {
        "calculationDate": "20190902",
        "outstanding": 52106.0
    },
    {
        "calculationDate": "20191101",
        "outstanding": 90466.0
    },
    {
        "calculationDate": "20190412",
        "outstanding": 31482.0
    },
    {
        "calculationDate": "20181108",
        "outstanding": 23340.0
    },
    {
        "calculationDate": "20190826",
        "outstanding": 44586.0
    },
    {
        "calculationDate": "20221231",
        "outstanding": 39.48
    },
    {
        "calculationDate": "20180524",
        "outstanding": 52966.0
    },
    {
        "calculationDate": "20190830",
        "outstanding": 47716.0
    },
    {
        "calculationDate": "20181006",
        "outstanding": 24869.0
    },
    {
        "calculationDate": "20171109",
        "outstanding": 22575.0
    },
    {
        "calculationDate": "20210222",
        "outstanding": 68592.0
    },
    {
        "calculationDate": "20190627",
        "outstanding": 43243.0
    },
    {
        "calculationDate": "20211128",
        "outstanding": 0.0
    },
    {
        "calculationDate": "20180117",
        "outstanding": 6483.0
    },
    {
        "calculationDate": "20191214",
        "outstanding": 93851.0
    },
    {
        "calculationDate": "20201103",
        "outstanding": 84049.0
    },
    {
        "calculationDate": "20200407",
        "outstanding": 98821.0
    },
    {
        "calculationDate": "20190302",
        "outstanding": 12712.0
    },
    {
        "calculationDate": "20180704",
        "outstanding": 70839.0
    },
    {
        "calculationDate": "20190209",
        "outstanding": 15680.0
    },
    {
        "calculationDate": "20190822",
        "outstanding": 48803.0
    },
    {
        "calculationDate": "20200326",
        "outstanding": 89312.0
    },
    {
        "calculationDate": "20190615",
        "outstanding": 93204.0
    },
    {
        "calculationDate": "20180213",
        "outstanding": 16499.0
    },
    {
        "calculationDate": "20191227",
        "outstanding": 94856.0
    },
    {
        "calculationDate": "20200816",
        "outstanding": 17800.0
    },
    {
        "calculationDate": "20210308",
        "outstanding": 70090.0
    },
    {
        "calculationDate": "20190915",
        "outstanding": 80368.0
    },
    {
        "calculationDate": "20190917",
        "outstanding": 80893.0
    },
    {
        "calculationDate": "20180131",
        "outstanding": 16818.0
    },
    {
        "calculationDate": "20180122",
        "outstanding": 13645.0
    },
    {
        "calculationDate": "20210406",
        "outstanding": 70439.0
    },
    {
        "calculationDate": "20171203",
        "outstanding": 28719.0
    },
    {
        "calculationDate": "20190220",
        "outstanding": 12719.0
    },
    {
        "calculationDate": "20190609",
        "outstanding": 90904.0
    },
    {
        "calculationDate": "20181227",
        "outstanding": 20229.0
    },
    {
        "calculationDate": "20201226",
        "outstanding": 75576.0
    },
    {
        "calculationDate": "20211226",
        "outstanding": 0.0
    },
    {
        "calculationDate": "20181102",
        "outstanding": 21936.0
    },
    {
        "calculationDate": "20180113",
        "outstanding": 4660.0
    },
    {
        "calculationDate": "20190720",
        "outstanding": 39712.0
    },
    {
        "calculationDate": "20180418",
        "outstanding": 43943.0
    },
    {
        "calculationDate": "20181130",
        "outstanding": 15731.0
    },
    {
        "calculationDate": "20221031",
        "outstanding": 0.91
    },
    {
        "calculationDate": "20201109",
        "outstanding": 87723.0
    },
    {
        "calculationDate": "20200207",
        "outstanding": 104217.0
    },
    {
        "calculationDate": "20220530",
        "outstanding": 39.0
    },
    {
        "calculationDate": "20180912",
        "outstanding": 23974.0
    },
    {
        "calculationDate": "20220701",
        "outstanding": 0.0
    },
    {
        "calculationDate": "20180719",
        "outstanding": 92469.0
    },
    {
        "calculationDate": "20210521",
        "outstanding": 0.0
    },
    {
        "calculationDate": "20190912",
        "outstanding": 76178.0
    },
    {
        "calculationDate": "20201014",
        "outstanding": 90564.0
    },
    {
        "calculationDate": "20210216",
        "outstanding": 73553.0
    },
    {
        "calculationDate": "20180522",
        "outstanding": 51312.0
    },
    {
        "calculationDate": "20190427",
        "outstanding": 90545.0
    },
    {
        "calculationDate": "20201219",
        "outstanding": 80576.0
    },
    {
        "calculationDate": "20230415",
        "outstanding": 39.15
    },
    {
        "calculationDate": "20181118",
        "outstanding": 15340.0
    },
    {
        "calculationDate": "20200806",
        "outstanding": 15583.0
    },
    {
        "calculationDate": "20180120",
        "outstanding": 11086.0
    },
    {
        "calculationDate": "20190613",
        "outstanding": 90904.0
    },
    {
        "calculationDate": "20210506",
        "outstanding": 67024.0
    },
    {
        "calculationDate": "20211007",
        "outstanding": 300.0
    },
    {
        "calculationDate": "20220922",
        "outstanding": 39.0
    },
    {
        "calculationDate": "20190926",
        "outstanding": 88513.0
    },
    {
        "calculationDate": "20180416",
        "outstanding": 58137.0
    },
    {
        "calculationDate": "20180508",
        "outstanding": 64971.0
    },
    {
        "calculationDate": "20220518",
        "outstanding": 78.0
    },
    {
        "calculationDate": "20180621",
        "outstanding": 70522.0
    },
    {
        "calculationDate": "20210206",
        "outstanding": 74133.0
    },
    {
        "calculationDate": "20200125",
        "outstanding": 96560.0
    },
    {
        "calculationDate": "20170721",
        "outstanding": 9353.0
    },
    {
        "calculationDate": "20200825",
        "outstanding": 29712.0
    },
    {
        "calculationDate": "20210128",
        "outstanding": 72406.0
    },
    {
        "calculationDate": "20191208",
        "outstanding": 90551.0
    },
    {
        "calculationDate": "20180809",
        "outstanding": 97884.0
    },
    {
        "calculationDate": "20181219",
        "outstanding": 20190.0
    },
    {
        "calculationDate": "20210327",
        "outstanding": 65129.0
    },
    {
        "calculationDate": "20220225",
        "outstanding": 0.0
    },
    {
        "calculationDate": "20200401",
        "outstanding": 93212.0
    },
    {
        "calculationDate": "20190629",
        "outstanding": 38243.0
    },
    {
        "calculationDate": "20230331",
        "outstanding": 0.15
    },
    {
        "calculationDate": "20180908",
        "outstanding": 103974.0
    },
    {
        "calculationDate": "20210926",
        "outstanding": 68700.0
    },
    {
        "calculationDate": "20220718",
        "outstanding": 39.0
    },
    {
        "calculationDate": "20171229",
        "outstanding": 14331.0
    },
    {
        "calculationDate": "20200522",
        "outstanding": 12938.0
    },
    {
        "calculationDate": "20210619",
        "outstanding": 725.0
    },
    {
        "calculationDate": "20210912",
        "outstanding": 48745.0
    },
    {
        "calculationDate": "20180516",
        "outstanding": 46249.0
    },
    {
        "calculationDate": "20220805",
        "outstanding": 1.0
    },
    {
        "calculationDate": "20210420",
        "outstanding": 70478.0
    },
    {
        "calculationDate": "20180928",
        "outstanding": 24013.0
    },
    {
        "calculationDate": "20171226",
        "outstanding": 12165.0
    },
    {
        "calculationDate": "20210808",
        "outstanding": 1.0
    },
    {
        "calculationDate": "20190521",
        "outstanding": 91907.0
    },
    {
        "calculationDate": "20190529",
        "outstanding": 88785.0
    },
    {
        "calculationDate": "20210217",
        "outstanding": 74553.0
    },
    {
        "calculationDate": "20221130",
        "outstanding": 0.09
    },
    {
        "calculationDate": "20190108",
        "outstanding": 21584.0
    },
    {
        "calculationDate": "20210330",
        "outstanding": 78844.0
    },
    {
        "calculationDate": "20200319",
        "outstanding": 89312.0
    },
    {
        "calculationDate": "20191006",
        "outstanding": 100969.0
    },
    {
        "calculationDate": "20171115",
        "outstanding": 24275.0
    },
    {
        "calculationDate": "20220205",
        "outstanding": 1.0
    },
    {
        "calculationDate": "20200225",
        "outstanding": 94217.0
    },
    {
        "calculationDate": "20200420",
        "outstanding": 83349.0
    },
    {
        "calculationDate": "20171118",
        "outstanding": 25569.0
    },
    {
        "calculationDate": "20200410",
        "outstanding": 100906.0
    },
    {
        "calculationDate": "20191022",
        "outstanding": 98338.0
    },
    {
        "calculationDate": "20210523",
        "outstanding": 0.0
    },
    {
        "calculationDate": "20220625",
        "outstanding": 0.0
    },
    {
        "calculationDate": "20181206",
        "outstanding": 16924.0
    },
    {
        "calculationDate": "20230430",
        "outstanding": 0.06
    },
    {
        "calculationDate": "20190104",
        "outstanding": 21106.0
    },
    {
        "calculationDate": "20230220",
        "outstanding": 0.0
    },
    {
        "calculationDate": "20180831",
        "outstanding": 98727.0
    },
    {
        "calculationDate": "20180811",
        "outstanding": 100868.0
    },
    {
        "calculationDate": "20210219",
        "outstanding": 74592.0
    },
    {
        "calculationDate": "20200814",
        "outstanding": 16583.0
    },
    {
        "calculationDate": "20200619",
        "outstanding": 9581.0
    },
    {
        "calculationDate": "20201008",
        "outstanding": 70962.0
    },
    {
        "calculationDate": "20220325",
        "outstanding": 0.0
    },
    {
        "calculationDate": "20200808",
        "outstanding": 15683.0
    },
    {
        "calculationDate": "20191219",
        "outstanding": 97005.0
    },
    {
        "calculationDate": "20200918",
        "outstanding": 71620.0
    },
    {
        "calculationDate": "20170808",
        "outstanding": 26039.0
    },
    {
        "calculationDate": "20230420",
        "outstanding": 0.0
    },
    {
        "calculationDate": "20190808",
        "outstanding": 49150.0
    },
    {
        "calculationDate": "20190922",
        "outstanding": 97342.0
    },
    {
        "calculationDate": "20200823",
        "outstanding": 29712.0
    },
    {
        "calculationDate": "20190919",
        "outstanding": 84230.0
    },
    {
        "calculationDate": "20190814",
        "outstanding": 52552.0
    },
    {
        "calculationDate": "20191103",
        "outstanding": 91744.0
    },
    {
        "calculationDate": "20230219",
        "outstanding": 0.39
    },
    {
        "calculationDate": "20230131",
        "outstanding": 0.39
    },
    {
        "calculationDate": "20200818",
        "outstanding": 24204.0
    },
    {
        "calculationDate": "20211121",
        "outstanding": 15.0
    },
    {
        "calculationDate": "20180712",
        "outstanding": 85520.0
    },
    {
        "calculationDate": "20200704",
        "outstanding": 0.0
    },
    {
        "calculationDate": "20191121",
        "outstanding": 94454.0
    },
    {
        "calculationDate": "20191008",
        "outstanding": 100969.0
    },
    {
        "calculationDate": "20200909",
        "outstanding": 45153.0
    },
    {
        "calculationDate": "20230228",
        "outstanding": 0.12
    },
    {
        "calculationDate": "20191113",
        "outstanding": 103621.0
    },
    {
        "calculationDate": "20210827",
        "outstanding": 34327.0
    },
    {
        "calculationDate": "20190320",
        "outstanding": 76500.0
    },
    {
        "calculationDate": "20220506",
        "outstanding": 39.0
    },
    {
        "calculationDate": "20171126",
        "outstanding": 26829.0
    },
    {
        "calculationDate": "20210817",
        "outstanding": 23210.0
    },
    {
        "calculationDate": "20190621",
        "outstanding": 43243.0
    },
    {
        "calculationDate": "20191129",
        "outstanding": 88083.0
    },
    {
        "calculationDate": "20180904",
        "outstanding": 100675.0
    },
    {
        "calculationDate": "20180321",
        "outstanding": 27734.0
    },
    {
        "calculationDate": "20200413",
        "outstanding": 103310.0
    },
    {
        "calculationDate": "20190904",
        "outstanding": 65599.0
    },
    {
        "calculationDate": "20211108",
        "outstanding": 15.0
    },
    {
        "calculationDate": "20210427",
        "outstanding": 65478.0
    },
    {
        "calculationDate": "20171224",
        "outstanding": 9580.0
    },
    {
        "calculationDate": "20180410",
        "outstanding": 37725.0
    },
    {
        "calculationDate": "20180124",
        "outstanding": 14855.0
    },
    {
        "calculationDate": "20220628",
        "outstanding": 39.0
    },
    {
        "calculationDate": "20201225",
        "outstanding": 75576.0
    },
    {
        "calculationDate": "20201030",
        "outstanding": 77664.0
    },
    {
        "calculationDate": "20190131",
        "outstanding": 17623.0
    },
    {
        "calculationDate": "20200306",
        "outstanding": 94273.0
    },
    {
        "calculationDate": "20181208",
        "outstanding": 18849.0
    },
    {
        "calculationDate": "20201208",
        "outstanding": 80537.0
    },
    {
        "calculationDate": "20171205",
        "outstanding": 0.0
    },
    {
        "calculationDate": "20191206",
        "outstanding": 90551.0
    },
    {
        "calculationDate": "20190728",
        "outstanding": 37712.0
    },
    {
        "calculationDate": "20170731",
        "outstanding": 15974.0
    },
    {
        "calculationDate": "20210628",
        "outstanding": 39.0
    },
    {
        "calculationDate": "20220605",
        "outstanding": 1.0
    },
    {
        "calculationDate": "20180630",
        "outstanding": 71146.0
    },
    {
        "calculationDate": "20180215",
        "outstanding": 2310.0
    },
    {
        "calculationDate": "20210705",
        "outstanding": 1.0
    },
    {
        "calculationDate": "20211018",
        "outstanding": 39.0
    },
    {
        "calculationDate": "20220724",
        "outstanding": 39.0
    },
    {
        "calculationDate": "20221215",
        "outstanding": 39.09
    },
    {
        "calculationDate": "20190810",
        "outstanding": 51450.0
    },
    {
        "calculationDate": "20221023",
        "outstanding": 39.0
    },
    {
        "calculationDate": "20221220",
        "outstanding": 39.0
    },
    {
        "calculationDate": "20180706",
        "outstanding": 67160.0
    },
    {
        "calculationDate": "20180623",
        "outstanding": 72230.0
    },
    {
        "calculationDate": "20190525",
        "outstanding": 88907.0
    },
    {
        "calculationDate": "20230320",
        "outstanding": 0.0
    },
    {
        "calculationDate": "20201121",
        "outstanding": 88626.0
    },
    {
        "calculationDate": "20180730",
        "outstanding": 92250.0
    },
    {
        "calculationDate": "20170723",
        "outstanding": 10602.0
    },
    {
        "calculationDate": "20181221",
        "outstanding": 20229.0
    },
    {
        "calculationDate": "20180422",
        "outstanding": 59845.0
    },
    {
        "calculationDate": "20191003",
        "outstanding": 98488.0
    },
    {
        "calculationDate": "20200906",
        "outstanding": 44226.0
    },
    {
        "calculationDate": "20230315",
        "outstanding": 39.12
    },
    {
        "calculationDate": "20211207",
        "outstanding": 1.0
    },
    {
        "calculationDate": "20220601",
        "outstanding": 0.0
    },
    {
        "calculationDate": "20210608",
        "outstanding": 686.0
    },
    {
        "calculationDate": "20200514",
        "outstanding": 0.0
    },
    {
        "calculationDate": "20200121",
        "outstanding": 95623.0
    },
    {
        "calculationDate": "20190121",
        "outstanding": 17623.0
    },
    {
        "calculationDate": "20190928",
        "outstanding": 89427.0
    },
    {
        "calculationDate": "20180310",
        "outstanding": 23920.0
    },
    {
        "calculationDate": "20200408",
        "outstanding": 100477.0
    },
    {
        "calculationDate": "20191119",
        "outstanding": 92254.0
    },
    {
        "calculationDate": "20180401",
        "outstanding": 18376.0
    },
    {
        "calculationDate": "20190216",
        "outstanding": 12680.0
    },
    {
        "calculationDate": "20181002",
        "outstanding": 23951.0
    },
    {
        "calculationDate": "20191117",
        "outstanding": 88621.0
    },
    {
        "calculationDate": "20180211",
        "outstanding": 16307.0
    },
    {
        "calculationDate": "20210918",
        "outstanding": 70161.0
    },
    {
        "calculationDate": "20180217",
        "outstanding": 2470.0
    },
    {
        "calculationDate": "20200915",
        "outstanding": 70657.0
    },
    {
        "calculationDate": "20190724",
        "outstanding": 37712.0
    },
    {
        "calculationDate": "20191123",
        "outstanding": 95672.0
    },
    {
        "calculationDate": "20190416",
        "outstanding": 90396.0
    },
    {
        "calculationDate": "20230512",
        "outstanding": 0.0
    },
    {
        "calculationDate": "20180610",
        "outstanding": 79776.0
    },
    {
        "calculationDate": "20200724",
        "outstanding": 10117.0
    },
    {
        "calculationDate": "20190824",
        "outstanding": 54586.0
    },
    {
        "calculationDate": "20210919",
        "outstanding": 70200.0
    },
    {
        "calculationDate": "20190407",
        "outstanding": 10463.0
    },
    {
        "calculationDate": "20180526",
        "outstanding": 53176.0
    },
    {
        "calculationDate": "20180709",
        "outstanding": 72689.0
    },
    {
        "calculationDate": "20180219",
        "outstanding": 14370.0
    },
    {
        "calculationDate": "20200118",
        "outstanding": 98759.0
    },
    {
        "calculationDate": "20200820",
        "outstanding": 26784.0
    },
    {
        "calculationDate": "20180725",
        "outstanding": 81529.0
    },
    {
        "calculationDate": "20200913",
        "outstanding": 69713.0
    },
    {
        "calculationDate": "20191108",
        "outstanding": 99625.0
    },
    {
        "calculationDate": "20190212",
        "outstanding": 15680.0
    },
    {
        "calculationDate": "20200928",
        "outstanding": 71596.0
    },
    {
        "calculationDate": "20190511",
        "outstanding": 91518.0
    },
    {
        "calculationDate": "20180616",
        "outstanding": 68222.0
    },
    {
        "calculationDate": "20221008",
        "outstanding": 1.0
    },
    {
        "calculationDate": "20190503",
        "outstanding": 89512.0
    },
    {
        "calculationDate": "20210702",
        "outstanding": 0.0
    },
    {
        "calculationDate": "20180413",
        "outstanding": 52707.0
    }
]