[
    {
        "calculationDate": "20220801",
        "outstanding": 0.0
    },
    {
        "calculationDate": "20220301",
        "outstanding": 16866.0
    },
    {
        "calculationDate": "20211211",
        "outstanding": 21250.0
    },
    {
        "calculationDate": "20211105",
        "outstanding": 24684.0
    },
    {
        "calculationDate": "20220609",
        "outstanding": 0.0
    },
    {
        "calculationDate": "20211111",
        "outstanding": 11579.0
    },
    {
        "calculationDate": "20220402",
        "outstanding": 0.0
    },
    {
        "calculationDate": "20220112",
        "outstanding": 24427.0
    },
    {
        "calculationDate": "20221116",
        "outstanding": 17527.0
    },
    {
        "calculationDate": "20220204",
        "outstanding": 18169.0
    },
    {
        "calculationDate": "20221015",
        "outstanding": 0.0
    },
    {
        "calculationDate": "20220209",
        "outstanding": 16866.0
    },
    {
        "calculationDate": "20230410",
        "outstanding": 23738.52
    },
    {
        "calculationDate": "20230426",
        "outstanding": 26449.82
    },
    {
        "calculationDate": "20220613",
        "outstanding": 2349.0
    },
    {
        "calculationDate": "20220901",
        "outstanding": 0.0
    },
    {
        "calculationDate": "20221005",
        "outstanding": 1790.0
    },
    {
        "calculationDate": "20230525",
        "outstanding": 49355.29
    },
    {
        "calculationDate": "20220102",
        "outstanding": 21250.0
    },
    {
        "calculationDate": "20211123",
        "outstanding": 19268.0
    },
    {
        "calculationDate": "20220207",
        "outstanding": 20015.0
    },
    {
        "calculationDate": "20220309",
        "outstanding": 0.0
    },
    {
        "calculationDate": "20220118",
        "outstanding": 17527.0
    },
    {
        "calculationDate": "20220205",
        "outstanding": 9169.0
    },
    {
        "calculationDate": "20220721",
        "outstanding": 0.0
    },
    {
        "calculationDate": "20220114",
        "outstanding": 24527.0
    },
    {
        "calculationDate": "20220110",
        "outstanding": 23185.0
    },
    {
        "calculationDate": "20220617",
        "outstanding": 0.0
    },
    {
        "calculationDate": "20211107",
        "outstanding": 27108.0
    },
    {
        "calculationDate": "20220611",
        "outstanding": 3751.0
    },
    {
        "calculationDate": "20221006",
        "outstanding": 9981.0
    },
    {
        "calculationDate": "20211205",
        "outstanding": 22484.0
    },
    {
        "calculationDate": "20211213",
        "outstanding": 21250.0
    },
    {
        "calculationDate": "20220502",
        "outstanding": 0.0
    },
    {
        "calculationDate": "20220307",
        "outstanding": 0.0
    },
    {
        "calculationDate": "20220619",
        "outstanding": 0.0
    },
    {
        "calculationDate": "20220607",
        "outstanding": 0.0
    },
    {
        "calculationDate": "20221231",
        "outstanding": 17630.65
    },
    {
        "calculationDate": "20211113",
        "outstanding": 11579.0
    },
    {
        "calculationDate": "20211201",
        "outstanding": 22546.0
    },
    {
        "calculationDate": "20221002",
        "outstanding": 0.0
    },
    {
        "calculationDate": "20230101",
        "outstanding": 16630.65
    },
    {
        "calculationDate": "20211207",
        "outstanding": 26250.0
    },
    {
        "calculationDate": "20230418",
        "outstanding": 22311.82
    },
    {
        "calculationDate": "20220601",
        "outstanding": 0.0
    },
    {
        "calculationDate": "20221029",
        "outstanding": 3647.0
    },
    {
        "calculationDate": "20230310",
        "outstanding": 11115.0
    }
]