[
    {
        "calculationDate": "20150917",
        "outstanding": 5000.0
    },
    {
        "calculationDate": "20151011",
        "outstanding": 5000.0
    },
    {
        "calculationDate": "20160124",
        "outstanding": 0.0
    },
    {
        "calculationDate": "20151112",
        "outstanding": 5163.0
    },
    {
        "calculationDate": "20160922",
        "outstanding": 0.0
    },
    {
        "calculationDate": "20160321",
        "outstanding": 0.0
    },
    {
        "calculationDate": "20160410",
        "outstanding": 900.0
    },
    {
        "calculationDate": "20160710",
        "outstanding": 0.0
    },
    {
        "calculationDate": "20160420",
        "outstanding": 0.0
    },
    {
        "calculationDate": "20160406",
        "outstanding": 900.0
    },
    {
        "calculationDate": "20160626",
        "outstanding": 4647.0
    },
    {
        "calculationDate": "20160713",
        "outstanding": 2434.0
    },
    {
        "calculationDate": "20160131",
        "outstanding": 0.0
    },
    {
        "calculationDate": "20150910",
        "outstanding": 0.0
    },
    {
        "calculationDate": "20151119",
        "outstanding": 0.0
    },
    {
        "calculationDate": "20160717",
        "outstanding": 9881.0
    },
    {
        "calculationDate": "20160525",
        "outstanding": 0.0
    },
    {
        "calculationDate": "20160619",
        "outstanding": 2918.0
    },
    {
        "calculationDate": "20151018",
        "outstanding": 0.0
    },
    {
        "calculationDate": "20160110",
        "outstanding": 313.0
    },
    {
        "calculationDate": "20161007",
        "outstanding": 0.0
    },
    {
        "calculationDate": "20160724",
        "outstanding": 0.0
    },
    {
        "calculationDate": "20160720",
        "outstanding": 0.0
    }
]