[
    {
        "outstanding": 29000.0
    },
    {
        "calculationDate": "20220719",
        "outstanding": 93690.0
    },
    {
        "calculationDate": "20220909",
        "outstanding": 100287.0
    },
    {
        "calculationDate": "20230309",
        "outstanding": 5000.38
    },
    {
        "calculationDate": "20221009",
        "outstanding": 0.0
    },
    {
        "calculationDate": "20221019",
        "outstanding": 3000.0
    },
    {
        "calculationDate": "20220904",
        "outstanding": 90000.0
    },
    {
        "calculationDate": "20230102",
        "outstanding": 105000.0
    },
    {
        "calculationDate": "20220626",
        "outstanding": 30000.0
    },
    {
        "calculationDate": "20220716",
        "outstanding": 98000.0
    },
    {
        "calculationDate": "20220425",
        "outstanding": 25000.0
    },
    {
        "calculationDate": "20221231",
        "outstanding": 110000.0
    },
    {
        "calculationDate": "20221205",
        "outstanding": 110000.0
    },
    {
        "calculationDate": "20221006",
        "outstanding": 10000.0
    },
    {
        "calculationDate": "20230203",
        "outstanding": 10000.0
    },
    {
        "calculationDate": "20220416",
        "outstanding": 21000.0
    },
    {
        "calculationDate": "20221029",
        "outstanding": 0.0
    },
    {
        "calculationDate": "20221018",
        "outstanding": 10000.0
    },
    {
        "calculationDate": "20230129",
        "outstanding": 15000.0
    },
    {
        "calculationDate": "20220827",
        "outstanding": 98430.0
    },
    {
        "calculationDate": "20220403",
        "outstanding": 30000.0
    },
    {
        "calculationDate": "20220804",
        "outstanding": 100000.0
    },
    {
        "calculationDate": "20220903",
        "outstanding": 97117.0
    },
    {
        "calculationDate": "20220417",
        "outstanding": 30000.0
    },
    {
        "calculationDate": "20220522",
        "outstanding": 30000.0
    },
    {
        "calculationDate": "20220610",
        "outstanding": 30000.0
    },
    {
        "calculationDate": "20230307",
        "outstanding": 5000.0
    },
    {
        "calculationDate": "20230305",
        "outstanding": 9874.19
    },
    {
        "calculationDate": "20220720",
        "outstanding": 91258.0
    },
    {
        "calculationDate": "20220513",
        "outstanding": 0.0
    },
    {
        "calculationDate": "20220908",
        "outstanding": 85000.0
    },
    {
        "calculationDate": "20220429",
        "outstanding": 30000.0
    },
    {
        "calculationDate": "20220604",
        "outstanding": 29100.0
    },
    {
        "calculationDate": "20220616",
        "outstanding": 30000.0
    },
    {
        "calculationDate": "20220724",
        "outstanding": 90000.0
    },
    {
        "calculationDate": "20230301",
        "outstanding": 10087.59
    },
    {
        "calculationDate": "20221021",
        "outstanding": 0.0
    },
    {
        "calculationDate": "20220730",
        "outstanding": 100000.0
    },
    {
        "calculationDate": "20221022",
        "outstanding": 0.0
    },
    {
        "calculationDate": "20220717",
        "outstanding": 93660.0
    },
    {
        "calculationDate": "20220707",
        "outstanding": 99999.0
    },
    {
        "calculationDate": "20220427",
        "outstanding": 15000.0
    },
    {
        "calculationDate": "20221020",
        "outstanding": 0.0
    },
    {
        "calculationDate": "20220504",
        "outstanding": 30000.0
    },
    {
        "calculationDate": "20220722",
        "outstanding": 90000.0
    },
    {
        "calculationDate": "20220501",
        "outstanding": 29100.0
    },
    {
        "calculationDate": "20220731",
        "outstanding": 90000.0
    },
    {
        "calculationDate": "20220828",
        "outstanding": 101137.0
    }
]