[
    {
        "calculationDate": "20210624",
        "outstanding": 42796.0
    },
    {
        "calculationDate": "20210628",
        "outstanding": 43475.0
    },
    {
        "calculationDate": "20210325",
        "outstanding": 0.0
    },
    {
        "calculationDate": "20210506",
        "outstanding": 38207.0
    },
    {
        "calculationDate": "20210603",
        "outstanding": 44079.0
    },
    {
        "calculationDate": "20210315",
        "outstanding": 9898.0
    },
    {
        "calculationDate": "20210225",
        "outstanding": 7502.0
    },
    {
        "calculationDate": "20210222",
        "outstanding": 3769.0
    },
    {
        "outstanding": 0.0
    },
    {
        "calculationDate": "20210208",
        "outstanding": 0.0
    },
    {
        "calculationDate": "20210304",
        "outstanding": 0.0
    },
    {
        "calculationDate": "20210809",
        "outstanding": 43996.0
    },
    {
        "calculationDate": "20210812",
        "outstanding": 0.0
    },
    {
        "calculationDate": "20210422",
        "outstanding": 13789.0
    },
    {
        "calculationDate": "20210408",
        "outstanding": 8634.0
    },
    {
        "calculationDate": "20210510",
        "outstanding": 42859.0
    },
    {
        "calculationDate": "20210513",
        "outstanding": 43859.0
    },
    {
        "calculationDate": "20210517",
        "outstanding": 43600.0
    },
    {
        "calculationDate": "20210527",
        "outstanding": 43600.0
    },
    {
        "calculationDate": "20210913",
        "outstanding": 0.0
    },
    {
        "calculationDate": "20210705",
        "outstanding": 42716.0
    },
    {
        "calculationDate": "20210719",
        "outstanding": 43590.0
    },
    {
        "calculationDate": "20210405",
        "outstanding": 5034.0
    },
    {
        "calculationDate": "20210503",
        "outstanding": 37207.0
    },
    {
        "calculationDate": "20210301",
        "outstanding": 9725.0
    },
    {
        "calculationDate": "20210426",
        "outstanding": 22899.0
    },
    {
        "calculationDate": "20210531",
        "outstanding": 43721.0
    },
    {
        "calculationDate": "20210621",
        "outstanding": 42796.0
    },
    {
        "calculationDate": "20210729",
        "outstanding": 43590.0
    },
    {
        "calculationDate": "20210802",
        "outstanding": 43996.0
    },
    {
        "calculationDate": "20210415",
        "outstanding": 9495.0
    },
    {
        "calculationDate": "20210401",
        "outstanding": 2762.0
    },
    {
        "calculationDate": "20210429",
        "outstanding": 34915.0
    },
    {
        "calculationDate": "20210412",
        "outstanding": 9634.0
    },
    {
        "calculationDate": "20210701",
        "outstanding": 42641.0
    },
    {
        "calculationDate": "20210712",
        "outstanding": 43590.0
    },
    {
        "calculationDate": "20210830",
        "outstanding": 0.0
    },
    {
        "calculationDate": "20210708",
        "outstanding": 43240.0
    },
    {
        "calculationDate": "20210607"
    },
    {
        "calculationDate": "20210311",
        "outstanding": 9310.0
    }
]