[
    {
        "calculationDate": "20221123",
        "outstanding": 85411.3
    },
    {
        "calculationDate": "20220520",
        "outstanding": 48922.0
    },
    {
        "calculationDate": "20220906",
        "outstanding": 32203.0
    },
    {
        "calculationDate": "20221025",
        "outstanding": 89962.0
    },
    {
        "calculationDate": "20220916",
        "outstanding": 64385.0
    },
    {
        "calculationDate": "20220804",
        "outstanding": 0.0
    },
    {
        "calculationDate": "20220419",
        "outstanding": 8864.0
    },
    {
        "calculationDate": "20230113",
        "outstanding": 0.0
    },
    {
        "calculationDate": "20220525",
        "outstanding": 49233.0
    },
    {
        "calculationDate": "20221003",
        "outstanding": 89763.0
    },
    {
        "calculationDate": "20220628",
        "outstanding": 45945.0
    },
    {
        "calculationDate": "20220506",
        "outstanding": 38862.0
    },
    {
        "calculationDate": "20220902",
        "outstanding": 20866.0
    },
    {
        "calculationDate": "20220531",
        "outstanding": 49211.0
    },
    {
        "calculationDate": "20220421",
        "outstanding": 21269.0
    },
    {
        "calculationDate": "20221117",
        "outstanding": 85411.3
    },
    {
        "calculationDate": "20220517",
        "outstanding": 48248.0
    },
    {
        "calculationDate": "20220512",
        "outstanding": 49122.0
    },
    {
        "calculationDate": "20220913",
        "outstanding": 48840.0
    },
    {
        "calculationDate": "20220706",
        "outstanding": 52041.0
    },
    {
        "calculationDate": "20220511",
        "outstanding": 45773.0
    },
    {
        "calculationDate": "20220415",
        "outstanding": 8787.0
    },
    {
        "calculationDate": "20221126",
        "outstanding": 85602.3
    },
    {
        "calculationDate": "20220909",
        "outstanding": 65743.0
    },
    {
        "calculationDate": "20220802",
        "outstanding": 0.0
    },
    {
        "calculationDate": "20220522",
        "outstanding": 49822.0
    },
    {
        "calculationDate": "20220712",
        "outstanding": 52031.0
    },
    {
        "calculationDate": "20220609",
        "outstanding": 47760.0
    },
    {
        "calculationDate": "20220424",
        "outstanding": 21474.0
    },
    {
        "calculationDate": "20220729",
        "outstanding": 49490.0
    },
    {
        "calculationDate": "20220825",
        "outstanding": 4346.0
    },
    {
        "calculationDate": "20220927",
        "outstanding": 88842.0
    },
    {
        "calculationDate": "20220505",
        "outstanding": 37426.0
    },
    {
        "calculationDate": "20220427",
        "outstanding": 22907.0
    },
    {
        "calculationDate": "20221122",
        "outstanding": 85411.3
    },
    {
        "calculationDate": "20220627",
        "outstanding": 45953.0
    },
    {
        "calculationDate": "20220608",
        "outstanding": 47760.0
    },
    {
        "calculationDate": "20220905",
        "outstanding": 20866.0
    },
    {
        "calculationDate": "20220930",
        "outstanding": 89440.0
    },
    {
        "calculationDate": "20220919",
        "outstanding": 67004.0
    },
    {
        "calculationDate": "20220524",
        "outstanding": 49933.0
    },
    {
        "calculationDate": "20220726",
        "outstanding": 48994.0
    },
    {
        "calculationDate": "20220426",
        "outstanding": 7851.0
    },
    {
        "calculationDate": "20220629",
        "outstanding": 46945.0
    },
    {
        "calculationDate": "20220418",
        "outstanding": 8928.0
    },
    {
        "calculationDate": "20220728",
        "outstanding": 49344.0
    },
    {
        "calculationDate": "20220429",
        "outstanding": 25391.0
    },
    {
        "calculationDate": "20220615",
        "outstanding": 48504.0
    },
    {
        "calculationDate": "20220908",
        "outstanding": 60439.0
    },
    {
        "calculationDate": "20221031",
        "outstanding": 89907.64
    },
    {
        "calculationDate": "20220516",
        "outstanding": 48122.0
    },
    {
        "calculationDate": "20220826",
        "outstanding": 0.0
    },
    {
        "calculationDate": "20220414",
        "outstanding": 7860.0
    },
    {
        "calculationDate": "20220607",
        "outstanding": 47760.0
    },
    {
        "calculationDate": "20220617",
        "outstanding": 48504.0
    },
    {
        "calculationDate": "20220801",
        "outstanding": 0.0
    },
    {
        "calculationDate": "20220621",
        "outstanding": 47802.0
    },
    {
        "calculationDate": "20220602",
        "outstanding": 46741.0
    },
    {
        "calculationDate": "20220920",
        "outstanding": 87960.0
    },
    {
        "calculationDate": "20220622",
        "outstanding": 48138.0
    },
    {
        "calculationDate": "20220719",
        "outstanding": 47331.0
    },
    {
        "calculationDate": "20221011",
        "outstanding": 90205.0
    },
    {
        "calculationDate": "20220921",
        "outstanding": 89076.0
    },
    {
        "calculationDate": "20220623",
        "outstanding": 48138.0
    },
    {
        "calculationDate": "20220928",
        "outstanding": 89279.0
    },
    {
        "calculationDate": "20220704",
        "outstanding": 51416.0
    },
    {
        "calculationDate": "20220907",
        "outstanding": 56139.0
    },
    {
        "calculationDate": "20221004",
        "outstanding": 90214.0
    },
    {
        "calculationDate": "20221018",
        "outstanding": 85438.0
    },
    {
        "calculationDate": "20221115",
        "outstanding": 85439.3
    },
    {
        "calculationDate": "20220912",
        "outstanding": 66408.0
    },
    {
        "calculationDate": "20220630",
        "outstanding": 47941.0
    },
    {
        "calculationDate": "20220701",
        "outstanding": 49167.0
    },
    {
        "calculationDate": "20221024",
        "outstanding": 86232.0
    },
    {
        "calculationDate": "20220412",
        "outstanding": 5677.0
    },
    {
        "calculationDate": "20220504",
        "outstanding": 33893.0
    },
    {
        "calculationDate": "20220603",
        "outstanding": 46766.0
    },
    {
        "calculationDate": "20220428",
        "outstanding": 22907.0
    },
    {
        "calculationDate": "20220824",
        "outstanding": 430.0
    },
    {
        "calculationDate": "20220915",
        "outstanding": 60206.0
    },
    {
        "calculationDate": "20220705",
        "outstanding": 51527.0
    }
]