[
    {
        "calculationDate": "20180924",
        "outstanding": 34836.0
    },
    {
        "calculationDate": "20190213",
        "outstanding": 43185.0
    },
    {
        "calculationDate": "20190606",
        "outstanding": 55819.0
    },
    {
        "calculationDate": "20180809",
        "outstanding": 16490.0
    },
    {
        "calculationDate": "20190321",
        "outstanding": 42547.0
    },
    {
        "calculationDate": "20200113",
        "outstanding": 97631.0
    },
    {
        "calculationDate": "20190610",
        "outstanding": 55819.0
    },
    {
        "calculationDate": "20190826",
        "outstanding": 9206.0
    },
    {
        "calculationDate": "20180813",
        "outstanding": 33136.0
    },
    {
        "calculationDate": "20200409",
        "outstanding": 97759.0
    },
    {
        "calculationDate": "20181119",
        "outstanding": 39047.0
    },
    {
        "calculationDate": "20190916",
        "outstanding": 72254.0
    },
    {
        "calculationDate": "20180918",
        "outstanding": 20440.0
    },
    {
        "calculationDate": "20190829",
        "outstanding": 21946.0
    },
    {
        "calculationDate": "20191007",
        "outstanding": 77658.0
    },
    {
        "calculationDate": "20200106",
        "outstanding": 93178.0
    },
    {
        "calculationDate": "20190418",
        "outstanding": 31177.0
    },
    {
        "calculationDate": "20200330",
        "outstanding": 97394.0
    },
    {
        "calculationDate": "20190729",
        "outstanding": 18914.0
    },
    {
        "calculationDate": "20181005",
        "outstanding": 32917.0
    },
    {
        "calculationDate": "20190516",
        "outstanding": 53574.0
    },
    {
        "calculationDate": "20190422",
        "outstanding": 33700.0
    },
    {
        "calculationDate": "20181112",
        "outstanding": 21772.0
    },
    {
        "calculationDate": "20200406",
        "outstanding": 97759.0
    },
    {
        "calculationDate": "20200309",
        "outstanding": 97827.0
    },
    {
        "calculationDate": "20191017",
        "outstanding": 78359.0
    },
    {
        "calculationDate": "20181015",
        "outstanding": 39633.0
    },
    {
        "calculationDate": "20181105",
        "outstanding": 0.0
    },
    {
        "calculationDate": "20181101",
        "outstanding": 20541.0
    },
    {
        "calculationDate": "20200507",
        "outstanding": 97984.0
    },
    {
        "calculationDate": "20190131",
        "outstanding": 44993.0
    },
    {
        "calculationDate": "20190502",
        "outstanding": 44318.0
    },
    {
        "calculationDate": "20190411",
        "outstanding": 18284.0
    },
    {
        "calculationDate": "20180927",
        "outstanding": 36836.0
    },
    {
        "calculationDate": "20190523",
        "outstanding": 55728.0
    },
    {
        "calculationDate": "20191117",
        "outstanding": 93451.0
    },
    {
        "calculationDate": "20190506",
        "outstanding": 50226.0
    },
    {
        "calculationDate": "20200227",
        "outstanding": 97827.0
    },
    {
        "calculationDate": "20190912",
        "outstanding": 68373.0
    },
    {
        "calculationDate": "20190530",
        "outstanding": 0.0
    },
    {
        "calculationDate": "20190923",
        "outstanding": 74462.0
    },
    {
        "calculationDate": "20181213",
        "outstanding": 44521.0
    },
    {
        "calculationDate": "20200528",
        "outstanding": 97984.0
    },
    {
        "calculationDate": "20190520",
        "outstanding": 54953.0
    },
    {
        "calculationDate": "20200102",
        "outstanding": 95178.0
    },
    {
        "calculationDate": "20200427",
        "outstanding": 96967.0
    },
    {
        "calculationDate": "20200123",
        "outstanding": 92359.0
    },
    {
        "calculationDate": "20190902",
        "outstanding": 50166.0
    },
    {
        "calculationDate": "20200210",
        "outstanding": 93123.0
    },
    {
        "calculationDate": "20190404",
        "outstanding": 9775.0
    },
    {
        "calculationDate": "20190222",
        "outstanding": 2183.0
    },
    {
        "calculationDate": "20180920",
        "outstanding": 29762.0
    },
    {
        "calculationDate": "20191230",
        "outstanding": 95178.0
    },
    {
        "calculationDate": "20181025",
        "outstanding": 3290.0
    },
    {
        "calculationDate": "20190819",
        "outstanding": 1570.0
    },
    {
        "calculationDate": "20190812",
        "outstanding": 0.0
    },
    {
        "calculationDate": "20190805",
        "outstanding": 56811.0
    },
    {
        "calculationDate": "20190415",
        "outstanding": 28529.0
    },
    {
        "calculationDate": "20200615",
        "outstanding": 0.0
    },
    {
        "calculationDate": "20190425",
        "outstanding": 42687.0
    },
    {
        "calculationDate": "20191224",
        "outstanding": 97006.0
    },
    {
        "outstanding": 0.0
    },
    {
        "calculationDate": "20200130",
        "outstanding": 94774.0
    },
    {
        "calculationDate": "20191208",
        "outstanding": 73081.0
    },
    {
        "calculationDate": "20190627",
        "outstanding": 0.0
    },
    {
        "calculationDate": "20190107",
        "outstanding": 44643.0
    },
    {
        "calculationDate": "20190725",
        "outstanding": 9648.0
    },
    {
        "calculationDate": "20180816",
        "outstanding": 40296.0
    },
    {
        "calculationDate": "20200217",
        "outstanding": 96524.0
    },
    {
        "calculationDate": "20200416",
        "outstanding": 92922.0
    },
    {
        "calculationDate": "20190307",
        "outstanding": 44747.0
    },
    {
        "calculationDate": "20190513",
        "outstanding": 52648.0
    },
    {
        "calculationDate": "20191003",
        "outstanding": 77658.0
    },
    {
        "calculationDate": "20181001",
        "outstanding": 18445.0
    },
    {
        "calculationDate": "20181029",
        "outstanding": 15322.0
    },
    {
        "calculationDate": "20200326",
        "outstanding": 0.0
    },
    {
        "calculationDate": "20191031",
        "outstanding": 93274.0
    },
    {
        "calculationDate": "20190801",
        "outstanding": 49894.0
    },
    {
        "calculationDate": "20181122",
        "outstanding": 35047.0
    },
    {
        "calculationDate": "20200430",
        "outstanding": 97984.0
    },
    {
        "calculationDate": "20200420",
        "outstanding": 92922.0
    },
    {
        "calculationDate": "20190225",
        "outstanding": 44747.0
    },
    {
        "calculationDate": "20200213",
        "outstanding": 96176.0
    },
    {
        "calculationDate": "20181206",
        "outstanding": 38955.0
    },
    {
        "calculationDate": "20190701",
        "outstanding": 0.0
    },
    {
        "calculationDate": "20190509",
        "outstanding": 50226.0
    },
    {
        "calculationDate": "20181231",
        "outstanding": 40871.0
    },
    {
        "calculationDate": "20180820",
        "outstanding": 44685.0
    },
    {
        "calculationDate": "20191215",
        "outstanding": 87827.0
    },
    {
        "calculationDate": "20181129",
        "outstanding": 40557.0
    },
    {
        "calculationDate": "20181210",
        "outstanding": 39955.0
    },
    {
        "calculationDate": "20191124",
        "outstanding": 48451.0
    },
    {
        "calculationDate": "20190408",
        "outstanding": 9775.0
    },
    {
        "calculationDate": "20190822",
        "outstanding": 2084.0
    },
    {
        "calculationDate": "20191226",
        "outstanding": 95178.0
    },
    {
        "calculationDate": "20181018",
        "outstanding": 39838.0
    },
    {
        "calculationDate": "20190328",
        "outstanding": 43775.0
    },
    {
        "calculationDate": "20191130",
        "outstanding": 0.0
    },
    {
        "calculationDate": "20181115",
        "outstanding": 43448.0
    },
    {
        "calculationDate": "20190207",
        "outstanding": 39993.0
    },
    {
        "calculationDate": "20200608",
        "outstanding": 97984.0
    },
    {
        "calculationDate": "20190930",
        "outstanding": 76462.0
    },
    {
        "calculationDate": "20200109",
        "outstanding": 93178.0
    },
    {
        "calculationDate": "20200312",
        "outstanding": 107067.0
    },
    {
        "calculationDate": "20181217",
        "outstanding": 44871.0
    },
    {
        "calculationDate": "20181011",
        "outstanding": 40910.0
    },
    {
        "calculationDate": "20200224"
    },
    {
        "calculationDate": "20181203",
        "outstanding": 38676.0
    },
    {
        "calculationDate": "20190429",
        "outstanding": 46943.0
    },
    {
        "calculationDate": "20190604",
        "outstanding": 29973.0
    },
    {
        "calculationDate": "20190401",
        "outstanding": 44775.0
    },
    {
        "calculationDate": "20190114",
        "outstanding": 44993.0
    },
    {
        "calculationDate": "20191110",
        "outstanding": 97451.0
    },
    {
        "calculationDate": "20200206",
        "outstanding": 93123.0
    },
    {
        "calculationDate": "20190909",
        "outstanding": 67762.0
    },
    {
        "calculationDate": "20190905",
        "outstanding": 56511.0
    },
    {
        "calculationDate": "20181126",
        "outstanding": 37453.0
    },
    {
        "calculationDate": "20181227",
        "outstanding": 40871.0
    },
    {
        "calculationDate": "20190919",
        "outstanding": 74809.0
    },
    {
        "calculationDate": "20190620",
        "outstanding": 55975.0
    },
    {
        "calculationDate": "20200127",
        "outstanding": 94774.0
    },
    {
        "calculationDate": "20181022",
        "outstanding": 0.0
    },
    {
        "calculationDate": "20191010",
        "outstanding": 78203.0
    },
    {
        "calculationDate": "20190808",
        "outstanding": 61750.0
    },
    {
        "calculationDate": "20180913",
        "outstanding": 14782.0
    },
    {
        "calculationDate": "20200303",
        "outstanding": 97827.0
    },
    {
        "calculationDate": "20190711",
        "outstanding": 0.0
    },
    {
        "calculationDate": "20200203",
        "outstanding": 92826.0
    },
    {
        "calculationDate": "20200116",
        "outstanding": 95359.0
    },
    {
        "calculationDate": "20190218",
        "outstanding": 0.0
    },
    {
        "calculationDate": "20190527",
        "outstanding": 55944.0
    },
    {
        "calculationDate": "20180910",
        "outstanding": 44782.0
    }
]