[
    {
        "calculationDate": "20150731",
        "outstanding": 0.0
    },
    {
        "calculationDate": "20100930",
        "outstanding": 23649.0
    },
    {
        "calculationDate": "20170428",
        "outstanding": 701.0
    },
    {
        "calculationDate": "20151130",
        "outstanding": 17755.0
    },
    {
        "calculationDate": "20160729",
        "outstanding": 4590.0
    },
    {
        "calculationDate": "20150930"
    },
    {
        "calculationDate": "20090731",
        "outstanding": 59.0
    },
    {
        "calculationDate": "20091030",
        "outstanding": 26763.0
    },
    {
        "calculationDate": "20090930",
        "outstanding": 35827.0
    },
    {
        "calculationDate": "20130228",
        "outstanding": 0.0
    },
    {
        "calculationDate": "20161031",
        "outstanding": 6674.0
    },
    {
        "calculationDate": "20150130",
        "outstanding": 14621.0
    },
    {
        "calculationDate": "20130430",
        "outstanding": 16551.0
    },
    {
        "calculationDate": "20130628",
        "outstanding": 15224.0
    },
    {
        "calculationDate": "20170331",
        "outstanding": 249.0
    },
    {
        "calculationDate": "20090630"
    },
    {
        "calculationDate": "20130930",
        "outstanding": 0.0
    },
    {
        "calculationDate": "20111130",
        "outstanding": 1499.0
    },
    {
        "calculationDate": "20170629",
        "outstanding": 213.0
    },
    {
        "calculationDate": "20110630",
        "outstanding": 0.0
    },
    {
        "calculationDate": "20180314",
        "outstanding": 138.0
    },
    {
        "calculationDate": "20140131",
        "outstanding": 19048.0
    },
    {
        "calculationDate": "20091229",
        "outstanding": 856.0
    },
    {
        "calculationDate": "20140731",
        "outstanding": 1001.0
    },
    {
        "calculationDate": "20111031",
        "outstanding": 3664.0
    },
    {
        "calculationDate": "20130329",
        "outstanding": 8760.0
    },
    {
        "calculationDate": "20100820",
        "outstanding": 0.0
    },
    {
        "calculationDate": "20140530",
        "outstanding": 3432.0
    },
    {
        "calculationDate": "20161230",
        "outstanding": 1253.0
    },
    {
        "calculationDate": "20110831",
        "outstanding": 12745.0
    },
    {
        "calculationDate": "20171012",
        "outstanding": 6068.0
    },
    {
        "calculationDate": "20161130",
        "outstanding": 0.0
    },
    {
        "calculationDate": "20130131",
        "outstanding": 0.0
    },
    {
        "calculationDate": "20151231",
        "outstanding": 996.0
    },
    {
        "calculationDate": "20180307",
        "outstanding": 0.0
    },
    {
        "calculationDate": "20150227",
        "outstanding": 10964.0
    },
    {
        "calculationDate": "20130731",
        "outstanding": 20065.0
    },
    {
        "calculationDate": "20090529",
        "outstanding": 10.0
    },
    {
        "calculationDate": "20100129",
        "outstanding": 125.0
    },
    {
        "calculationDate": "20170929",
        "outstanding": 3.0
    },
    {
        "calculationDate": "20160930",
        "outstanding": 0.0
    },
    {
        "calculationDate": "20131031",
        "outstanding": 20058.0
    },
    {
        "calculationDate": "20170228",
        "outstanding": 1600.0
    },
    {
        "calculationDate": "20090227",
        "outstanding": 41.0
    },
    {
        "calculationDate": "20170829",
        "outstanding": 19506.0
    },
    {
        "calculationDate": "20150529",
        "outstanding": 0.0
    },
    {
        "calculationDate": "20100730",
        "outstanding": 0.0
    },
    {
        "calculationDate": "20170531",
        "outstanding": 2119.0
    },
    {
        "calculationDate": "20150630",
        "outstanding": 0.0
    },
    {
        "calculationDate": "20171223",
        "outstanding": 0.0
    },
    {
        "calculationDate": "20091130",
        "outstanding": 19555.0
    },
    {
        "calculationDate": "20100331",
        "outstanding": 120.0
    },
    {
        "calculationDate": "20150831",
        "outstanding": 0.0
    },
    {
        "calculationDate": "20120928",
        "outstanding": 2916.0
    },
    {
        "calculationDate": "20110531",
        "outstanding": 21532.0
    },
    {
        "calculationDate": "20120229",
        "outstanding": 4568.0
    },
    {
        "calculationDate": "20160630",
        "outstanding": 6255.0
    },
    {
        "calculationDate": "20120629",
        "outstanding": 0.0
    },
    {
        "calculationDate": "20180228",
        "outstanding": 281.0
    },
    {
        "calculationDate": "20081230",
        "outstanding": 9.0
    },
    {
        "calculationDate": "20170910",
        "outstanding": 18654.0
    },
    {
        "calculationDate": "20160129",
        "outstanding": 828.0
    },
    {
        "calculationDate": "20140331",
        "outstanding": 7945.0
    },
    {
        "calculationDate": "20180113",
        "outstanding": 1888.0
    },
    {
        "calculationDate": "20121229",
        "outstanding": 0.0
    },
    {
        "calculationDate": "20180119",
        "outstanding": 0.0
    },
    {
        "calculationDate": "20110228",
        "outstanding": 16162.0
    },
    {
        "calculationDate": "20141031",
        "outstanding": 0.0
    },
    {
        "calculationDate": "20100226",
        "outstanding": 125.0
    },
    {
        "calculationDate": "20160531",
        "outstanding": 14147.0
    },
    {
        "calculationDate": "20100420",
        "outstanding": 51.0
    },
    {
        "calculationDate": "20110429",
        "outstanding": 20306.0
    },
    {
        "calculationDate": "20110331",
        "outstanding": 14656.0
    },
    {
        "calculationDate": "20130830",
        "outstanding": 40663.0
    },
    {
        "calculationDate": "20120131",
        "outstanding": 15581.0
    },
    {
        "calculationDate": "20150331",
        "outstanding": 25496.0
    },
    {
        "calculationDate": "20090831",
        "outstanding": 11930.0
    },
    {
        "calculationDate": "20140228",
        "outstanding": 11256.0
    },
    {
        "calculationDate": "20140829",
        "outstanding": 1073.0
    },
    {
        "calculationDate": "20171219",
        "outstanding": 1589.0
    },
    {
        "calculationDate": "20111230",
        "outstanding": 0.0
    },
    {
        "calculationDate": "20140430",
        "outstanding": 0.0
    },
    {
        "calculationDate": "20171115",
        "outstanding": 2281.0
    },
    {
        "calculationDate": "20080923",
        "outstanding": 0.0
    },
    {
        "calculationDate": "20180214",
        "outstanding": 2595.0
    },
    {
        "calculationDate": "20121031",
        "outstanding": 22492.0
    },
    {
        "calculationDate": "20110930",
        "outstanding": 4641.0
    },
    {
        "calculationDate": "20170728",
        "outstanding": 7946.0
    },
    {
        "calculationDate": "20140630",
        "outstanding": 5316.0
    },
    {
        "calculationDate": "20101029",
        "outstanding": 18984.0
    },
    {
        "calculationDate": "20120330",
        "outstanding": 407.0
    },
    {
        "calculationDate": "20120831",
        "outstanding": 642.0
    },
    {
        "calculationDate": "20120731",
        "outstanding": 985.0
    },
    {
        "calculationDate": "20140930",
        "outstanding": 2671.0
    },
    {
        "calculationDate": "20090331",
        "outstanding": 66.0
    },
    {
        "calculationDate": "20101118",
        "outstanding": 1301.0
    },
    {
        "calculationDate": "20171207",
        "outstanding": 186.0
    },
    {
        "calculationDate": "20100531",
        "outstanding": 1973.0
    },
    {
        "calculationDate": "20120531",
        "outstanding": 1011.0
    },
    {
        "calculationDate": "20160229",
        "outstanding": 9085.0
    },
    {
        "calculationDate": "20101231",
        "outstanding": 470.0
    },
    {
        "calculationDate": "20131129",
        "outstanding": 19806.0
    },
    {
        "calculationDate": "20100630",
        "outstanding": 5992.0
    },
    {
        "calculationDate": "20171029",
        "outstanding": 0.0
    },
    {
        "calculationDate": "20081119",
        "outstanding": 7484.0
    },
    {
        "calculationDate": "20090430",
        "outstanding": 25.0
    },
    {
        "calculationDate": "20141231",
        "outstanding": 18377.0
    },
    {
        "calculationDate": "20121130",
        "outstanding": 2378.0
    },
    {
        "calculationDate": "20160331",
        "outstanding": 471.0
    },
    {
        "calculationDate": "20090130",
        "outstanding": 116.0
    },
    {
        "calculationDate": "20131231",
        "outstanding": 0.0
    },
    {
        "calculationDate": "20170915",
        "outstanding": 22009.0
    },
    {
        "calculationDate": "20170131",
        "outstanding": 0.0
    },
    {
        "calculationDate": "20160831",
        "outstanding": 0.0
    },
    {
        "calculationDate": "20110729",
        "outstanding": 1424.0
    },
    {
        "calculationDate": "20141128",
        "outstanding": 12715.0
    },
    {
        "calculationDate": "20151030",
        "outstanding": 20741.0
    },
    {
        "calculationDate": "20180207",
        "outstanding": 0.0
    },
    {
        "calculationDate": "20170817",
        "outstanding": 0.0
    },
    {
        "calculationDate": "20110131",
        "outstanding": 300.0
    },
    {
        "calculationDate": "20081021",
        "outstanding": 305.0
    },
    {
        "calculationDate": "20120427",
        "outstanding": 918.0
    },
    {
        "calculationDate": "20150430",
        "outstanding": 7598.0
    },
    {
        "calculationDate": "20130531",
        "outstanding": 12928.0
    },
    {
        "calculationDate": "20160429",
        "outstanding": 8836.0
    }
]