[
    {
        "calculationDate": "20170921",
        "outstanding": 0.0
    },
    {
        "calculationDate": "20170828",
        "outstanding": 0.0
    },
    {
        "calculationDate": "20180122",
        "outstanding": 349.0
    },
    {
        "calculationDate": "20170403",
        "outstanding": 0.0
    },
    {
        "calculationDate": "20171114",
        "outstanding": 0.0
    },
    {
        "calculationDate": "20161222",
        "outstanding": 0.0
    },
    {
        "calculationDate": "20180119",
        "outstanding": 349.0
    },
    {
        "calculationDate": "20170121",
        "outstanding": 22388.0
    },
    {
        "calculationDate": "20160921",
        "outstanding": 0.0
    },
    {
        "calculationDate": "20160728",
        "outstanding": 0.0
    },
    {
        "calculationDate": "20170226",
        "outstanding": 0.0
    },
    {
        "calculationDate": "20170503",
        "outstanding": 3.0
    },
    {
        "calculationDate": "20170322",
        "outstanding": 21.0
    },
    {
        "calculationDate": "20170506",
        "outstanding": 0.0
    },
    {
        "calculationDate": "20170825",
        "outstanding": 0.0
    },
    {
        "calculationDate": "20161123",
        "outstanding": 0.0
    },
    {
        "calculationDate": "20170918",
        "outstanding": 0.0
    },
    {
        "calculationDate": "20170924",
        "outstanding": 0.0
    },
    {
        "calculationDate": "20170422",
        "outstanding": 0.0
    },
    {
        "calculationDate": "20171021",
        "outstanding": 0.0
    },
    {
        "calculationDate": "20180125",
        "outstanding": 0.0
    },
    {
        "calculationDate": "20161024",
        "outstanding": 0.0
    },
    {
        "calculationDate": "20170304",
        "outstanding": 21.0
    },
    {
        "calculationDate": "20180223",
        "outstanding": 0.0
    },
    {
        "calculationDate": "20171223",
        "outstanding": 0.0
    },
    {
        "calculationDate": "20171123",
        "outstanding": 0.0
    },
    {
        "calculationDate": "20170623",
        "outstanding": 0.0
    },
    {
        "calculationDate": "20170521",
        "outstanding": 0.0
    },
    {
        "calculationDate": "20170427",
        "outstanding": 2811.0
    },
    {
        "calculationDate": "20160823",
        "outstanding": 0.0
    },
    {
        "calculationDate": "20170723",
        "outstanding": 0.0
    },
    {
        "calculationDate": "20170202",
        "outstanding": 0.0
    }
]