[
    {
        "calculationDate": "20210911",
        "outstanding": 2820.0
    },
    {
        "calculationDate": "20210604",
        "outstanding": 5000.0
    },
    {
        "calculationDate": "20201204",
        "outstanding": 0.0
    },
    {
        "calculationDate": "20220831",
        "outstanding": 5552.0
    },
    {
        "calculationDate": "20220612",
        "outstanding": 17242.0
    },
    {
        "calculationDate": "20201218",
        "outstanding": 0.0
    },
    {
        "calculationDate": "20200603",
        "outstanding": 0.0
    },
    {
        "calculationDate": "20190802",
        "outstanding": 0.0
    },
    {
        "calculationDate": "20200712",
        "outstanding": 0.0
    },
    {
        "calculationDate": "20220809",
        "outstanding": 4836.0
    },
    {
        "calculationDate": "20210505",
        "outstanding": 0.0
    },
    {
        "calculationDate": "20210826",
        "outstanding": 569.0
    },
    {
        "calculationDate": "20191220",
        "outstanding": 0.0
    },
    {
        "calculationDate": "20210618",
        "outstanding": 0.0
    },
    {
        "calculationDate": "20220830",
        "outstanding": 4305.0
    },
    {
        "calculationDate": "20200703",
        "outstanding": 0.0
    },
    {
        "calculationDate": "20221001",
        "outstanding": 5890.0
    },
    {
        "calculationDate": "20191116",
        "outstanding": 0.0
    },
    {
        "calculationDate": "20191204",
        "outstanding": 0.0
    },
    {
        "calculationDate": "20221009",
        "outstanding": 12502.0
    },
    {
        "calculationDate": "20190627",
        "outstanding": 1363.0
    },
    {
        "calculationDate": "20220224",
        "outstanding": 439.0
    },
    {
        "calculationDate": "20210526",
        "outstanding": 5000.0
    },
    {
        "calculationDate": "20220608",
        "outstanding": 5987.0
    },
    {
        "calculationDate": "20210105",
        "outstanding": 0.0
    },
    {
        "calculationDate": "20190608",
        "outstanding": 0.0
    },
    {
        "calculationDate": "20190118",
        "outstanding": 0.0
    },
    {
        "calculationDate": "20190823",
        "outstanding": 0.0
    },
    {
        "calculationDate": "20210628",
        "outstanding": 0.0
    },
    {
        "calculationDate": "20190916",
        "outstanding": 0.0
    },
    {
        "calculationDate": "20190227",
        "outstanding": 9575.0
    },
    {
        "calculationDate": "20190302",
        "outstanding": 0.0
    },
    {
        "calculationDate": "20181205",
        "outstanding": 0.0
    },
    {
        "calculationDate": "20200507",
        "outstanding": 0.0
    },
    {
        "calculationDate": "20190706",
        "outstanding": 0.0
    },
    {
        "calculationDate": "20221117",
        "outstanding": 2629.0
    },
    {
        "calculationDate": "20220610",
        "outstanding": 11782.0
    },
    {
        "calculationDate": "20190404",
        "outstanding": 0.0
    },
    {
        "calculationDate": "20181228",
        "outstanding": 0.0
    },
    {
        "calculationDate": "20191005",
        "outstanding": 0.0
    },
    {
        "calculationDate": "20210409",
        "outstanding": 5232.0
    },
    {
        "calculationDate": "20220930",
        "outstanding": 5049.0
    },
    {
        "calculationDate": "20190130",
        "outstanding": 2000.0
    },
    {
        "calculationDate": "20200504",
        "outstanding": 1229.0
    },
    {
        "calculationDate": "20220928",
        "outstanding": 4011.0
    },
    {
        "calculationDate": "20211001",
        "outstanding": 0.0
    },
    {
        "calculationDate": "20220310",
        "outstanding": 937.0
    },
    {
        "calculationDate": "20220529",
        "outstanding": 3920.0
    },
    {
        "calculationDate": "20211108",
        "outstanding": 0.0
    },
    {
        "calculationDate": "20220901",
        "outstanding": 6720.0
    },
    {
        "calculationDate": "20210919",
        "outstanding": 0.0
    },
    {
        "calculationDate": "20200814",
        "outstanding": 0.0
    },
    {
        "calculationDate": "20220129",
        "outstanding": 0.0
    },
    {
        "calculationDate": "20190217",
        "outstanding": 9254.0
    },
    {
        "calculationDate": "20220824",
        "outstanding": 0.0
    },
    {
        "calculationDate": "20190202",
        "outstanding": 1500.0
    },
    {
        "calculationDate": "20210806",
        "outstanding": 1220.0
    },
    {
        "calculationDate": "20200806",
        "outstanding": 0.0
    },
    {
        "calculationDate": "20210304",
        "outstanding": 17530.0
    },
    {
        "calculationDate": "20210713",
        "outstanding": 0.0
    },
    {
        "calculationDate": "20221028",
        "outstanding": 8046.0
    },
    {
        "calculationDate": "20221210",
        "outstanding": 0.0
    },
    {
        "calculationDate": "20200205",
        "outstanding": 25.0
    },
    {
        "calculationDate": "20200305",
        "outstanding": 0.0
    },
    {
        "calculationDate": "20221029",
        "outstanding": 8566.0
    },
    {
        "calculationDate": "20181203",
        "outstanding": 0.0
    },
    {
        "calculationDate": "20220828",
        "outstanding": 2813.0
    },
    {
        "calculationDate": "20190826",
        "outstanding": 0.0
    },
    {
        "calculationDate": "20181105",
        "outstanding": 0.0
    },
    {
        "calculationDate": "20211126",
        "outstanding": 0.0
    },
    {
        "calculationDate": "20200127",
        "outstanding": 0.0
    },
    {
        "calculationDate": "20210812",
        "outstanding": 5613.0
    },
    {
        "calculationDate": "20190904",
        "outstanding": 0.0
    },
    {
        "calculationDate": "20210727",
        "outstanding": 865.0
    },
    {
        "calculationDate": "20220731",
        "outstanding": 5004.0
    },
    {
        "calculationDate": "20191105",
        "outstanding": 7681.0
    },
    {
        "calculationDate": "20190504",
        "outstanding": 0.0
    },
    {
        "calculationDate": "20180924",
        "outstanding": 0.0
    },
    {
        "calculationDate": "20210216",
        "outstanding": 5949.0
    },
    {
        "calculationDate": "20210923",
        "outstanding": 268.0
    },
    {
        "calculationDate": "20211228",
        "outstanding": 0.0
    },
    {
        "calculationDate": "20210502",
        "outstanding": 0.0
    },
    {
        "calculationDate": "20221030",
        "outstanding": 9561.0
    },
    {
        "calculationDate": "20210804",
        "outstanding": 698.0
    },
    {
        "calculationDate": "20200404",
        "outstanding": 0.0
    },
    {
        "calculationDate": "20220906",
        "outstanding": 8504.0
    },
    {
        "calculationDate": "20210405",
        "outstanding": 3334.0
    },
    {
        "calculationDate": "20190616",
        "outstanding": 4053.0
    },
    {
        "calculationDate": "20220806",
        "outstanding": 20656.0
    },
    {
        "calculationDate": "20181006",
        "outstanding": 0.0
    },
    {
        "calculationDate": "20220907",
        "outstanding": 10674.0
    },
    {
        "calculationDate": "20190808",
        "outstanding": 0.0
    },
    {
        "calculationDate": "20191113",
        "outstanding": 2717.0
    },
    {
        "calculationDate": "20220914",
        "outstanding": 0.0
    },
    {
        "calculationDate": "20220419",
        "outstanding": 0.0
    },
    {
        "calculationDate": "20211102",
        "outstanding": 0.0
    },
    {
        "calculationDate": "20220811",
        "outstanding": 1380.0
    },
    {
        "calculationDate": "20200329",
        "outstanding": 0.0
    },
    {
        "calculationDate": "20220804",
        "outstanding": 17677.0
    },
    {
        "calculationDate": "20220616",
        "outstanding": 24634.0
    },
    {
        "calculationDate": "20210411",
        "outstanding": 0.0
    },
    {
        "calculationDate": "20221004",
        "outstanding": 7799.0
    },
    {
        "calculationDate": "20221027",
        "outstanding": 6749.0
    },
    {
        "calculationDate": "20221026",
        "outstanding": 6600.0
    },
    {
        "calculationDate": "20210316",
        "outstanding": 0.0
    },
    {
        "calculationDate": "20221023",
        "outstanding": 2907.0
    },
    {
        "calculationDate": "20190703",
        "outstanding": 0.0
    },
    {
        "calculationDate": "20210810",
        "outstanding": 4873.0
    },
    {
        "calculationDate": "20220602",
        "outstanding": 5455.0
    },
    {
        "calculationDate": "20190630",
        "outstanding": 1.0
    },
    {
        "calculationDate": "20220306",
        "outstanding": 0.0
    },
    {
        "calculationDate": "20220729",
        "outstanding": 3758.0
    },
    {
        "calculationDate": "20211116",
        "outstanding": 1400.0
    },
    {
        "calculationDate": "20221020",
        "outstanding": 963.0
    },
    {
        "calculationDate": "20210729",
        "outstanding": 0.0
    },
    {
        "calculationDate": "20220913",
        "outstanding": 11419.0
    },
    {
        "calculationDate": "20221114",
        "outstanding": 17033.53
    },
    {
        "calculationDate": "20200104",
        "outstanding": 0.0
    },
    {
        "calculationDate": "20220927",
        "outstanding": 1921.0
    },
    {
        "calculationDate": "20190715",
        "outstanding": 0.0
    },
    {
        "calculationDate": "20220220",
        "outstanding": 1067.0
    },
    {
        "calculationDate": "20201022",
        "outstanding": 0.0
    },
    {
        "calculationDate": "20220618",
        "outstanding": 0.0
    },
    {
        "calculationDate": "20191020",
        "outstanding": 0.0
    },
    {
        "calculationDate": "20221008",
        "outstanding": 11512.0
    },
    {
        "calculationDate": "20191207",
        "outstanding": 0.0
    },
    {
        "calculationDate": "20190526",
        "outstanding": 0.0
    },
    {
        "calculationDate": "20190205",
        "outstanding": 0.0
    },
    {
        "calculationDate": "20201210",
        "outstanding": 0.0
    },
    {
        "calculationDate": "20220312",
        "outstanding": 5266.0
    },
    {
        "calculationDate": "20221005",
        "outstanding": 8183.0
    },
    {
        "calculationDate": "20210204",
        "outstanding": 0.0
    },
    {
        "calculationDate": "20181003",
        "outstanding": 1635.0
    },
    {
        "calculationDate": "20210704",
        "outstanding": 4086.0
    },
    {
        "calculationDate": "20191103",
        "outstanding": 7681.0
    },
    {
        "calculationDate": "20210711",
        "outstanding": 7527.0
    },
    {
        "calculationDate": "20190124",
        "outstanding": 500.0
    },
    {
        "calculationDate": "20210814",
        "outstanding": 6998.0
    },
    {
        "calculationDate": "20220929",
        "outstanding": 4651.0
    },
    {
        "calculationDate": "20210824",
        "outstanding": 0.0
    },
    {
        "calculationDate": "20190112",
        "outstanding": 0.0
    },
    {
        "calculationDate": "20220803",
        "outstanding": 15960.0
    },
    {
        "calculationDate": "20220427",
        "outstanding": 2606.0
    },
    {
        "calculationDate": "20220127",
        "outstanding": 0.0
    },
    {
        "calculationDate": "20190323",
        "outstanding": 0.0
    },
    {
        "calculationDate": "20221025",
        "outstanding": 4441.0
    },
    {
        "calculationDate": "20191023",
        "outstanding": 0.0
    },
    {
        "calculationDate": "20190103",
        "outstanding": 0.0
    },
    {
        "calculationDate": "20220924",
        "outstanding": 1116.0
    },
    {
        "calculationDate": "20200823",
        "outstanding": 0.0
    },
    {
        "calculationDate": "20210129",
        "outstanding": 0.0
    },
    {
        "calculationDate": "20190423",
        "outstanding": 0.0
    },
    {
        "calculationDate": "20181030",
        "outstanding": 0.0
    },
    {
        "outstanding": 6741.0
    },
    {
        "calculationDate": "20220730",
        "outstanding": 4858.0
    },
    {
        "outstanding": 10790.0
    },
    {
        "calculationDate": "20210514",
        "outstanding": 6214.0
    },
    {
        "calculationDate": "20190305",
        "outstanding": 0.0
    },
    {
        "calculationDate": "20220702",
        "outstanding": 1995.0
    },
    {
        "calculationDate": "20200224",
        "outstanding": 0.0
    },
    {
        "outstanding": 0.0
    },
    {
        "calculationDate": "20221019",
        "outstanding": 500.0
    },
    {
        "calculationDate": "20201106",
        "outstanding": 0.0
    },
    {
        "calculationDate": "20220805",
        "outstanding": 19192.0
    },
    {
        "calculationDate": "20200208",
        "outstanding": 257.0
    },
    {
        "calculationDate": "20190512",
        "outstanding": 0.0
    },
    {
        "calculationDate": "20220706",
        "outstanding": 0.0
    },
    {
        "calculationDate": "20201207",
        "outstanding": 0.0
    },
    {
        "calculationDate": "20200904",
        "outstanding": 0.0
    },
    {
        "calculationDate": "20220318",
        "outstanding": 0.0
    },
    {
        "calculationDate": "20190320",
        "outstanding": 0.0
    },
    {
        "calculationDate": "20210828",
        "outstanding": 0.0
    },
    {
        "calculationDate": "20220222",
        "outstanding": 0.0
    },
    {
        "calculationDate": "20220226",
        "outstanding": 1780.0
    },
    {
        "calculationDate": "20220624",
        "outstanding": 342.0
    },
    {
        "calculationDate": "20221022",
        "outstanding": 2017.0
    }
]