[
    {
        "calculationDate": "20210809",
        "outstanding": 182871.0
    },
    {
        "calculationDate": "20210923",
        "outstanding": 0.0
    },
    {
        "calculationDate": "20210902",
        "outstanding": 0.0
    },
    {
        "calculationDate": "20210712",
        "outstanding": 144309.0
    },
    {
        "calculationDate": "20210729",
        "outstanding": 160000.0
    },
    {
        "calculationDate": "20210506",
        "outstanding": 0.0
    },
    {
        "calculationDate": "20210805",
        "outstanding": 169864.0
    },
    {
        "calculationDate": "20211025"
    },
    {
        "calculationDate": "20210708",
        "outstanding": 140126.0
    },
    {
        "calculationDate": "20210909",
        "outstanding": 793.0
    },
    {
        "calculationDate": "20210705",
        "outstanding": 136149.0
    },
    {
        "calculationDate": "20210617",
        "outstanding": 43713.0
    },
    {
        "calculationDate": "20210913",
        "outstanding": 803.0
    },
    {
        "calculationDate": "20210819",
        "outstanding": 193580.0
    },
    {
        "calculationDate": "20210426",
        "outstanding": 2680.0
    },
    {
        "calculationDate": "20210802",
        "outstanding": 162463.0
    },
    {
        "calculationDate": "20210715",
        "outstanding": 151893.0
    },
    {
        "calculationDate": "20210726",
        "outstanding": 157976.0
    },
    {
        "calculationDate": "20210816",
        "outstanding": 190035.0
    },
    {
        "calculationDate": "20210906",
        "outstanding": 0.0
    },
    {
        "calculationDate": "20210621",
        "outstanding": 42067.0
    },
    {
        "calculationDate": "20210607",
        "outstanding": 10000.0
    },
    {
        "calculationDate": "20210412",
        "outstanding": 0.0
    },
    {
        "calculationDate": "20210624",
        "outstanding": 55565.0
    },
    {
        "calculationDate": "20210415",
        "outstanding": 1190.0
    },
    {
        "calculationDate": "20210719",
        "outstanding": 161013.0
    },
    {
        "calculationDate": "20210628",
        "outstanding": 106340.0
    },
    {
        "calculationDate": "20210429",
        "outstanding": 4280.0
    },
    {
        "calculationDate": "20210826",
        "outstanding": 199209.0
    },
    {
        "calculationDate": "20210812",
        "outstanding": 188927.0
    },
    {
        "calculationDate": "20210701",
        "outstanding": 123840.0
    },
    {
        "calculationDate": "20211104",
        "outstanding": 0.0
    },
    {
        "calculationDate": "20210830",
        "outstanding": 0.0
    }
]