[
    {
        "calculationDate": "20210909",
        "outstanding": 112907.0
    },
    {
        "calculationDate": "20200827",
        "outstanding": 196154.0
    },
    {
        "calculationDate": "20200611",
        "outstanding": 7044.0
    },
    {
        "calculationDate": "20210527",
        "outstanding": 320199.0
    },
    {
        "calculationDate": "20211014",
        "outstanding": 11964.0
    },
    {
        "calculationDate": "20201106",
        "outstanding": 252693.0
    },
    {
        "calculationDate": "20201214",
        "outstanding": 60194.0
    },
    {
        "calculationDate": "20201123",
        "outstanding": 37946.0
    },
    {
        "calculationDate": "20200427",
        "outstanding": 0.0
    },
    {
        "calculationDate": "20201217",
        "outstanding": 66124.0
    },
    {
        "calculationDate": "20211018",
        "outstanding": 0.0
    },
    {
        "calculationDate": "20200706",
        "outstanding": 47332.0
    },
    {
        "calculationDate": "20200618",
        "outstanding": 12676.0
    },
    {
        "calculationDate": "20210830",
        "outstanding": 63724.0
    },
    {
        "calculationDate": "20210927",
        "outstanding": 179454.0
    },
    {
        "calculationDate": "20200402",
        "outstanding": 0.0
    },
    {
        "calculationDate": "20200120",
        "outstanding": 191507.0
    },
    {
        "calculationDate": "20201015",
        "outstanding": 174828.0
    },
    {
        "calculationDate": "20210607",
        "outstanding": 347012.0
    },
    {
        "calculationDate": "20191224",
        "outstanding": 92360.0
    },
    {
        "calculationDate": "20211116",
        "outstanding": 0.0
    },
    {
        "calculationDate": "20201203",
        "outstanding": 48713.0
    },
    {
        "calculationDate": "20200824",
        "outstanding": 183730.0
    },
    {
        "calculationDate": "20210325",
        "outstanding": 136567.0
    },
    {
        "calculationDate": "20201005",
        "outstanding": 107916.0
    },
    {
        "calculationDate": "20210405",
        "outstanding": 146634.0
    },
    {
        "calculationDate": "20201221",
        "outstanding": 67690.0
    },
    {
        "calculationDate": "20211011",
        "outstanding": 202653.0
    },
    {
        "calculationDate": "20210401",
        "outstanding": 148154.0
    },
    {
        "calculationDate": "20210422",
        "outstanding": 159823.0
    },
    {
        "calculationDate": "20200608",
        "outstanding": 2461.0
    },
    {
        "calculationDate": "20210222",
        "outstanding": 57358.0
    },
    {
        "calculationDate": "20210812",
        "outstanding": 0.0
    },
    {
        "calculationDate": "20200423",
        "outstanding": 0.0
    },
    {
        "calculationDate": "20201126",
        "outstanding": 39299.0
    },
    {
        "calculationDate": "20210211",
        "outstanding": 25610.0
    },
    {
        "calculationDate": "20210301",
        "outstanding": 74573.0
    },
    {
        "calculationDate": "20210408",
        "outstanding": 148297.0
    },
    {
        "calculationDate": "20201102",
        "outstanding": 243578.0
    },
    {
        "calculationDate": "20200928",
        "outstanding": 86711.0
    },
    {
        "calculationDate": "20201113",
        "outstanding": 275356.0
    },
    {
        "calculationDate": "20201008",
        "outstanding": 129642.0
    },
    {
        "calculationDate": "20210506",
        "outstanding": 230594.0
    },
    {
        "calculationDate": "20201228",
        "outstanding": 79973.0
    },
    {
        "calculationDate": "20210111",
        "outstanding": 107338.0
    },
    {
        "calculationDate": "20200907",
        "outstanding": 198966.0
    },
    {
        "calculationDate": "20201019",
        "outstanding": 185243.0
    },
    {
        "calculationDate": "20210913",
        "outstanding": 113355.0
    },
    {
        "calculationDate": "20200615",
        "outstanding": 7248.0
    },
    {
        "calculationDate": "20210429",
        "outstanding": 188604.0
    },
    {
        "calculationDate": "20200316",
        "outstanding": 153738.0
    },
    {
        "calculationDate": "20200903",
        "outstanding": 198187.0
    },
    {
        "calculationDate": "20210315",
        "outstanding": 113913.0
    },
    {
        "calculationDate": "20210121",
        "outstanding": 122735.0
    },
    {
        "calculationDate": "20211007",
        "outstanding": 202653.0
    },
    {
        "calculationDate": "20200319",
        "outstanding": 106198.0
    },
    {
        "calculationDate": "20210114",
        "outstanding": 109433.0
    },
    {
        "calculationDate": "20200106",
        "outstanding": 237485.0
    },
    {
        "calculationDate": "20200716",
        "outstanding": 84101.0
    },
    {
        "calculationDate": "20210201",
        "outstanding": 157634.0
    },
    {
        "calculationDate": "20200910",
        "outstanding": 198966.0
    },
    {
        "calculationDate": "20210916",
        "outstanding": 139701.0
    },
    {
        "calculationDate": "20210902",
        "outstanding": 87063.0
    },
    {
        "calculationDate": "20200303",
        "outstanding": 123681.0
    },
    {
        "calculationDate": "20201026",
        "outstanding": 404689.0
    },
    {
        "calculationDate": "20201120",
        "outstanding": 13166.0
    },
    {
        "calculationDate": "20200720",
        "outstanding": 93780.0
    },
    {
        "calculationDate": "20200309",
        "outstanding": 133334.0
    },
    {
        "calculationDate": "20200224",
        "outstanding": 105187.0
    },
    {
        "calculationDate": "20210104",
        "outstanding": 104939.0
    },
    {
        "calculationDate": "20210520",
        "outstanding": 295171.0
    },
    {
        "calculationDate": "20210415",
        "outstanding": 154868.0
    },
    {
        "calculationDate": "20201012",
        "outstanding": 151167.0
    },
    {
        "calculationDate": "20200210",
        "outstanding": 99000.0
    },
    {
        "calculationDate": "20200924"
    },
    {
        "calculationDate": "20210204",
        "outstanding": 0.0
    },
    {
        "calculationDate": "20210712",
        "outstanding": 0.0
    },
    {
        "calculationDate": "20191226",
        "outstanding": 213086.0
    },
    {
        "calculationDate": "20200504",
        "outstanding": 0.0
    },
    {
        "calculationDate": "20200709",
        "outstanding": 68069.0
    },
    {
        "calculationDate": "20210920",
        "outstanding": 150289.0
    },
    {
        "calculationDate": "20200810",
        "outstanding": 135667.0
    },
    {
        "calculationDate": "20200921",
        "outstanding": 23764.0
    },
    {
        "calculationDate": "20200206",
        "outstanding": 98651.0
    },
    {
        "calculationDate": "20210906",
        "outstanding": 90716.0
    },
    {
        "calculationDate": "20200723",
        "outstanding": 164480.0
    },
    {
        "calculationDate": "20200102",
        "outstanding": 230861.0
    },
    {
        "calculationDate": "20210412",
        "outstanding": 152904.0
    },
    {
        "calculationDate": "20210930",
        "outstanding": 198498.0
    },
    {
        "calculationDate": "20210311",
        "outstanding": 106025.0
    },
    {
        "calculationDate": "20200413",
        "outstanding": 0.0
    },
    {
        "calculationDate": "20201207",
        "outstanding": 54356.0
    },
    {
        "calculationDate": "20210125",
        "outstanding": 125539.0
    },
    {
        "calculationDate": "20200123",
        "outstanding": 183507.0
    },
    {
        "calculationDate": "20210329",
        "outstanding": 145297.0
    },
    {
        "calculationDate": "20200702",
        "outstanding": 2690.0
    },
    {
        "calculationDate": "20200109",
        "outstanding": 238377.0
    },
    {
        "calculationDate": "20210923",
        "outstanding": 177694.0
    },
    {
        "calculationDate": "20200713",
        "outstanding": 72226.0
    },
    {
        "calculationDate": "20200831",
        "outstanding": 196215.0
    },
    {
        "calculationDate": "20200430",
        "outstanding": 4808.0
    },
    {
        "calculationDate": "20200416",
        "outstanding": 0.0
    },
    {
        "calculationDate": "20200217",
        "outstanding": 114891.0
    },
    {
        "calculationDate": "20201022",
        "outstanding": 197473.0
    },
    {
        "calculationDate": "20200622",
        "outstanding": 0.0
    },
    {
        "calculationDate": "20210621",
        "outstanding": 0.0
    },
    {
        "calculationDate": "20210826",
        "outstanding": 12596.0
    },
    {
        "calculationDate": "20211004",
        "outstanding": 199480.0
    },
    {
        "calculationDate": "20210318",
        "outstanding": 115548.0
    },
    {
        "calculationDate": "20200312",
        "outstanding": 149025.0
    },
    {
        "calculationDate": "20191230",
        "outstanding": 226462.0
    },
    {
        "calculationDate": "20210617",
        "outstanding": 30743.0
    },
    {
        "calculationDate": "20201001",
        "outstanding": 92492.0
    },
    {
        "calculationDate": "20210510",
        "outstanding": 268380.0
    },
    {
        "calculationDate": "20210322",
        "outstanding": 131405.0
    },
    {
        "calculationDate": "20200323",
        "outstanding": 17950.0
    },
    {
        "calculationDate": "20200213",
        "outstanding": 104666.0
    },
    {
        "calculationDate": "20210218",
        "outstanding": 54172.0
    },
    {
        "calculationDate": "20210503",
        "outstanding": 222629.0
    },
    {
        "calculationDate": "20200326",
        "outstanding": 0.0
    },
    {
        "calculationDate": "20210308",
        "outstanding": 82210.0
    },
    {
        "calculationDate": "20200220",
        "outstanding": 116187.0
    },
    {
        "calculationDate": "20201224",
        "outstanding": 78866.0
    },
    {
        "calculationDate": "20210225",
        "outstanding": 61820.0
    },
    {
        "calculationDate": "20201210",
        "outstanding": 66014.0
    },
    {
        "calculationDate": "20210603",
        "outstanding": 343405.0
    },
    {
        "calculationDate": "20200511",
        "outstanding": 0.0
    },
    {
        "calculationDate": "20210128",
        "outstanding": 150500.0
    },
    {
        "calculationDate": "20200625",
        "outstanding": 0.0
    },
    {
        "calculationDate": "20210426",
        "outstanding": 165904.0
    },
    {
        "calculationDate": "20200406",
        "outstanding": 0.0
    },
    {
        "calculationDate": "20210118",
        "outstanding": 110942.0
    },
    {
        "calculationDate": "20200806",
        "outstanding": 174253.0
    },
    {
        "calculationDate": "20200116",
        "outstanding": 189377.0
    },
    {
        "calculationDate": "20200629",
        "outstanding": 670.0
    },
    {
        "calculationDate": "20210215",
        "outstanding": 27809.0
    },
    {
        "calculationDate": "20200130",
        "outstanding": 179000.0
    },
    {
        "calculationDate": "20210531",
        "outstanding": 333313.0
    },
    {
        "calculationDate": "20201029",
        "outstanding": 454689.0
    },
    {
        "calculationDate": "20201231",
        "outstanding": 84739.0
    },
    {
        "calculationDate": "20200604",
        "outstanding": 1997.0
    },
    {
        "calculationDate": "20210517",
        "outstanding": 288738.0
    },
    {
        "calculationDate": "20210524",
        "outstanding": 312684.0
    },
    {
        "calculationDate": "20210107",
        "outstanding": 100467.0
    },
    {
        "calculationDate": "20210419",
        "outstanding": 156493.0
    },
    {
        "calculationDate": "20210513",
        "outstanding": 282080.0
    },
    {
        "calculationDate": "20200730",
        "outstanding": 193715.0
    },
    {
        "calculationDate": "20200817",
        "outstanding": 155141.0
    },
    {
        "calculationDate": "20200820",
        "outstanding": 167558.0
    },
    {
        "calculationDate": "20200330",
        "outstanding": 0.0
    },
    {
        "calculationDate": "20201130",
        "outstanding": 47943.0
    },
    {
        "calculationDate": "20200803",
        "outstanding": 229273.0
    }
]