[
    {
        "calculationDate": "20180215",
        "outstanding": 0.0
    },
    {
        "calculationDate": "20180716",
        "outstanding": 49996.0
    },
    {
        "calculationDate": "20180803",
        "outstanding": 47991.0
    },
    {
        "calculationDate": "20180125",
        "outstanding": 16031.0
    },
    {
        "calculationDate": "20180927",
        "outstanding": 0.0
    },
    {
        "calculationDate": "20180516",
        "outstanding": 0.0
    },
    {
        "calculationDate": "20180726",
        "outstanding": 50491.0
    },
    {
        "calculationDate": "20180212",
        "outstanding": 0.0
    },
    {
        "calculationDate": "20180621",
        "outstanding": 50496.0
    },
    {
        "calculationDate": "20180611",
        "outstanding": 50000.0
    },
    {
        "calculationDate": "20180807",
        "outstanding": 47991.0
    },
    {
        "calculationDate": "20180712",
        "outstanding": 0.0
    },
    {
        "calculationDate": "20180813",
        "outstanding": 0.0
    },
    {
        "calculationDate": "20180522",
        "outstanding": 0.0
    },
    {
        "calculationDate": "20180809",
        "outstanding": 48891.0
    },
    {
        "calculationDate": "20180318",
        "outstanding": 0.0
    },
    {
        "calculationDate": "20180122",
        "outstanding": 2490.0
    },
    {
        "calculationDate": "20180129",
        "outstanding": 21031.0
    },
    {
        "calculationDate": "20180205",
        "outstanding": 28618.0
    },
    {
        "calculationDate": "20180208",
        "outstanding": 0.0
    }
]