[
    {
        "calculationDate": "20220503",
        "outstanding": 0.0
    },
    {
        "calculationDate": "20220504",
        "outstanding": 1490.0
    },
    {
        "calculationDate": "20211207",
        "outstanding": 0.0
    },
    {
        "calculationDate": "20230314",
        "outstanding": 0.0
    },
    {
        "calculationDate": "20220419",
        "outstanding": 11444.0
    },
    {
        "calculationDate": "20230326",
        "outstanding": 0.0
    },
    {
        "calculationDate": "20211101",
        "outstanding": 0.0
    },
    {
        "calculationDate": "20220921",
        "outstanding": 11721.0
    },
    {
        "calculationDate": "20230427",
        "outstanding": 0.0
    },
    {
        "calculationDate": "20230604",
        "outstanding": 0.0
    },
    {
        "calculationDate": "20221003",
        "outstanding": 0.0
    },
    {
        "calculationDate": "20230507",
        "outstanding": 0.0
    },
    {
        "calculationDate": "20220407",
        "outstanding": 26444.0
    },
    {
        "calculationDate": "20230606",
        "outstanding": 0.0
    },
    {
        "calculationDate": "20220309",
        "outstanding": 0.0
    },
    {
        "calculationDate": "20220324",
        "outstanding": 0.0
    },
    {
        "calculationDate": "20221110",
        "outstanding": 36.33
    },
    {
        "calculationDate": "20230611",
        "outstanding": 0.0
    },
    {
        "calculationDate": "20211211",
        "outstanding": 0.0
    },
    {
        "calculationDate": "20210802",
        "outstanding": 0.0
    },
    {
        "calculationDate": "20220606",
        "outstanding": 0.0
    },
    {
        "calculationDate": "20230601",
        "outstanding": 0.0
    },
    {
        "calculationDate": "20220207",
        "outstanding": 0.0
    },
    {
        "calculationDate": "20220704",
        "outstanding": 0.0
    },
    {
        "calculationDate": "20230404",
        "outstanding": 0.0
    },
    {
        "calculationDate": "20220802",
        "outstanding": 0.0
    },
    {
        "calculationDate": "20220923",
        "outstanding": 0.0
    },
    {
        "calculationDate": "20230423",
        "outstanding": 0.0
    },
    {
        "calculationDate": "20210506",
        "outstanding": 1490.0
    },
    {
        "calculationDate": "20230402",
        "outstanding": 0.0
    },
    {
        "calculationDate": "20220905",
        "outstanding": 0.0
    },
    {
        "calculationDate": "20220909",
        "outstanding": 0.0
    },
    {
        "calculationDate": "20220408",
        "outstanding": 26444.0
    },
    {
        "calculationDate": "20210517",
        "outstanding": 0.0
    },
    {
        "calculationDate": "20220509",
        "outstanding": 0.0
    },
    {
        "calculationDate": "20220831",
        "outstanding": 4895.0
    },
    {
        "calculationDate": "20221113",
        "outstanding": 36.33
    },
    {
        "calculationDate": "20230504",
        "outstanding": 0.0
    },
    {
        "calculationDate": "20210705",
        "outstanding": 0.0
    },
    {
        "calculationDate": "20220829",
        "outstanding": 2751.0
    },
    {
        "calculationDate": "20210906",
        "outstanding": 0.0
    },
    {
        "calculationDate": "20230430",
        "outstanding": 0.0
    },
    {
        "calculationDate": "20230509",
        "outstanding": 0.0
    },
    {
        "calculationDate": "20220405",
        "outstanding": 0.0
    },
    {
        "calculationDate": "20230514",
        "outstanding": 0.0
    },
    {
        "calculationDate": "20220826",
        "outstanding": 90.0
    },
    {
        "calculationDate": "20220926",
        "outstanding": 0.0
    },
    {
        "calculationDate": "20220820",
        "outstanding": 0.0
    },
    {
        "calculationDate": "20230502",
        "outstanding": 0.0
    },
    {
        "calculationDate": "20230316",
        "outstanding": 46518.83
    },
    {
        "calculationDate": "20210503",
        "outstanding": 0.0
    },
    {
        "calculationDate": "20220902",
        "outstanding": 0.0
    },
    {
        "calculationDate": "20230425",
        "outstanding": 0.0
    },
    {
        "calculationDate": "20230406",
        "outstanding": 0.0
    },
    {
        "calculationDate": "20230319",
        "outstanding": 46518.83
    },
    {
        "calculationDate": "20230511",
        "outstanding": 0.0
    },
    {
        "calculationDate": "20211004",
        "outstanding": 0.0
    },
    {
        "calculationDate": "20220103",
        "outstanding": 0.0
    },
    {
        "calculationDate": "20230613",
        "outstanding": 0.0
    }
]