[
    {
        "calculationDate": "20180308",
        "outstanding": 87968.0
    },
    {
        "calculationDate": "20170824",
        "outstanding": 78617.0
    },
    {
        "calculationDate": "20180412",
        "outstanding": 173668.0
    },
    {
        "calculationDate": "20190222",
        "outstanding": 626000.0
    },
    {
        "calculationDate": "20210222",
        "outstanding": 77783.0
    },
    {
        "calculationDate": "20190301",
        "outstanding": 633895.0
    },
    {
        "calculationDate": "20190524",
        "outstanding": 49750.0
    },
    {
        "calculationDate": "20180125",
        "outstanding": 34136.0
    },
    {
        "calculationDate": "20210712",
        "outstanding": 236958.0
    },
    {
        "calculationDate": "20210802",
        "outstanding": 582309.0
    },
    {
        "calculationDate": "20200402",
        "outstanding": 2286.0
    },
    {
        "calculationDate": "20190426",
        "outstanding": 500665.0
    },
    {
        "calculationDate": "20210715",
        "outstanding": 573413.0
    },
    {
        "calculationDate": "20210805",
        "outstanding": 584285.0
    },
    {
        "calculationDate": "20190221",
        "outstanding": 608924.0
    },
    {
        "calculationDate": "20210128",
        "outstanding": 4933.0
    },
    {
        "calculationDate": "20200102",
        "outstanding": 484087.0
    },
    {
        "calculationDate": "20201203",
        "outstanding": 336041.0
    },
    {
        "calculationDate": "20180406",
        "outstanding": 92032.0
    },
    {
        "calculationDate": "20180716",
        "outstanding": 50000.0
    },
    {
        "calculationDate": "20181105",
        "outstanding": 397878.0
    },
    {
        "calculationDate": "20210916",
        "outstanding": 0.0
    },
    {
        "calculationDate": "20190708",
        "outstanding": 50000.0
    },
    {
        "calculationDate": "20171127",
        "outstanding": 79249.0
    },
    {
        "calculationDate": "20170803",
        "outstanding": 7764.0
    },
    {
        "calculationDate": "20190326",
        "outstanding": 653865.0
    },
    {
        "calculationDate": "20180904",
        "outstanding": 72105.0
    },
    {
        "calculationDate": "20200423",
        "outstanding": 76731.0
    },
    {
        "calculationDate": "20201120",
        "outstanding": 176481.0
    },
    {
        "calculationDate": "20180314",
        "outstanding": 80943.0
    },
    {
        "calculationDate": "20170706",
        "outstanding": 35427.0
    },
    {
        "calculationDate": "20181220",
        "outstanding": 49330.0
    },
    {
        "calculationDate": "20200601",
        "outstanding": 161024.0
    },
    {
        "calculationDate": "20190131",
        "outstanding": 357763.0
    },
    {
        "calculationDate": "20210531",
        "outstanding": 120949.0
    },
    {
        "calculationDate": "20170424",
        "outstanding": 81293.0
    },
    {
        "calculationDate": "20210301",
        "outstanding": 83307.0
    },
    {
        "calculationDate": "20180401",
        "outstanding": 92032.0
    },
    {
        "calculationDate": "20170323",
        "outstanding": 1044.0
    },
    {
        "calculationDate": "20210617",
        "outstanding": 198821.0
    },
    {
        "calculationDate": "20190930",
        "outstanding": 569142.0
    },
    {
        "calculationDate": "20180328",
        "outstanding": 41784.0
    },
    {
        "calculationDate": "20180325",
        "outstanding": 38425.0
    },
    {
        "calculationDate": "20190715",
        "outstanding": 339400.0
    },
    {
        "calculationDate": "20170608",
        "outstanding": 90528.0
    },
    {
        "calculationDate": "20170327",
        "outstanding": 8170.0
    },
    {
        "calculationDate": "20170413",
        "outstanding": 21533.0
    },
    {
        "calculationDate": "20191007",
        "outstanding": 580890.0
    },
    {
        "calculationDate": "20190315",
        "outstanding": 688265.0
    },
    {
        "calculationDate": "20210201",
        "outstanding": 9437.0
    },
    {
        "calculationDate": "20201102",
        "outstanding": 106727.0
    },
    {
        "calculationDate": "20170710",
        "outstanding": 35927.0
    },
    {
        "calculationDate": "20190124",
        "outstanding": 48320.0
    },
    {
        "calculationDate": "20180712",
        "outstanding": 50000.0
    },
    {
        "calculationDate": "20201126",
        "outstanding": 334583.0
    },
    {
        "calculationDate": "20200810",
        "outstanding": 139854.0
    },
    {
        "calculationDate": "20180607",
        "outstanding": 115470.0
    },
    {
        "calculationDate": "20180726",
        "outstanding": 49837.0
    },
    {
        "calculationDate": "20190704",
        "outstanding": 0.0
    },
    {
        "calculationDate": "20200910",
        "outstanding": 295746.0
    },
    {
        "calculationDate": "20170612",
        "outstanding": 94978.0
    },
    {
        "calculationDate": "20180219",
        "outstanding": 79142.0
    },
    {
        "calculationDate": "20200427",
        "outstanding": 78595.0
    },
    {
        "calculationDate": "20200806",
        "outstanding": 138080.0
    },
    {
        "calculationDate": "20181004",
        "outstanding": 426583.0
    },
    {
        "calculationDate": "20190527",
        "outstanding": 0.0
    },
    {
        "calculationDate": "20200622",
        "outstanding": 211024.0
    },
    {
        "calculationDate": "20180528",
        "outstanding": 10007.0
    },
    {
        "calculationDate": "20210520",
        "outstanding": 99659.0
    },
    {
        "calculationDate": "20190902",
        "outstanding": 450085.0
    },
    {
        "calculationDate": "20210621",
        "outstanding": 199503.0
    },
    {
        "calculationDate": "20180625",
        "outstanding": 95465.0
    },
    {
        "calculationDate": "20200514",
        "outstanding": 158118.0
    },
    {
        "calculationDate": "20200831",
        "outstanding": 244878.0
    },
    {
        "calculationDate": "20201029",
        "outstanding": 95794.0
    },
    {
        "calculationDate": "20180124",
        "outstanding": 32456.0
    },
    {
        "calculationDate": "20190226",
        "outstanding": 658380.0
    },
    {
        "calculationDate": "20190718",
        "outstanding": 363757.0
    },
    {
        "calculationDate": "20180512",
        "outstanding": 143917.0
    },
    {
        "calculationDate": "20181217",
        "outstanding": 0.0
    },
    {
        "calculationDate": "20180525",
        "outstanding": 7431.0
    },
    {
        "calculationDate": "20200109",
        "outstanding": 484087.0
    },
    {
        "calculationDate": "20180223",
        "outstanding": 82125.0
    },
    {
        "calculationDate": "20200123",
        "outstanding": 50000.0
    },
    {
        "calculationDate": "20170928",
        "outstanding": 52000.0
    },
    {
        "calculationDate": "20200326",
        "outstanding": 0.0
    },
    {
        "calculationDate": "20210225",
        "outstanding": 79778.0
    },
    {
        "calculationDate": "20200903",
        "outstanding": 245746.0
    },
    {
        "calculationDate": "20171023",
        "outstanding": 1837.0
    },
    {
        "calculationDate": "20170518",
        "outstanding": 77564.0
    },
    {
        "calculationDate": "20210405",
        "outstanding": 329952.0
    },
    {
        "calculationDate": "20190829",
        "outstanding": 434077.0
    },
    {
        "calculationDate": "20200409",
        "outstanding": 55710.0
    },
    {
        "calculationDate": "20200309",
        "outstanding": 50000.0
    },
    {
        "calculationDate": "20190218",
        "outstanding": 608924.0
    },
    {
        "calculationDate": "20180925",
        "outstanding": 433376.0
    },
    {
        "calculationDate": "20201228",
        "outstanding": 366741.0
    },
    {
        "calculationDate": "20180301",
        "outstanding": 83081.0
    },
    {
        "calculationDate": "20170622",
        "outstanding": 79047.0
    },
    {
        "calculationDate": "20210329",
        "outstanding": 308088.0
    },
    {
        "calculationDate": "20210513",
        "outstanding": 60744.0
    },
    {
        "calculationDate": "20200921",
        "outstanding": 286946.0
    },
    {
        "calculationDate": "20201022",
        "outstanding": 86857.0
    },
    {
        "calculationDate": "20200713",
        "outstanding": 6033.0
    },
    {
        "calculationDate": "20170403",
        "outstanding": 0.0
    },
    {
        "calculationDate": "20170615",
        "outstanding": 90878.0
    },
    {
        "calculationDate": "20190808",
        "outstanding": 442036.0
    },
    {
        "calculationDate": "20190819",
        "outstanding": 430924.0
    },
    {
        "calculationDate": "20170828",
        "outstanding": 80147.0
    },
    {
        "calculationDate": "20210624",
        "outstanding": 200523.0
    },
    {
        "calculationDate": "20200220",
        "outstanding": 0.0
    },
    {
        "calculationDate": "20190208",
        "outstanding": 405522.0
    },
    {
        "calculationDate": "20191021",
        "outstanding": 136569.0
    },
    {
        "calculationDate": "20200709",
        "outstanding": 0.0
    },
    {
        "calculationDate": "20180827",
        "outstanding": 50000.0
    },
    {
        "calculationDate": "20190805",
        "outstanding": 440367.0
    },
    {
        "calculationDate": "20171016",
        "outstanding": 0.0
    },
    {
        "calculationDate": "20180307",
        "outstanding": 84575.0
    },
    {
        "calculationDate": "20200413",
        "outstanding": 57288.0
    },
    {
        "calculationDate": "20180321",
        "outstanding": 86403.0
    },
    {
        "calculationDate": "20170330",
        "outstanding": 10000.0
    },
    {
        "calculationDate": "20201106",
        "outstanding": 109955.0
    },
    {
        "calculationDate": "20190305",
        "outstanding": 635733.0
    },
    {
        "calculationDate": "20180118",
        "outstanding": 50399.0
    },
    {
        "calculationDate": "20201019",
        "outstanding": 59936.0
    },
    {
        "calculationDate": "20181009",
        "outstanding": 413853.0
    },
    {
        "calculationDate": "20161229",
        "outstanding": 1090.0
    },
    {
        "calculationDate": "20200130",
        "outstanding": 108461.0
    },
    {
        "calculationDate": "20200303",
        "outstanding": 825.0
    },
    {
        "calculationDate": "20170810",
        "outstanding": 21237.0
    },
    {
        "calculationDate": "20171207",
        "outstanding": 300752.0
    },
    {
        "calculationDate": "20200305",
        "outstanding": 0.0
    },
    {
        "calculationDate": "20170410",
        "outstanding": 16500.0
    },
    {
        "calculationDate": "20190225",
        "outstanding": 656968.0
    },
    {
        "calculationDate": "20200518",
        "outstanding": 163360.0
    },
    {
        "calculationDate": "20191024",
        "outstanding": 149402.0
    },
    {
        "calculationDate": "20210318",
        "outstanding": 317588.0
    },
    {
        "calculationDate": "20190412",
        "outstanding": 654765.0
    },
    {
        "calculationDate": "20201001",
        "outstanding": 286946.0
    },
    {
        "calculationDate": "20190419",
        "outstanding": 589765.0
    },
    {
        "calculationDate": "20200521",
        "outstanding": 159869.0
    },
    {
        "calculationDate": "20180914",
        "outstanding": 50000.0
    },
    {
        "calculationDate": "20210506",
        "outstanding": 0.0
    },
    {
        "calculationDate": "20170525",
        "outstanding": 81212.0
    },
    {
        "calculationDate": "20180419",
        "outstanding": 171407.0
    },
    {
        "calculationDate": "20171214",
        "outstanding": 307641.0
    },
    {
        "calculationDate": "20200416",
        "outstanding": 60983.0
    },
    {
        "calculationDate": "20200716",
        "outstanding": 50664.0
    },
    {
        "calculationDate": "20171012",
        "outstanding": 0.0
    },
    {
        "calculationDate": "20180802",
        "outstanding": 49887.0
    },
    {
        "calculationDate": "20210412",
        "outstanding": 352452.0
    },
    {
        "calculationDate": "20170406",
        "outstanding": 1101.0
    },
    {
        "calculationDate": "20171026",
        "outstanding": 7135.0
    },
    {
        "calculationDate": "20200813",
        "outstanding": 144524.0
    },
    {
        "calculationDate": "20171113",
        "outstanding": 240007.0
    },
    {
        "calculationDate": "20180706",
        "outstanding": 0.0
    },
    {
        "calculationDate": "20200720",
        "outstanding": 110867.0
    },
    {
        "calculationDate": "20190509",
        "outstanding": 0.0
    },
    {
        "calculationDate": "20190606",
        "outstanding": 50000.0
    },
    {
        "calculationDate": "20201110",
        "outstanding": 161657.0
    },
    {
        "calculationDate": "20170106",
        "outstanding": 0.0
    },
    {
        "calculationDate": "20180906",
        "outstanding": 0.0
    },
    {
        "calculationDate": "20180510",
        "outstanding": 138636.0
    },
    {
        "calculationDate": "20191010",
        "outstanding": 0.0
    },
    {
        "calculationDate": "20180430",
        "outstanding": 123665.0
    },
    {
        "calculationDate": "20190923",
        "outstanding": 536636.0
    },
    {
        "calculationDate": "20200615",
        "outstanding": 211024.0
    },
    {
        "calculationDate": "20191215",
        "outstanding": 482897.0
    },
    {
        "calculationDate": "20190722",
        "outstanding": 376836.0
    },
    {
        "calculationDate": "20210524",
        "outstanding": 113498.0
    },
    {
        "calculationDate": "20180503",
        "outstanding": 136010.0
    },
    {
        "calculationDate": "20170529",
        "outstanding": 82325.0
    },
    {
        "calculationDate": "20190815",
        "outstanding": 428836.0
    },
    {
        "calculationDate": "20210104",
        "outstanding": 366741.0
    },
    {
        "calculationDate": "20161227",
        "outstanding": 1090.0
    },
    {
        "calculationDate": "20171116",
        "outstanding": 318926.0
    },
    {
        "calculationDate": "20210927",
        "outstanding": 0.0
    },
    {
        "calculationDate": "20210603",
        "outstanding": 123579.0
    },
    {
        "calculationDate": "20191031",
        "outstanding": 239690.0
    },
    {
        "calculationDate": "20210208",
        "outstanding": 67758.0
    },
    {
        "calculationDate": "20210527",
        "outstanding": 116313.0
    },
    {
        "calculationDate": "20200204",
        "outstanding": 111794.0
    },
    {
        "calculationDate": "20210708",
        "outstanding": 225708.0
    },
    {
        "calculationDate": "20171208",
        "outstanding": 303045.0
    },
    {
        "calculationDate": "20190610",
        "outstanding": 54580.0
    },
    {
        "calculationDate": "20201123",
        "outstanding": 294332.0
    },
    {
        "calculationDate": "20190213",
        "outstanding": 584075.0
    },
    {
        "calculationDate": "20170907",
        "outstanding": 80928.0
    },
    {
        "calculationDate": "20180226",
        "outstanding": 86373.0
    },
    {
        "calculationDate": "20171030",
        "outstanding": 8880.0
    },
    {
        "calculationDate": "20201130",
        "outstanding": 336041.0
    },
    {
        "calculationDate": "20180115",
        "outstanding": 0.0
    },
    {
        "calculationDate": "20200723",
        "outstanding": 116843.0
    },
    {
        "calculationDate": "20210426",
        "outstanding": 368252.0
    },
    {
        "calculationDate": "20200525",
        "outstanding": 161024.0
    },
    {
        "calculationDate": "20200127",
        "outstanding": 75898.0
    },
    {
        "calculationDate": "20201210",
        "outstanding": 386041.0
    },
    {
        "calculationDate": "20170511",
        "outstanding": 79310.0
    },
    {
        "calculationDate": "20201026",
        "outstanding": 96434.0
    },
    {
        "calculationDate": "20200217",
        "outstanding": 127072.0
    },
    {
        "calculationDate": "20190916",
        "outstanding": 507124.0
    },
    {
        "calculationDate": "20180424",
        "outstanding": 168293.0
    },
    {
        "calculationDate": "20191017",
        "outstanding": 121335.0
    },
    {
        "calculationDate": "20190121",
        "outstanding": 0.0
    },
    {
        "calculationDate": "20180918",
        "outstanding": 433376.0
    },
    {
        "calculationDate": "20200210",
        "outstanding": 118757.0
    },
    {
        "calculationDate": "20170703",
        "outstanding": 80727.0
    },
    {
        "calculationDate": "20201113",
        "outstanding": 161874.0
    },
    {
        "calculationDate": "20171228",
        "outstanding": 0.0
    },
    {
        "calculationDate": "20181029",
        "outstanding": 393378.0
    },
    {
        "calculationDate": "20180405",
        "outstanding": 168660.0
    },
    {
        "calculationDate": "20200827",
        "outstanding": 243686.0
    },
    {
        "calculationDate": "20190312",
        "outstanding": 688265.0
    },
    {
        "calculationDate": "20200803",
        "outstanding": 124177.0
    },
    {
        "calculationDate": "20180927",
        "outstanding": 425807.0
    },
    {
        "calculationDate": "20210204",
        "outstanding": 13948.0
    },
    {
        "calculationDate": "20201214",
        "outstanding": 386041.0
    },
    {
        "calculationDate": "20180112",
        "outstanding": 0.0
    },
    {
        "calculationDate": "20170601",
        "outstanding": 87216.0
    },
    {
        "calculationDate": "20180813",
        "outstanding": 46000.0
    },
    {
        "calculationDate": "20180621",
        "outstanding": 95465.0
    },
    {
        "calculationDate": "20181213",
        "outstanding": 217330.0
    },
    {
        "calculationDate": "20200420",
        "outstanding": 75268.0
    },
    {
        "calculationDate": "20210628",
        "outstanding": 200523.0
    },
    {
        "calculationDate": "20200120",
        "outstanding": 0.0
    },
    {
        "calculationDate": "20190503",
        "outstanding": 435411.0
    },
    {
        "calculationDate": "20170508",
        "outstanding": 79127.0
    },
    {
        "calculationDate": "20191124",
        "outstanding": 394697.0
    },
    {
        "calculationDate": "20170209",
        "outstanding": 0.0
    },
    {
        "calculationDate": "20200511",
        "outstanding": 102314.0
    },
    {
        "calculationDate": "20181011",
        "outstanding": 373853.0
    },
    {
        "calculationDate": "20210211",
        "outstanding": 71778.0
    },
    {
        "calculationDate": "20171002",
        "outstanding": 52000.0
    },
    {
        "calculationDate": "20190729",
        "outstanding": 387426.0
    },
    {
        "calculationDate": "20190402",
        "outstanding": 654765.0
    },
    {
        "calculationDate": "20180515",
        "outstanding": 0.0
    },
    {
        "calculationDate": "20200820",
        "outstanding": 211958.0
    },
    {
        "calculationDate": "20170831",
        "outstanding": 78692.0
    },
    {
        "calculationDate": "20191014",
        "outstanding": 105840.0
    },
    {
        "calculationDate": "20170605",
        "outstanding": 87535.0
    },
    {
        "calculationDate": "20170127",
        "outstanding": 0.0
    },
    {
        "calculationDate": "20191208",
        "outstanding": 394697.0
    },
    {
        "calculationDate": "20170818",
        "outstanding": 76558.0
    },
    {
        "calculationDate": "20210121",
        "outstanding": 0.0
    },
    {
        "calculationDate": "20170911",
        "outstanding": 75928.0
    },
    {
        "calculationDate": "20200430",
        "outstanding": 84935.0
    },
    {
        "calculationDate": "20180816",
        "outstanding": 0.0
    },
    {
        "calculationDate": "20200213",
        "outstanding": 120521.0
    },
    {
        "calculationDate": "20171109",
        "outstanding": 238308.0
    },
    {
        "calculationDate": "20191110",
        "outstanding": 406517.0
    },
    {
        "calculationDate": "20180426",
        "outstanding": 168872.0
    },
    {
        "calculationDate": "20180830",
        "outstanding": 45270.0
    },
    {
        "calculationDate": "20210218",
        "outstanding": 76759.0
    },
    {
        "calculationDate": "20191117",
        "outstanding": 406797.0
    },
    {
        "calculationDate": "20210510",
        "outstanding": 50000.0
    },
    {
        "calculationDate": "20210118",
        "outstanding": 278701.0
    },
    {
        "calculationDate": "20201015",
        "outstanding": 8115.0
    },
    {
        "calculationDate": "20190322",
        "outstanding": 688265.0
    },
    {
        "calculationDate": "20180215",
        "outstanding": 3280.0
    },
    {
        "calculationDate": "20181126",
        "outstanding": 477330.0
    },
    {
        "calculationDate": "20200406",
        "outstanding": 52286.0
    },
    {
        "calculationDate": "20210304",
        "outstanding": 143474.0
    },
    {
        "calculationDate": "20180202",
        "outstanding": 0.0
    },
    {
        "calculationDate": "20170922",
        "outstanding": 76828.0
    },
    {
        "calculationDate": "20181231",
        "outstanding": 50520.0
    },
    {
        "calculationDate": "20200730",
        "outstanding": 124004.0
    },
    {
        "calculationDate": "20191003",
        "outstanding": 571501.0
    },
    {
        "calculationDate": "20210607",
        "outstanding": 121385.0
    },
    {
        "calculationDate": "20170727",
        "outstanding": 0.0
    },
    {
        "calculationDate": "20201221",
        "outstanding": 386041.0
    },
    {
        "calculationDate": "20190912",
        "outstanding": 499607.0
    },
    {
        "calculationDate": "20170522",
        "outstanding": 78285.0
    },
    {
        "calculationDate": "20190514",
        "outstanding": 0.0
    },
    {
        "calculationDate": "20210419",
        "outstanding": 352452.0
    },
    {
        "calculationDate": "20170821",
        "outstanding": 79249.0
    },
    {
        "calculationDate": "20200504",
        "outstanding": 87449.0
    },
    {
        "calculationDate": "20200116",
        "outstanding": 320467.0
    },
    {
        "calculationDate": "20210422",
        "outstanding": 379952.0
    },
    {
        "calculationDate": "20170814",
        "outstanding": 22695.0
    },
    {
        "calculationDate": "20181206",
        "outstanding": 477330.0
    },
    {
        "calculationDate": "20210311",
        "outstanding": 317588.0
    },
    {
        "calculationDate": "20200727",
        "outstanding": 118263.0
    },
    {
        "calculationDate": "20200907",
        "outstanding": 295746.0
    },
    {
        "calculationDate": "20200507",
        "outstanding": 100705.0
    },
    {
        "calculationDate": "20171218",
        "outstanding": 264941.0
    },
    {
        "calculationDate": "20191226",
        "outstanding": 484087.0
    },
    {
        "calculationDate": "20200206",
        "outstanding": 115096.0
    },
    {
        "calculationDate": "20180416",
        "outstanding": 177069.0
    },
    {
        "calculationDate": "20210819",
        "outstanding": 0.0
    },
    {
        "calculationDate": "20170619",
        "outstanding": 77062.0
    },
    {
        "calculationDate": "20201008",
        "outstanding": 0.0
    },
    {
        "calculationDate": "20200629",
        "outstanding": 211024.0
    },
    {
        "calculationDate": "20180318",
        "outstanding": 85444.0
    },
    {
        "calculationDate": "20161124",
        "outstanding": 0.0
    },
    {
        "calculationDate": "20180129",
        "outstanding": 13395.0
    },
    {
        "calculationDate": "20180311",
        "outstanding": 85646.0
    },
    {
        "calculationDate": "20210729",
        "outstanding": 578504.0
    },
    {
        "calculationDate": "20190919",
        "outstanding": 534828.0
    },
    {
        "calculationDate": "20200817",
        "outstanding": 197840.0
    },
    {
        "calculationDate": "20210111",
        "outstanding": 366741.0
    },
    {
        "calculationDate": "20181018",
        "outstanding": 383378.0
    },
    {
        "calculationDate": "20190905",
        "outstanding": 437028.0
    },
    {
        "calculationDate": "20190308",
        "outstanding": 686089.0
    },
    {
        "calculationDate": "20181112",
        "outstanding": 492430.0
    },
    {
        "calculationDate": "20190701",
        "outstanding": 54540.0
    },
    {
        "calculationDate": "20181108",
        "outstanding": 442430.0
    },
    {
        "calculationDate": "20180614",
        "outstanding": 102465.0
    },
    {
        "calculationDate": "20210308",
        "outstanding": 316180.0
    },
    {
        "calculationDate": "20170627",
        "outstanding": 80727.0
    },
    {
        "calculationDate": "20210816",
        "outstanding": 94285.0
    },
    {
        "calculationDate": "20180205",
        "outstanding": 0.0
    },
    {
        "calculationDate": "20170713",
        "outstanding": 0.0
    },
    {
        "calculationDate": "20171123",
        "outstanding": 320752.0
    },
    {
        "calculationDate": "20190430",
        "outstanding": 389665.0
    },
    {
        "calculationDate": "20170417",
        "outstanding": 23341.0
    },
    {
        "calculationDate": "20200824",
        "outstanding": 214264.0
    },
    {
        "calculationDate": "20181012",
        "outstanding": 373853.0
    },
    {
        "calculationDate": "20190909",
        "outstanding": 487028.0
    },
    {
        "calculationDate": "20210215",
        "outstanding": 74532.0
    },
    {
        "calculationDate": "20171019",
        "outstanding": 235.0
    },
    {
        "calculationDate": "20210517",
        "outstanding": 83505.0
    },
    {
        "calculationDate": "20170914",
        "outstanding": 76828.0
    },
    {
        "calculationDate": "20190926",
        "outstanding": 553769.0
    }
]