[
    {
        "calculationDate": "20221215",
        "outstanding": 33552.3
    },
    {
        "calculationDate": "20230421",
        "outstanding": 18431.84
    },
    {
        "calculationDate": "20221123",
        "outstanding": 30000.0
    },
    {
        "calculationDate": "20220907",
        "outstanding": 7994.0
    },
    {
        "calculationDate": "20221004",
        "outstanding": 5000.0
    },
    {
        "calculationDate": "20230203",
        "outstanding": 14188.31
    },
    {
        "calculationDate": "20230418",
        "outstanding": 24806.24
    },
    {
        "calculationDate": "20220906",
        "outstanding": 8002.0
    },
    {
        "calculationDate": "20220810",
        "outstanding": 0.0
    },
    {
        "calculationDate": "20230502",
        "outstanding": 16354.34
    },
    {
        "calculationDate": "20221030",
        "outstanding": 4989.0
    },
    {
        "calculationDate": "20220901",
        "outstanding": 574.0
    },
    {
        "calculationDate": "20220709",
        "outstanding": 24187.0
    },
    {
        "calculationDate": "20220902",
        "outstanding": 5000.0
    },
    {
        "calculationDate": "20230417",
        "outstanding": 25000.0
    },
    {
        "calculationDate": "20230317",
        "outstanding": 14686.31
    },
    {
        "calculationDate": "20230202",
        "outstanding": 46968.48
    },
    {
        "calculationDate": "20220719",
        "outstanding": 24908.0
    },
    {
        "calculationDate": "20221027",
        "outstanding": 5089.0
    },
    {
        "calculationDate": "20220914",
        "outstanding": 0.0
    },
    {
        "calculationDate": "20220703",
        "outstanding": 0.0
    },
    {
        "calculationDate": "20230204",
        "outstanding": 14188.31
    },
    {
        "calculationDate": "20221015",
        "outstanding": 5000.0
    },
    {
        "calculationDate": "20230304",
        "outstanding": 14686.31
    },
    {
        "calculationDate": "20230303",
        "outstanding": 14686.31
    },
    {
        "calculationDate": "20230126",
        "outstanding": 45133.93
    },
    {
        "calculationDate": "20230129",
        "outstanding": 45033.93
    },
    {
        "calculationDate": "20221003",
        "outstanding": 5008.0
    },
    {
        "calculationDate": "20230115",
        "outstanding": 46156.26
    }
]