[
    {
        "calculationDate": "20210924",
        "outstanding": 6523.0
    },
    {
        "calculationDate": "20220405",
        "outstanding": 16339.0
    },
    {
        "calculationDate": "20220204",
        "outstanding": 0.0
    },
    {
        "calculationDate": "20220119",
        "outstanding": 23462.0
    },
    {
        "calculationDate": "20220502",
        "outstanding": 20712.0
    },
    {
        "calculationDate": "20211221",
        "outstanding": 12914.0
    },
    {
        "calculationDate": "20220327",
        "outstanding": 2416.0
    },
    {
        "calculationDate": "20220604",
        "outstanding": 0.0
    },
    {
        "calculationDate": "20220602",
        "outstanding": 2135.0
    },
    {
        "calculationDate": "20210909",
        "outstanding": 3867.0
    },
    {
        "calculationDate": "20210923",
        "outstanding": 6523.0
    },
    {
        "calculationDate": "20210908",
        "outstanding": 2072.0
    },
    {
        "calculationDate": "20210926",
        "outstanding": 0.0
    },
    {
        "calculationDate": "20220118",
        "outstanding": 20419.0
    },
    {
        "calculationDate": "20220117",
        "outstanding": 20091.0
    },
    {
        "calculationDate": "20220501",
        "outstanding": 20712.0
    },
    {
        "calculationDate": "20220120",
        "outstanding": 23462.0
    },
    {
        "calculationDate": "20220128",
        "outstanding": 26668.0
    },
    {
        "calculationDate": "20220601",
        "outstanding": 2135.0
    },
    {
        "calculationDate": "20211029",
        "outstanding": 12530.0
    },
    {
        "calculationDate": "20220326",
        "outstanding": 2416.0
    },
    {
        "calculationDate": "20220329",
        "outstanding": 14501.0
    },
    {
        "calculationDate": "20220224",
        "outstanding": 0.0
    },
    {
        "calculationDate": "20220423",
        "outstanding": 21412.0
    },
    {
        "calculationDate": "20220109",
        "outstanding": 21091.0
    },
    {
        "calculationDate": "20211201",
        "outstanding": 2566.0
    },
    {
        "calculationDate": "20220330",
        "outstanding": 14956.0
    },
    {
        "calculationDate": "20211027",
        "outstanding": 8694.0
    },
    {
        "calculationDate": "20220528",
        "outstanding": 1475.0
    },
    {
        "calculationDate": "20220110",
        "outstanding": 21091.0
    },
    {
        "calculationDate": "20220107",
        "outstanding": 19720.0
    },
    {
        "calculationDate": "20210906",
        "outstanding": 1173.0
    },
    {
        "calculationDate": "20220623",
        "outstanding": 0.0
    },
    {
        "calculationDate": "20220524",
        "outstanding": 21811.0
    },
    {
        "outstanding": 26668.0
    },
    {
        "calculationDate": "20220207",
        "outstanding": 0.0
    },
    {
        "calculationDate": "20220108",
        "outstanding": 19720.0
    },
    {
        "calculationDate": "20211026",
        "outstanding": 0.0
    },
    {
        "calculationDate": "20210927",
        "outstanding": 0.0
    },
    {
        "calculationDate": "20211223",
        "outstanding": 18309.0
    },
    {
        "calculationDate": "20220408",
        "outstanding": 21152.0
    },
    {
        "calculationDate": "20211205",
        "outstanding": 8237.0
    },
    {
        "calculationDate": "20220208",
        "outstanding": 0.0
    },
    {
        "calculationDate": "20210907",
        "outstanding": 1173.0
    },
    {
        "calculationDate": "20211124",
        "outstanding": 0.0
    },
    {
        "calculationDate": "20220406",
        "outstanding": 19633.0
    },
    {
        "calculationDate": "20220331",
        "outstanding": 14956.0
    },
    {
        "calculationDate": "20211116",
        "outstanding": 0.0
    },
    {
        "calculationDate": "20211123",
        "outstanding": 0.0
    },
    {
        "calculationDate": "20220316",
        "outstanding": 0.0
    },
    {
        "calculationDate": "20220424",
        "outstanding": 21412.0
    },
    {
        "calculationDate": "20211224",
        "outstanding": 18309.0
    },
    {
        "calculationDate": "20220203",
        "outstanding": 0.0
    },
    {
        "calculationDate": "20210914",
        "outstanding": 6403.0
    },
    {
        "calculationDate": "20211115",
        "outstanding": 0.0
    },
    {
        "calculationDate": "20220523",
        "outstanding": 21811.0
    },
    {
        "calculationDate": "20211222",
        "outstanding": 15014.0
    },
    {
        "calculationDate": "20220323",
        "outstanding": 0.0
    },
    {
        "calculationDate": "20220318",
        "outstanding": 0.0
    },
    {
        "calculationDate": "20210913",
        "outstanding": 6403.0
    },
    {
        "calculationDate": "20220605",
        "outstanding": 0.0
    },
    {
        "calculationDate": "20220624",
        "outstanding": 0.0
    },
    {
        "calculationDate": "20220407",
        "outstanding": 21152.0
    },
    {
        "calculationDate": "20211202",
        "outstanding": 2566.0
    },
    {
        "calculationDate": "20210910",
        "outstanding": 3867.0
    },
    {
        "calculationDate": "20220202",
        "outstanding": 30842.0
    },
    {
        "calculationDate": "20220324",
        "outstanding": 0.0
    },
    {
        "calculationDate": "20220201",
        "outstanding": 26793.0
    },
    {
        "calculationDate": "20220126",
        "outstanding": 25452.0
    },
    {
        "calculationDate": "20211028",
        "outstanding": 12530.0
    },
    {
        "calculationDate": "20220123",
        "outstanding": 24337.0
    },
    {
        "calculationDate": "20220529",
        "outstanding": 1475.0
    },
    {
        "calculationDate": "20220223",
        "outstanding": 0.0
    },
    {
        "calculationDate": "20220317",
        "outstanding": 0.0
    },
    {
        "calculationDate": "20220124",
        "outstanding": 24337.0
    },
    {
        "calculationDate": "20220328",
        "outstanding": 5341.0
    }
]