[
    {
        "calculationDate": "20180124",
        "outstanding": 7598.0
    },
    {
        "calculationDate": "20171201",
        "outstanding": 9468.0
    },
    {
        "calculationDate": "20171122",
        "outstanding": 9461.0
    },
    {
        "calculationDate": "20171125",
        "outstanding": 9468.0
    },
    {
        "calculationDate": "20181222",
        "outstanding": 3786.0
    },
    {
        "calculationDate": "20190101",
        "outstanding": 4787.0
    },
    {
        "calculationDate": "20190222",
        "outstanding": 2847.0
    },
    {
        "calculationDate": "20190321",
        "outstanding": 2555.0
    },
    {
        "calculationDate": "20180703",
        "outstanding": 9028.0
    },
    {
        "calculationDate": "20180810",
        "outstanding": 6202.0
    },
    {
        "calculationDate": "20171024",
        "outstanding": 0.0
    },
    {
        "calculationDate": "20180902",
        "outstanding": 3313.0
    },
    {
        "calculationDate": "20181005",
        "outstanding": 495.0
    },
    {
        "calculationDate": "20190105",
        "outstanding": 5431.0
    },
    {
        "calculationDate": "20180323",
        "outstanding": 8382.0
    },
    {
        "calculationDate": "20190121",
        "outstanding": 3806.0
    },
    {
        "calculationDate": "20190405",
        "outstanding": 10057.0
    },
    {
        "calculationDate": "20180316",
        "outstanding": 10274.0
    },
    {
        "calculationDate": "20181015",
        "outstanding": 5886.0
    },
    {
        "calculationDate": "20190218",
        "outstanding": 2822.0
    },
    {
        "calculationDate": "20181123",
        "outstanding": 5786.0
    },
    {
        "calculationDate": "20181227",
        "outstanding": 4366.0
    },
    {
        "calculationDate": "20180207",
        "outstanding": 7164.0
    },
    {
        "calculationDate": "20180623",
        "outstanding": 8959.0
    },
    {
        "calculationDate": "20180502",
        "outstanding": 6616.0
    },
    {
        "calculationDate": "20181022",
        "outstanding": 5886.0
    },
    {
        "calculationDate": "20180620",
        "outstanding": 8831.0
    },
    {
        "calculationDate": "20180521",
        "outstanding": 0.0
    },
    {
        "calculationDate": "20181107",
        "outstanding": 5886.0
    },
    {
        "calculationDate": "20190322",
        "outstanding": 9985.0
    },
    {
        "calculationDate": "20180602",
        "outstanding": 300.0
    },
    {
        "calculationDate": "20180403",
        "outstanding": 8453.0
    },
    {
        "calculationDate": "20170724",
        "outstanding": 0.0
    },
    {
        "calculationDate": "20180920",
        "outstanding": 0.0
    },
    {
        "calculationDate": "20180223",
        "outstanding": 6565.0
    },
    {
        "calculationDate": "20190203",
        "outstanding": 3822.0
    },
    {
        "calculationDate": "20181206",
        "outstanding": 5786.0
    },
    {
        "calculationDate": "20180111",
        "outstanding": 7738.0
    },
    {
        "calculationDate": "20190304",
        "outstanding": 2855.0
    },
    {
        "calculationDate": "20180313",
        "outstanding": 7095.0
    },
    {
        "calculationDate": "20180807",
        "outstanding": 6202.0
    },
    {
        "calculationDate": "20180923",
        "outstanding": 495.0
    },
    {
        "calculationDate": "20180821",
        "outstanding": 3284.0
    },
    {
        "calculationDate": "20180308",
        "outstanding": 6608.0
    },
    {
        "calculationDate": "20180603",
        "outstanding": 9831.0
    },
    {
        "calculationDate": "20180522",
        "outstanding": 0.0
    },
    {
        "calculationDate": "20180423",
        "outstanding": 6562.0
    },
    {
        "calculationDate": "20180816",
        "outstanding": 3202.0
    },
    {
        "calculationDate": "20190409",
        "outstanding": 0.0
    },
    {
        "calculationDate": "20171207",
        "outstanding": 9543.0
    },
    {
        "calculationDate": "20171227",
        "outstanding": 7669.0
    },
    {
        "calculationDate": "20170825",
        "outstanding": 0.0
    },
    {
        "calculationDate": "20180131",
        "outstanding": 7098.0
    },
    {
        "calculationDate": "20171220",
        "outstanding": 7543.0
    },
    {
        "calculationDate": "20180724",
        "outstanding": 6147.0
    }
]