[
    {
        "calculationDate": "20220313",
        "outstanding": 294.0
    },
    {
        "calculationDate": "20220317",
        "outstanding": 1900.0
    },
    {
        "calculationDate": "20220501",
        "outstanding": 47010.0
    },
    {
        "calculationDate": "20220329",
        "outstanding": 33396.0
    },
    {
        "calculationDate": "20220505",
        "outstanding": 47010.0
    },
    {
        "calculationDate": "20220403",
        "outstanding": 40535.0
    },
    {
        "calculationDate": "20220410",
        "outstanding": 45289.0
    },
    {
        "calculationDate": "20220324",
        "outstanding": 22664.0
    },
    {
        "calculationDate": "20220705",
        "outstanding": 45870.0
    },
    {
        "calculationDate": "20220630",
        "outstanding": 45870.0
    },
    {
        "calculationDate": "20220809",
        "outstanding": 11428.0
    },
    {
        "calculationDate": "20220728",
        "outstanding": 22648.0
    },
    {
        "calculationDate": "20220807",
        "outstanding": 12645.0
    },
    {
        "calculationDate": "20220105",
        "outstanding": 0.0
    },
    {
        "calculationDate": "20220628",
        "outstanding": 44691.0
    },
    {
        "calculationDate": "20220407",
        "outstanding": 44424.0
    },
    {
        "calculationDate": "20220710",
        "outstanding": 41260.0
    },
    {
        "calculationDate": "20220426",
        "outstanding": 46555.0
    },
    {
        "calculationDate": "20220904",
        "outstanding": 0.0
    },
    {
        "calculationDate": "20220714",
        "outstanding": 43779.0
    },
    {
        "calculationDate": "20220322",
        "outstanding": 14739.0
    },
    {
        "calculationDate": "20220811",
        "outstanding": 12329.0
    },
    {
        "calculationDate": "20220524",
        "outstanding": 43058.0
    },
    {
        "calculationDate": "20220712",
        "outstanding": 41785.0
    },
    {
        "calculationDate": "20220217",
        "outstanding": 0.0
    },
    {
        "calculationDate": "20220424",
        "outstanding": 46289.0
    },
    {
        "calculationDate": "20220405",
        "outstanding": 43095.0
    },
    {
        "calculationDate": "20220116",
        "outstanding": 0.0
    },
    {
        "calculationDate": "20220327",
        "outstanding": 28219.0
    },
    {
        "calculationDate": "20220109",
        "outstanding": 14990.0
    },
    {
        "calculationDate": "20220626",
        "outstanding": 44691.0
    },
    {
        "calculationDate": "20220726",
        "outstanding": 44969.0
    },
    {
        "calculationDate": "20220623",
        "outstanding": 44491.0
    },
    {
        "calculationDate": "20220331",
        "outstanding": 38303.0
    },
    {
        "calculationDate": "20220531",
        "outstanding": 44529.0
    },
    {
        "calculationDate": "20220320",
        "outstanding": 6857.0
    },
    {
        "calculationDate": "20220717",
        "outstanding": 44569.0
    },
    {
        "calculationDate": "20220215",
        "outstanding": 343.0
    },
    {
        "calculationDate": "20220814",
        "outstanding": 0.0
    },
    {
        "calculationDate": "20220306",
        "outstanding": 0.0
    },
    {
        "calculationDate": "20220315",
        "outstanding": 1467.0
    },
    {
        "calculationDate": "20220731",
        "outstanding": 22747.0
    },
    {
        "calculationDate": "20220605",
        "outstanding": 42491.0
    },
    {
        "calculationDate": "20220428",
        "outstanding": 45558.0
    },
    {
        "calculationDate": "20220526",
        "outstanding": 43258.0
    },
    {
        "calculationDate": "20220206",
        "outstanding": 343.0
    },
    {
        "calculationDate": "20220802",
        "outstanding": 12645.0
    }
]