[
    {
        "calculationDate": "20201201",
        "outstanding": 44490.0
    },
    {
        "calculationDate": "20201230",
        "outstanding": 50972.0
    },
    {
        "calculationDate": "20201019",
        "outstanding": 0.0
    },
    {
        "calculationDate": "20210719",
        "outstanding": 0.0
    },
    {
        "calculationDate": "20210201",
        "outstanding": 48491.0
    },
    {
        "calculationDate": "20201007",
        "outstanding": 0.0
    },
    {
        "calculationDate": "20201204",
        "outstanding": 49629.0
    },
    {
        "calculationDate": "20201014",
        "outstanding": 0.0
    },
    {
        "calculationDate": "20200829",
        "outstanding": 0.0
    },
    {
        "calculationDate": "20210601",
        "outstanding": 51033.0
    },
    {
        "calculationDate": "20201106",
        "outstanding": 0.0
    },
    {
        "calculationDate": "20210502",
        "outstanding": 46931.0
    },
    {
        "calculationDate": "20210321",
        "outstanding": 49988.0
    },
    {
        "calculationDate": "20210414",
        "outstanding": 49442.0
    },
    {
        "calculationDate": "20210330",
        "outstanding": 50114.0
    },
    {
        "calculationDate": "20200928",
        "outstanding": 39496.0
    },
    {
        "calculationDate": "20201001",
        "outstanding": 0.0
    },
    {
        "calculationDate": "20200911",
        "outstanding": 0.0
    },
    {
        "calculationDate": "20200808",
        "outstanding": 0.0
    },
    {
        "calculationDate": "20201031",
        "outstanding": 0.0
    },
    {
        "calculationDate": "20210820",
        "outstanding": 0.0
    },
    {
        "calculationDate": "20210402",
        "outstanding": 48346.0
    },
    {
        "calculationDate": "20201127",
        "outstanding": 48920.0
    },
    {
        "calculationDate": "20210419",
        "outstanding": 49170.0
    },
    {
        "calculationDate": "20201124",
        "outstanding": 19085.0
    },
    {
        "calculationDate": "20200814",
        "outstanding": 40272.0
    },
    {
        "calculationDate": "20210423",
        "outstanding": 49212.0
    },
    {
        "calculationDate": "20200811",
        "outstanding": 9290.0
    },
    {
        "calculationDate": "20210702",
        "outstanding": 48548.0
    },
    {
        "calculationDate": "20210630",
        "outstanding": 51091.0
    },
    {
        "calculationDate": "20210325",
        "outstanding": 49918.0
    },
    {
        "calculationDate": "20200901",
        "outstanding": 0.0
    },
    {
        "calculationDate": "20200913",
        "outstanding": 0.0
    },
    {
        "calculationDate": "20210822",
        "outstanding": 0.0
    },
    {
        "calculationDate": "20210313",
        "outstanding": 29808.0
    },
    {
        "calculationDate": "20210824",
        "outstanding": 0.0
    },
    {
        "calculationDate": "20210102",
        "outstanding": 48445.0
    },
    {
        "calculationDate": "20200823",
        "outstanding": 49253.0
    },
    {
        "calculationDate": "20210225",
        "outstanding": 50684.0
    },
    {
        "calculationDate": "20210517",
        "outstanding": 48746.0
    },
    {
        "calculationDate": "20210311",
        "outstanding": 0.0
    },
    {
        "calculationDate": "20210304",
        "outstanding": 49428.0
    }
]