[
    {
        "calculationDate": "20191128",
        "outstanding": 20000.0
    },
    {
        "calculationDate": "20200704",
        "outstanding": 19139.0
    },
    {
        "calculationDate": "20200210",
        "outstanding": 5.0
    },
    {
        "calculationDate": "20210113",
        "outstanding": 16845.0
    },
    {
        "calculationDate": "20201227",
        "outstanding": 10847.0
    },
    {
        "calculationDate": "20191216",
        "outstanding": 0.0
    },
    {
        "calculationDate": "20200711",
        "outstanding": 9207.0
    },
    {
        "calculationDate": "20200130",
        "outstanding": 2686.0
    },
    {
        "calculationDate": "20200708",
        "outstanding": 19139.0
    },
    {
        "calculationDate": "20200614",
        "outstanding": 9207.0
    },
    {
        "calculationDate": "20201230",
        "outstanding": 0.0
    },
    {
        "calculationDate": "20200609",
        "outstanding": 19139.0
    },
    {
        "calculationDate": "20191212",
        "outstanding": 10000.0
    },
    {
        "calculationDate": "20200123",
        "outstanding": 5361.0
    },
    {
        "calculationDate": "20210118",
        "outstanding": 23.0
    },
    {
        "calculationDate": "20200109",
        "outstanding": 5280.0
    },
    {
        "calculationDate": "20201106",
        "outstanding": 13757.0
    },
    {
        "calculationDate": "20200803",
        "outstanding": 0.0
    },
    {
        "calculationDate": "20200521",
        "outstanding": 20093.0
    },
    {
        "calculationDate": "20210125",
        "outstanding": 0.0
    },
    {
        "calculationDate": "20201203",
        "outstanding": 13757.0
    },
    {
        "calculationDate": "20200309",
        "outstanding": 0.0
    },
    {
        "calculationDate": "20201220"
    },
    {
        "calculationDate": "20191228",
        "outstanding": 0.0
    },
    {
        "calculationDate": "20201008",
        "outstanding": 27536.0
    },
    {
        "calculationDate": "20200206",
        "outstanding": 2002.0
    },
    {
        "calculationDate": "20200923",
        "outstanding": 10194.0
    },
    {
        "calculationDate": "20210109",
        "outstanding": 23.0
    },
    {
        "calculationDate": "20201219",
        "outstanding": 0.0
    },
    {
        "calculationDate": "20200420",
        "outstanding": 4640.0
    },
    {
        "calculationDate": "20191209",
        "outstanding": 15000.0
    },
    {
        "calculationDate": "20210102",
        "outstanding": 23.0
    },
    {
        "calculationDate": "20200506",
        "outstanding": 4892.0
    },
    {
        "calculationDate": "20201022",
        "outstanding": 25241.0
    },
    {
        "calculationDate": "20201110",
        "outstanding": 7.0
    },
    {
        "calculationDate": "20201204",
        "outstanding": 7.0
    },
    {
        "calculationDate": "20200218",
        "outstanding": 294.0
    },
    {
        "calculationDate": "20210101",
        "outstanding": 5365.0
    },
    {
        "calculationDate": "20200330",
        "outstanding": 0.0
    }
]