[
    {
        "calculationDate": "20201130",
        "outstanding": 5626.0
    },
    {
        "calculationDate": "20220930",
        "outstanding": 0.0
    },
    {
        "calculationDate": "20230101",
        "outstanding": 985.27
    },
    {
        "calculationDate": "20140216",
        "outstanding": 583.0
    },
    {
        "calculationDate": "20131117",
        "outstanding": 92879.0
    },
    {
        "calculationDate": "20220202",
        "outstanding": 3133.0
    },
    {
        "calculationDate": "20210729",
        "outstanding": 344.0
    },
    {
        "calculationDate": "20201001",
        "outstanding": 5484.0
    },
    {
        "calculationDate": "20230110",
        "outstanding": 1684.27
    },
    {
        "calculationDate": "20200416",
        "outstanding": 72999.0
    },
    {
        "calculationDate": "20210719",
        "outstanding": 245.0
    },
    {
        "calculationDate": "20221220",
        "outstanding": 985.27
    },
    {
        "calculationDate": "20170831",
        "outstanding": 189485.0
    },
    {
        "calculationDate": "20150313",
        "outstanding": 261367.0
    },
    {
        "calculationDate": "20170106",
        "outstanding": 0.0
    },
    {
        "calculationDate": "20220511",
        "outstanding": 292.0
    },
    {
        "calculationDate": "20160302",
        "outstanding": 0.0
    },
    {
        "calculationDate": "20150705",
        "outstanding": 223853.0
    },
    {
        "calculationDate": "20140824",
        "outstanding": 155001.0
    },
    {
        "calculationDate": "20220309",
        "outstanding": 0.0
    },
    {
        "calculationDate": "20140831",
        "outstanding": 155060.0
    },
    {
        "calculationDate": "20100101",
        "outstanding": 209142.0
    },
    {
        "calculationDate": "20220708",
        "outstanding": 0.0
    },
    {
        "calculationDate": "20090501",
        "outstanding": 20046.0
    },
    {
        "calculationDate": "20200625",
        "outstanding": 487.0
    },
    {
        "calculationDate": "20100701",
        "outstanding": 293102.0
    },
    {
        "calculationDate": "20171225"
    },
    {
        "calculationDate": "20211215",
        "outstanding": 2543.0
    },
    {
        "calculationDate": "20200420",
        "outstanding": 73378.0
    },
    {
        "calculationDate": "20190503",
        "outstanding": 0.0
    },
    {
        "calculationDate": "20200303",
        "outstanding": 64541.0
    },
    {
        "calculationDate": "20200220",
        "outstanding": 20855.0
    },
    {
        "calculationDate": "20150319",
        "outstanding": 265353.0
    },
    {
        "calculationDate": "20121104",
        "outstanding": 233160.0
    },
    {
        "calculationDate": "20080601",
        "outstanding": 0.0
    },
    {
        "calculationDate": "20201221",
        "outstanding": 5570.0
    },
    {
        "calculationDate": "20130915",
        "outstanding": 268753.0
    },
    {
        "calculationDate": "20210201",
        "outstanding": 248.0
    },
    {
        "calculationDate": "20121020",
        "outstanding": 0.0
    },
    {
        "calculationDate": "20220503",
        "outstanding": 0.0
    },
    {
        "calculationDate": "20200227",
        "outstanding": 50632.0
    },
    {
        "calculationDate": "20230528",
        "outstanding": 1089.73
    },
    {
        "calculationDate": "20150301",
        "outstanding": 276367.0
    },
    {
        "calculationDate": "20130414",
        "outstanding": 49479.0
    },
    {
        "calculationDate": "20161124",
        "outstanding": 0.0
    },
    {
        "calculationDate": "20171120",
        "outstanding": 181075.0
    },
    {
        "calculationDate": "20171211",
        "outstanding": 164772.0
    },
    {
        "calculationDate": "20150118",
        "outstanding": 4312.0
    },
    {
        "calculationDate": "20221117",
        "outstanding": 586.27
    },
    {
        "calculationDate": "20210809",
        "outstanding": 0.0
    },
    {
        "calculationDate": "20100501",
        "outstanding": 189697.0
    },
    {
        "calculationDate": "20170810",
        "outstanding": 189426.0
    },
    {
        "calculationDate": "20210819",
        "outstanding": 0.0
    },
    {
        "calculationDate": "20110601",
        "outstanding": 302523.0
    },
    {
        "calculationDate": "20121209",
        "outstanding": 0.0
    },
    {
        "calculationDate": "20170818",
        "outstanding": 189426.0
    },
    {
        "calculationDate": "20190114",
        "outstanding": 0.0
    },
    {
        "calculationDate": "20130512",
        "outstanding": 267534.0
    },
    {
        "calculationDate": "20130623",
        "outstanding": 266356.0
    },
    {
        "calculationDate": "20131103",
        "outstanding": 212967.0
    },
    {
        "calculationDate": "20200309",
        "outstanding": 64620.0
    },
    {
        "calculationDate": "20091101",
        "outstanding": 32912.0
    },
    {
        "calculationDate": "20110301",
        "outstanding": 352323.0
    },
    {
        "calculationDate": "20201102",
        "outstanding": 5678.0
    },
    {
        "calculationDate": "20170508",
        "outstanding": 0.0
    },
    {
        "calculationDate": "20150719",
        "outstanding": 0.0
    },
    {
        "calculationDate": "20131006",
        "outstanding": 277210.0
    },
    {
        "calculationDate": "20220328",
        "outstanding": 217563.0
    },
    {
        "calculationDate": "20150430",
        "outstanding": 232875.0
    },
    {
        "calculationDate": "20200224",
        "outstanding": 40052.0
    },
    {
        "calculationDate": "20130714",
        "outstanding": 117951.0
    },
    {
        "calculationDate": "20201217",
        "outstanding": 5570.0
    },
    {
        "calculationDate": "20141005",
        "outstanding": 0.0
    },
    {
        "calculationDate": "20171019",
        "outstanding": 172515.0
    },
    {
        "calculationDate": "20230228",
        "outstanding": 42.73
    },
    {
        "calculationDate": "20191003",
        "outstanding": 69642.0
    },
    {
        "calculationDate": "20171204",
        "outstanding": 184256.0
    },
    {
        "calculationDate": "20150816",
        "outstanding": 8226.0
    },
    {
        "calculationDate": "20110401",
        "outstanding": 112905.0
    },
    {
        "calculationDate": "20200813",
        "outstanding": 4974.0
    },
    {
        "calculationDate": "20160330",
        "outstanding": 0.0
    },
    {
        "calculationDate": "20140504",
        "outstanding": 0.0
    },
    {
        "calculationDate": "20220303",
        "outstanding": 99.0
    },
    {
        "calculationDate": "20200831",
        "outstanding": 5077.0
    },
    {
        "calculationDate": "20210531",
        "outstanding": 248.0
    },
    {
        "calculationDate": "20181004",
        "outstanding": 0.0
    },
    {
        "calculationDate": "20220404",
        "outstanding": 217263.0
    },
    {
        "calculationDate": "20130203",
        "outstanding": 203699.0
    },
    {
        "calculationDate": "20131208",
        "outstanding": 124465.0
    },
    {
        "calculationDate": "20160501",
        "outstanding": 59.0
    },
    {
        "calculationDate": "20201203",
        "outstanding": 5421.0
    },
    {
        "calculationDate": "20210419",
        "outstanding": 3441.0
    },
    {
        "calculationDate": "20080701",
        "outstanding": 0.0
    },
    {
        "calculationDate": "20131110",
        "outstanding": 229862.0
    },
    {
        "calculationDate": "20130505",
        "outstanding": 160400.0
    },
    {
        "calculationDate": "20221218",
        "outstanding": 985.27
    },
    {
        "calculationDate": "20170619",
        "outstanding": 197761.0
    },
    {
        "calculationDate": "20190207",
        "outstanding": 0.0
    },
    {
        "calculationDate": "20120301",
        "outstanding": 47112.0
    },
    {
        "calculationDate": "20170911",
        "outstanding": 174931.0
    },
    {
        "calculationDate": "20210304",
        "outstanding": 0.0
    },
    {
        "calculationDate": "20200608",
        "outstanding": 74364.0
    },
    {
        "calculationDate": "20130331",
        "outstanding": 0.0
    },
    {
        "calculationDate": "20210325",
        "outstanding": 0.0
    },
    {
        "calculationDate": "20160731",
        "outstanding": 37.0
    },
    {
        "calculationDate": "20220321",
        "outstanding": 217464.0
    },
    {
        "calculationDate": "20160203",
        "outstanding": 0.0
    },
    {
        "calculationDate": "20220221",
        "outstanding": 0.0
    },
    {
        "calculationDate": "20140413",
        "outstanding": 0.0
    },
    {
        "calculationDate": "20201019",
        "outstanding": 5483.0
    },
    {
        "calculationDate": "20160922",
        "outstanding": 0.0
    },
    {
        "calculationDate": "20220610",
        "outstanding": 1000.0
    },
    {
        "calculationDate": "20191031",
        "outstanding": 95647.0
    },
    {
        "calculationDate": "20171207",
        "outstanding": 164772.0
    },
    {
        "calculationDate": "20080801",
        "outstanding": 0.0
    },
    {
        "calculationDate": "20221021",
        "outstanding": 188.0
    },
    {
        "calculationDate": "20130616",
        "outstanding": 219005.0
    },
    {
        "calculationDate": "20160629",
        "outstanding": 0.0
    },
    {
        "calculationDate": "20110701",
        "outstanding": 16146.0
    },
    {
        "calculationDate": "20130127",
        "outstanding": 178642.0
    },
    {
        "calculationDate": "20130707",
        "outstanding": 56620.0
    },
    {
        "calculationDate": "20220419",
        "outstanding": 244043.0
    },
    {
        "calculationDate": "20130303",
        "outstanding": 226159.0
    },
    {
        "calculationDate": "20200914",
        "outstanding": 5296.0
    },
    {
        "calculationDate": "20181101",
        "outstanding": 0.0
    },
    {
        "calculationDate": "20111101",
        "outstanding": 140168.0
    },
    {
        "calculationDate": "20200720",
        "outstanding": 236.0
    },
    {
        "calculationDate": "20191010",
        "outstanding": 69642.0
    },
    {
        "calculationDate": "20180101",
        "outstanding": 201099.0
    },
    {
        "calculationDate": "20220530",
        "outstanding": 691.0
    },
    {
        "calculationDate": "20210118",
        "outstanding": 149.0
    },
    {
        "calculationDate": "20220513",
        "outstanding": 592.0
    },
    {
        "calculationDate": "20160317",
        "outstanding": 0.0
    },
    {
        "calculationDate": "20200629",
        "outstanding": 0.0
    },
    {
        "calculationDate": "20210401",
        "outstanding": 0.0
    },
    {
        "calculationDate": "20150614",
        "outstanding": 219996.0
    },
    {
        "calculationDate": "20170302",
        "outstanding": 118.0
    },
    {
        "calculationDate": "20190905",
        "outstanding": 66447.0
    },
    {
        "calculationDate": "20230316",
        "outstanding": 42.73
    },
    {
        "calculationDate": "20200511",
        "outstanding": 74302.0
    },
    {
        "calculationDate": "20141207",
        "outstanding": 38408.0
    },
    {
        "calculationDate": "20170703",
        "outstanding": 197820.0
    },
    {
        "calculationDate": "20140928",
        "outstanding": 0.0
    },
    {
        "calculationDate": "20170727",
        "outstanding": 192141.0
    },
    {
        "calculationDate": "20130224",
        "outstanding": 222599.0
    },
    {
        "calculationDate": "20210712",
        "outstanding": 96.0
    },
    {
        "calculationDate": "20150322",
        "outstanding": 267355.0
    },
    {
        "calculationDate": "20100801",
        "outstanding": 58075.0
    },
    {
        "calculationDate": "20190819",
        "outstanding": 69788.0
    },
    {
        "calculationDate": "20220128",
        "outstanding": 3084.0
    },
    {
        "calculationDate": "20201029",
        "outstanding": 5582.0
    },
    {
        "calculationDate": "20190701",
        "outstanding": 0.0
    },
    {
        "calculationDate": "20170522",
        "outstanding": 0.0
    },
    {
        "calculationDate": "20140601",
        "outstanding": 104740.0
    },
    {
        "calculationDate": "20150917",
        "outstanding": 8322.0
    },
    {
        "calculationDate": "20220603",
        "outstanding": 991.0
    },
    {
        "calculationDate": "20130908",
        "outstanding": 266983.0
    },
    {
        "calculationDate": "20181231",
        "outstanding": 0.0
    },
    {
        "calculationDate": "20190402",
        "outstanding": 0.0
    },
    {
        "calculationDate": "20150222",
        "outstanding": 276308.0
    },
    {
        "calculationDate": "20201210",
        "outstanding": 5421.0
    },
    {
        "calculationDate": "20141228",
        "outstanding": 0.0
    },
    {
        "calculationDate": "20161117",
        "outstanding": 59.0
    },
    {
        "calculationDate": "20180702",
        "outstanding": 0.0
    },
    {
        "calculationDate": "20211014",
        "outstanding": 0.0
    },
    {
        "calculationDate": "20130630",
        "outstanding": 135738.0
    },
    {
        "calculationDate": "20220829",
        "outstanding": 4889.0
    },
    {
        "calculationDate": "20230216",
        "outstanding": 739.53
    },
    {
        "calculationDate": "20200326",
        "outstanding": 72708.0
    },
    {
        "calculationDate": "20230117",
        "outstanding": 30.33
    },
    {
        "calculationDate": "20220509",
        "outstanding": 0.0
    },
    {
        "calculationDate": "20130804",
        "outstanding": 217682.0
    },
    {
        "calculationDate": "20210830",
        "outstanding": 37.0
    },
    {
        "calculationDate": "20190617",
        "outstanding": 9824.0
    },
    {
        "calculationDate": "20220705",
        "outstanding": 0.0
    },
    {
        "calculationDate": "20101001",
        "outstanding": 0.0
    },
    {
        "calculationDate": "20110101",
        "outstanding": 19142.0
    },
    {
        "calculationDate": "20220613",
        "outstanding": 1001.0
    },
    {
        "calculationDate": "20151004",
        "outstanding": 8656.0
    },
    {
        "calculationDate": "20130818",
        "outstanding": 246869.0
    },
    {
        "calculationDate": "20230404",
        "outstanding": 0.0
    },
    {
        "calculationDate": "20191224",
        "outstanding": 86613.0
    },
    {
        "calculationDate": "20210415",
        "outstanding": 3441.0
    },
    {
        "calculationDate": "20220408",
        "outstanding": 217263.0
    },
    {
        "calculationDate": "20210607",
        "outstanding": 14048.0
    },
    {
        "calculationDate": "20160930",
        "outstanding": 0.0
    },
    {
        "calculationDate": "20220928",
        "outstanding": 0.0
    },
    {
        "calculationDate": "20130428",
        "outstanding": 106646.0
    },
    {
        "calculationDate": "20201110",
        "outstanding": 5378.0
    },
    {
        "calculationDate": "20221229",
        "outstanding": 985.27
    },
    {
        "calculationDate": "20200910",
        "outstanding": 5147.0
    },
    {
        "calculationDate": "20170525",
        "outstanding": 197702.0
    },
    {
        "calculationDate": "20150712",
        "outstanding": 0.0
    },
    {
        "calculationDate": "20220518",
        "outstanding": 592.0
    },
    {
        "calculationDate": "20220729",
        "outstanding": 0.0
    },
    {
        "calculationDate": "20131228",
        "outstanding": 0.0
    },
    {
        "calculationDate": "20220211",
        "outstanding": 38.0
    },
    {
        "calculationDate": "20200113",
        "outstanding": 0.0
    },
    {
        "calculationDate": "20180112",
        "outstanding": 199113.0
    },
    {
        "calculationDate": "20200518",
        "outstanding": 74302.0
    },
    {
        "calculationDate": "20151203",
        "outstanding": 0.0
    },
    {
        "calculationDate": "20191117",
        "outstanding": 94473.0
    },
    {
        "calculationDate": "20190213",
        "outstanding": 0.0
    },
    {
        "calculationDate": "20171130",
        "outstanding": 181134.0
    },
    {
        "calculationDate": "20140323",
        "outstanding": 17728.0
    },
    {
        "calculationDate": "20220615",
        "outstanding": 1003.0
    },
    {
        "calculationDate": "20211101",
        "outstanding": 0.0
    },
    {
        "calculationDate": "20190829",
        "outstanding": 69847.0
    },
    {
        "calculationDate": "20100901",
        "outstanding": 195540.0
    },
    {
        "calculationDate": "20210513",
        "outstanding": 149.0
    },
    {
        "calculationDate": "20140406",
        "outstanding": 0.0
    },
    {
        "calculationDate": "20221004",
        "outstanding": 0.0
    },
    {
        "calculationDate": "20140817",
        "outstanding": 77826.0
    },
    {
        "calculationDate": "20210715",
        "outstanding": 245.0
    },
    {
        "calculationDate": "20211104"
    },
    {
        "calculationDate": "20140316",
        "outstanding": 7106.0
    },
    {
        "calculationDate": "20200504",
        "outstanding": 71213.0
    },
    {
        "calculationDate": "20120801",
        "outstanding": 255241.0
    },
    {
        "calculationDate": "20150730",
        "outstanding": 4476.0
    },
    {
        "calculationDate": "20130811",
        "outstanding": 249306.0
    },
    {
        "calculationDate": "20140907",
        "outstanding": 151060.0
    },
    {
        "calculationDate": "20220817",
        "outstanding": 4790.0
    },
    {
        "calculationDate": "20120928",
        "outstanding": 255241.0
    },
    {
        "calculationDate": "20220429",
        "outstanding": 0.0
    },
    {
        "calculationDate": "20150604",
        "outstanding": 237029.0
    },
    {
        "calculationDate": "20220713",
        "outstanding": 0.0
    },
    {
        "calculationDate": "20200130",
        "outstanding": 0.0
    },
    {
        "calculationDate": "20170918",
        "outstanding": 174931.0
    },
    {
        "calculationDate": "20211220",
        "outstanding": 2543.0
    },
    {
        "calculationDate": "20200312",
        "outstanding": 64620.0
    },
    {
        "calculationDate": "20210701",
        "outstanding": 96.0
    },
    {
        "calculationDate": "20150620",
        "outstanding": 219996.0
    },
    {
        "calculationDate": "20200430",
        "outstanding": 73895.0
    },
    {
        "calculationDate": "20110901",
        "outstanding": 246268.0
    },
    {
        "calculationDate": "20121230",
        "outstanding": 30965.0
    },
    {
        "calculationDate": "20090301",
        "outstanding": 8687.0
    },
    {
        "calculationDate": "20190305",
        "outstanding": 0.0
    },
    {
        "calculationDate": "20200713",
        "outstanding": 236.0
    },
    {
        "calculationDate": "20210517",
        "outstanding": 149.0
    },
    {
        "calculationDate": "20220228",
        "outstanding": 0.0
    },
    {
        "calculationDate": "20120101",
        "outstanding": 47112.0
    },
    {
        "calculationDate": "20180328",
        "outstanding": 0.0
    },
    {
        "calculationDate": "20090601",
        "outstanding": 112006.0
    },
    {
        "calculationDate": "20180314",
        "outstanding": 0.0
    },
    {
        "calculationDate": "20170127",
        "outstanding": 0.0
    },
    {
        "calculationDate": "20100301",
        "outstanding": 200570.0
    },
    {
        "calculationDate": "20190610",
        "outstanding": 9824.0
    },
    {
        "calculationDate": "20160814",
        "outstanding": 0.0
    },
    {
        "calculationDate": "20161031",
        "outstanding": 59.0
    },
    {
        "calculationDate": "20101201",
        "outstanding": 273966.0
    },
    {
        "calculationDate": "20150809",
        "outstanding": 8226.0
    },
    {
        "calculationDate": "20200507",
        "outstanding": 74302.0
    },
    {
        "calculationDate": "20151129",
        "outstanding": 0.0
    },
    {
        "calculationDate": "20210920",
        "outstanding": 213986.0
    },
    {
        "calculationDate": "20200102",
        "outstanding": 91258.0
    },
    {
        "calculationDate": "20200601",
        "outstanding": 75664.0
    },
    {
        "calculationDate": "20211230",
        "outstanding": 2642.0
    },
    {
        "calculationDate": "20200618",
        "outstanding": 74513.0
    },
    {
        "calculationDate": "20081101",
        "outstanding": 0.0
    },
    {
        "calculationDate": "20160605",
        "outstanding": 2618.0
    },
    {
        "calculationDate": "20131027",
        "outstanding": 204602.0
    },
    {
        "calculationDate": "20090701",
        "outstanding": 6857.0
    },
    {
        "calculationDate": "20091001",
        "outstanding": 0.0
    },
    {
        "calculationDate": "20131201",
        "outstanding": 71345.0
    },
    {
        "calculationDate": "20221206",
        "outstanding": 586.27
    },
    {
        "calculationDate": "20100401",
        "outstanding": 76261.0
    },
    {
        "calculationDate": "20130526",
        "outstanding": 237466.0
    },
    {
        "calculationDate": "20220306",
        "outstanding": 0.0
    },
    {
        "calculationDate": "20220831",
        "outstanding": 0.0
    },
    {
        "calculationDate": "20210510",
        "outstanding": 0.0
    },
    {
        "calculationDate": "20151018",
        "outstanding": 7804.0
    },
    {
        "calculationDate": "20150416",
        "outstanding": 229646.0
    },
    {
        "calculationDate": "20140105",
        "outstanding": 0.0
    },
    {
        "calculationDate": "20200409",
        "outstanding": 72999.0
    },
    {
        "calculationDate": "20150910",
        "outstanding": 8289.0
    },
    {
        "calculationDate": "20171218",
        "outstanding": 164772.0
    },
    {
        "calculationDate": "20210429",
        "outstanding": 3540.0
    },
    {
        "calculationDate": "20170601",
        "outstanding": 197761.0
    },
    {
        "calculationDate": "20121216",
        "outstanding": 0.0
    },
    {
        "calculationDate": "20090201",
        "outstanding": 78728.0
    },
    {
        "calculationDate": "20100201",
        "outstanding": 104047.0
    },
    {
        "calculationDate": "20230112",
        "outstanding": 1384.27
    },
    {
        "calculationDate": "20130901",
        "outstanding": 266983.0
    },
    {
        "calculationDate": "20210208",
        "outstanding": 0.0
    },
    {
        "calculationDate": "20090801",
        "outstanding": 103044.0
    },
    {
        "calculationDate": "20200330",
        "outstanding": 73156.0
    },
    {
        "calculationDate": "20200210",
        "outstanding": 1995.0
    },
    {
        "calculationDate": "20150131"
    },
    {
        "calculationDate": "20130217",
        "outstanding": 221900.0
    },
    {
        "calculationDate": "20220112",
        "outstanding": 2985.0
    },
    {
        "calculationDate": "20210315",
        "outstanding": 0.0
    },
    {
        "calculationDate": "20150215",
        "outstanding": 276308.0
    },
    {
        "calculationDate": "20160608",
        "outstanding": 0.0
    },
    {
        "calculationDate": "20090101",
        "outstanding": 36482.0
    },
    {
        "calculationDate": "20180301",
        "outstanding": 0.0
    },
    {
        "calculationDate": "20200406",
        "outstanding": 71435.0
    },
    {
        "calculationDate": "20200323",
        "outstanding": 71918.0
    },
    {
        "calculationDate": "20220313",
        "outstanding": 148.0
    },
    {
        "calculationDate": "20201026",
        "outstanding": 5483.0
    },
    {
        "calculationDate": "20171002",
        "outstanding": 178015.0
    },
    {
        "calculationDate": "20160131",
        "outstanding": 0.0
    },
    {
        "calculationDate": "20200316",
        "outstanding": 71539.0
    },
    {
        "calculationDate": "20130609",
        "outstanding": 169904.0
    },
    {
        "calculationDate": "20150406",
        "outstanding": 278721.0
    },
    {
        "calculationDate": "20170330",
        "outstanding": 0.0
    },
    {
        "calculationDate": "20221028",
        "outstanding": 287.0
    },
    {
        "calculationDate": "20170220",
        "outstanding": 59.0
    },
    {
        "calculationDate": "20081001",
        "outstanding": 115908.0
    },
    {
        "calculationDate": "20200730",
        "outstanding": 335.0
    },
    {
        "calculationDate": "20190530",
        "outstanding": 0.0
    },
    {
        "calculationDate": "20140202",
        "outstanding": 0.0
    },
    {
        "calculationDate": "20230427",
        "outstanding": 390.73
    },
    {
        "calculationDate": "20210204",
        "outstanding": 0.0
    },
    {
        "calculationDate": "20150208",
        "outstanding": 62508.0
    },
    {
        "calculationDate": "20180118",
        "outstanding": 201366.0
    },
    {
        "calculationDate": "20181206",
        "outstanding": 0.0
    },
    {
        "calculationDate": "20230516",
        "outstanding": 390.73
    },
    {
        "calculationDate": "20190812",
        "outstanding": 69788.0
    },
    {
        "calculationDate": "20230328",
        "outstanding": 42.73
    },
    {
        "calculationDate": "20140518",
        "outstanding": 23746.0
    },
    {
        "calculationDate": "20140921",
        "outstanding": 151060.0
    },
    {
        "calculationDate": "20140302",
        "outstanding": 3729.0
    },
    {
        "calculationDate": "20180318",
        "outstanding": 0.0
    },
    {
        "calculationDate": "20180809",
        "outstanding": 0.0
    },
    {
        "calculationDate": "20200810",
        "outstanding": 4825.0
    },
    {
        "calculationDate": "20180208",
        "outstanding": 191986.0
    },
    {
        "calculationDate": "20090901",
        "outstanding": 163866.0
    },
    {
        "calculationDate": "20220118",
        "outstanding": 2985.0
    },
    {
        "calculationDate": "20151102",
        "outstanding": 7959.0
    },
    {
        "calculationDate": "20150412",
        "outstanding": 229646.0
    },
    {
        "calculationDate": "20110501",
        "outstanding": 224115.0
    },
    {
        "calculationDate": "20110801",
        "outstanding": 120975.0
    },
    {
        "calculationDate": "20151112",
        "outstanding": 0.0
    },
    {
        "calculationDate": "20220802",
        "outstanding": 300.0
    },
    {
        "calculationDate": "20180730",
        "outstanding": 0.0
    },
    {
        "calculationDate": "20170313",
        "outstanding": 0.0
    },
    {
        "calculationDate": "20230326",
        "outstanding": 42.73
    },
    {
        "calculationDate": "20130210",
        "outstanding": 219760.0
    },
    {
        "calculationDate": "20201015",
        "outstanding": 5483.0
    },
    {
        "calculationDate": "20160810",
        "outstanding": 3787.0
    },
    {
        "calculationDate": "20140525",
        "outstanding": 90631.0
    },
    {
        "calculationDate": "20151011",
        "outstanding": 7804.0
    },
    {
        "calculationDate": "20170710",
        "outstanding": 187820.0
    },
    {
        "calculationDate": "20160529",
        "outstanding": 118.0
    },
    {
        "calculationDate": "20121223",
        "outstanding": 38236.0
    },
    {
        "calculationDate": "20150402",
        "outstanding": 273931.0
    },
    {
        "calculationDate": "20190919",
        "outstanding": 73368.0
    },
    {
        "calculationDate": "20220608",
        "outstanding": 998.0
    },
    {
        "calculationDate": "20160901",
        "outstanding": 0.0
    },
    {
        "calculationDate": "20210913",
        "outstanding": 213986.0
    },
    {
        "calculationDate": "20220318",
        "outstanding": 213948.0
    },
    {
        "calculationDate": "20211211",
        "outstanding": 2394.0
    },
    {
        "calculationDate": "20131020",
        "outstanding": 258210.0
    },
    {
        "calculationDate": "20190620",
        "outstanding": 0.0
    },
    {
        "calculationDate": "20150524",
        "outstanding": 232875.0
    },
    {
        "calculationDate": "20130106",
        "outstanding": 34191.0
    },
    {
        "calculationDate": "20201231",
        "outstanding": 0.0
    },
    {
        "calculationDate": "20221227",
        "outstanding": 985.27
    },
    {
        "calculationDate": "20210322",
        "outstanding": 0.0
    },
    {
        "calculationDate": "20190131",
        "outstanding": 0.0
    },
    {
        "calculationDate": "20210114",
        "outstanding": 149.0
    },
    {
        "calculationDate": "20200217",
        "outstanding": 12575.0
    },
    {
        "calculationDate": "20230606",
        "outstanding": 0.0
    },
    {
        "calculationDate": "20190722",
        "outstanding": 42643.0
    },
    {
        "calculationDate": "20170206",
        "outstanding": 59.0
    },
    {
        "calculationDate": "20201214",
        "outstanding": 5570.0
    },
    {
        "calculationDate": "20191230",
        "outstanding": 90499.0
    },
    {
        "calculationDate": "20220808",
        "outstanding": 4790.0
    },
    {
        "calculationDate": "20201120",
        "outstanding": 5527.0
    },
    {
        "calculationDate": "20200615",
        "outstanding": 74513.0
    },
    {
        "calculationDate": "20120601",
        "outstanding": 255241.0
    },
    {
        "calculationDate": "20130421",
        "outstanding": 53237.0
    },
    {
        "calculationDate": "20161229",
        "outstanding": 0.0
    },
    {
        "calculationDate": "20141102",
        "outstanding": 0.0
    },
    {
        "calculationDate": "20220617",
        "outstanding": 1004.0
    },
    {
        "calculationDate": "20120401",
        "outstanding": 269296.0
    },
    {
        "calculationDate": "20130407",
        "outstanding": 26000.0
    },
    {
        "calculationDate": "20161205",
        "outstanding": 0.0
    },
    {
        "calculationDate": "20100601",
        "outstanding": 293825.0
    },
    {
        "calculationDate": "20141130",
        "outstanding": 0.0
    },
    {
        "calculationDate": "20180219",
        "outstanding": 191986.0
    },
    {
        "calculationDate": "20150124",
        "outstanding": 12739.0
    },
    {
        "calculationDate": "20191007",
        "outstanding": 69642.0
    },
    {
        "calculationDate": "20130310",
        "outstanding": 0.0
    },
    {
        "calculationDate": "20131127",
        "outstanding": 0.0
    },
    {
        "calculationDate": "20160724",
        "outstanding": 0.0
    },
    {
        "calculationDate": "20230119",
        "outstanding": 30.33
    },
    {
        "calculationDate": "20130113",
        "outstanding": 72676.0
    },
    {
        "calculationDate": "20190801",
        "outstanding": 66038.0
    },
    {
        "calculationDate": "20220905",
        "outstanding": 0.0
    },
    {
        "calculationDate": "20210215",
        "outstanding": 0.0
    },
    {
        "outstanding": 2394.0
    },
    {
        "calculationDate": "20200203",
        "outstanding": 1995.0
    },
    {
        "calculationDate": "20200903",
        "outstanding": 5147.0
    },
    {
        "calculationDate": "20190729",
        "outstanding": 65979.0
    },
    {
        "calculationDate": "20190221",
        "outstanding": 0.0
    },
    {
        "calculationDate": "20130721",
        "outstanding": 128241.0
    },
    {
        "calculationDate": "20190912",
        "outstanding": 71742.0
    },
    {
        "calculationDate": "20200917",
        "outstanding": 5296.0
    },
    {
        "calculationDate": "20170717",
        "outstanding": 187820.0
    },
    {
        "calculationDate": "20191208",
        "outstanding": 96091.0
    },
    {
        "calculationDate": "20220218",
        "outstanding": 38.0
    },
    {
        "calculationDate": "20220103",
        "outstanding": 2836.0
    },
    {
        "calculationDate": "20220620",
        "outstanding": 0.0
    },
    {
        "calculationDate": "20130825",
        "outstanding": 257159.0
    },
    {
        "calculationDate": "20230423",
        "outstanding": 0.0
    },
    {
        "calculationDate": "20131013",
        "outstanding": 258210.0
    },
    {
        "calculationDate": "20200817",
        "outstanding": 4974.0
    },
    {
        "calculationDate": "20180830",
        "outstanding": 0.0
    },
    {
        "calculationDate": "20130519",
        "outstanding": 213694.0
    },
    {
        "calculationDate": "20110201",
        "outstanding": 230727.0
    },
    {
        "calculationDate": "20170320",
        "outstanding": 0.0
    },
    {
        "calculationDate": "20210930",
        "outstanding": 0.0
    },
    {
        "calculationDate": "20210909",
        "outstanding": 213837.0
    },
    {
        "calculationDate": "20101101",
        "outstanding": 155544.0
    },
    {
        "calculationDate": "20171109",
        "outstanding": 181075.0
    },
    {
        "calculationDate": "20200109",
        "outstanding": 91158.0
    },
    {
        "calculationDate": "20220721",
        "outstanding": 211.0
    },
    {
        "calculationDate": "20190930",
        "outstanding": 73427.0
    },
    {
        "calculationDate": "20180115",
        "outstanding": 201366.0
    },
    {
        "calculationDate": "20201012",
        "outstanding": 5334.0
    },
    {
        "calculationDate": "20120701",
        "outstanding": 255241.0
    },
    {
        "calculationDate": "20170803",
        "outstanding": 195583.0
    },
    {
        "calculationDate": "20111201",
        "outstanding": 47112.0
    },
    {
        "calculationDate": "20120201",
        "outstanding": 47112.0
    },
    {
        "calculationDate": "20130728",
        "outstanding": 183879.0
    },
    {
        "calculationDate": "20200319",
        "outstanding": 71539.0
    },
    {
        "calculationDate": "20210812",
        "outstanding": 4638.0
    },
    {
        "calculationDate": "20160518",
        "outstanding": 59.0
    },
    {
        "calculationDate": "20191110",
        "outstanding": 94473.0
    },
    {
        "calculationDate": "20150507",
        "outstanding": 232875.0
    },
    {
        "calculationDate": "20211129",
        "outstanding": 8994.0
    },
    {
        "calculationDate": "20171030",
        "outstanding": 180591.0
    },
    {
        "calculationDate": "20130602",
        "outstanding": 246525.0
    },
    {
        "calculationDate": "20111001",
        "outstanding": 100717.0
    },
    {
        "calculationDate": "20141214",
        "outstanding": 0.0
    },
    {
        "calculationDate": "20150607",
        "outstanding": 237161.0
    },
    {
        "calculationDate": "20080901",
        "outstanding": 19698.0
    },
    {
        "calculationDate": "20201113",
        "outstanding": 5527.0
    },
    {
        "calculationDate": "20210906",
        "outstanding": 213837.0
    },
    {
        "calculationDate": "20081201",
        "outstanding": 0.0
    },
    {
        "calculationDate": "20180430",
        "outstanding": 0.0
    },
    {
        "calculationDate": "20190909",
        "outstanding": 66447.0
    },
    {
        "calculationDate": "20180129",
        "outstanding": 201366.0
    },
    {
        "calculationDate": "20091201",
        "outstanding": 87884.0
    },
    {
        "calculationDate": "20180226",
        "outstanding": 0.0
    },
    {
        "calculationDate": "20090401",
        "outstanding": 75817.0
    },
    {
        "calculationDate": "20120501",
        "outstanding": 218177.0
    },
    {
        "calculationDate": "20221208",
        "outstanding": 985.27
    },
    {
        "calculationDate": "20180201",
        "outstanding": 204986.0
    },
    {
        "calculationDate": "20191017",
        "outstanding": 69642.0
    },
    {
        "calculationDate": "20200702",
        "outstanding": 87.0
    },
    {
        "calculationDate": "20211118",
        "outstanding": 8895.0
    },
    {
        "calculationDate": "20130922",
        "outstanding": 272551.0
    },
    {
        "calculationDate": "20171010",
        "outstanding": 172515.0
    },
    {
        "calculationDate": "20220225",
        "outstanding": 0.0
    },
    {
        "calculationDate": "20220314",
        "outstanding": 213948.0
    },
    {
        "calculationDate": "20200709",
        "outstanding": 87.0
    },
    {
        "calculationDate": "20131222",
        "outstanding": 124465.0
    },
    {
        "calculationDate": "20201008",
        "outstanding": 5334.0
    },
    {
        "calculationDate": "20230604",
        "outstanding": 1329.72
    },
    {
        "calculationDate": "20210405",
        "outstanding": 3292.0
    },
    {
        "calculationDate": "20220629",
        "outstanding": 0.0
    },
    {
        "calculationDate": "20150830",
        "outstanding": 8285.0
    },
    {
        "calculationDate": "20170904",
        "outstanding": 192758.0
    },
    {
        "calculationDate": "20171228",
        "outstanding": 194172.0
    },
    {
        "calculationDate": "20170907",
        "outstanding": 174931.0
    },
    {
        "calculationDate": "20180625",
        "outstanding": 0.0
    },
    {
        "calculationDate": "20180531",
        "outstanding": 0.0
    },
    {
        "calculationDate": "20220209",
        "outstanding": 0.0
    },
    {
        "calculationDate": "20150102",
        "outstanding": 0.0
    },
    {
        "calculationDate": "20180523",
        "outstanding": 0.0
    }
]