[
    {
        "calculationDate": "20220623",
        "outstanding": 121.0
    },
    {
        "calculationDate": "20230506",
        "outstanding": 0.0
    },
    {
        "calculationDate": "20220423",
        "outstanding": 95545.0
    },
    {
        "calculationDate": "20210525",
        "outstanding": 0.0
    },
    {
        "calculationDate": "20230305",
        "outstanding": 96870.0
    },
    {
        "calculationDate": "20220920",
        "outstanding": 147000.0
    },
    {
        "calculationDate": "20230321",
        "outstanding": 142464.0
    },
    {
        "calculationDate": "20220603",
        "outstanding": 40000.0
    },
    {
        "calculationDate": "20220401",
        "outstanding": 48500.0
    },
    {
        "calculationDate": "20210708",
        "outstanding": 0.0
    },
    {
        "calculationDate": "20221229",
        "outstanding": 13665.0
    },
    {
        "calculationDate": "20230302",
        "outstanding": 96870.0
    },
    {
        "calculationDate": "20210621",
        "outstanding": 0.0
    },
    {
        "calculationDate": "20230222",
        "outstanding": 96870.0
    },
    {
        "calculationDate": "20221022",
        "outstanding": 48500.0
    },
    {
        "calculationDate": "20220830",
        "outstanding": 97000.0
    },
    {
        "calculationDate": "20210721",
        "outstanding": 0.0
    },
    {
        "calculationDate": "20221231",
        "outstanding": 0.0
    },
    {
        "calculationDate": "20210608",
        "outstanding": 0.0
    },
    {
        "calculationDate": "20230325",
        "outstanding": 142464.0
    },
    {
        "calculationDate": "20221001",
        "outstanding": 50000.0
    },
    {
        "calculationDate": "20220526",
        "outstanding": 92679.0
    },
    {
        "calculationDate": "20221205",
        "outstanding": 0.0
    },
    {
        "calculationDate": "20210805",
        "outstanding": 0.0
    },
    {
        "calculationDate": "20230419",
        "outstanding": 60000.0
    },
    {
        "calculationDate": "20230101",
        "outstanding": 0.0
    },
    {
        "calculationDate": "20230428",
        "outstanding": 50000.0
    },
    {
        "calculationDate": "20220217",
        "outstanding": 0.0
    },
    {
        "calculationDate": "20220723",
        "outstanding": 50000.0
    },
    {
        "calculationDate": "20230415",
        "outstanding": 89000.0
    },
    {
        "calculationDate": "20221230",
        "outstanding": 0.0
    },
    {
        "calculationDate": "20221202",
        "outstanding": 208826.0
    },
    {
        "calculationDate": "20230501",
        "outstanding": 20000.0
    },
    {
        "calculationDate": "20230301",
        "outstanding": 96870.0
    }
]