[
    {
        "calculationDate": "20220901",
        "outstanding": 0.0
    },
    {
        "calculationDate": "20220328",
        "outstanding": 5390.0
    },
    {
        "calculationDate": "20200401",
        "outstanding": 110200.0
    },
    {
        "calculationDate": "20210715",
        "outstanding": 0.0
    },
    {
        "calculationDate": "20210427",
        "outstanding": 0.0
    },
    {
        "calculationDate": "20221009",
        "outstanding": 0.0
    },
    {
        "calculationDate": "20220511",
        "outstanding": 0.0
    },
    {
        "calculationDate": "20210114",
        "outstanding": 0.0
    },
    {
        "calculationDate": "20211025",
        "outstanding": 0.0
    },
    {
        "calculationDate": "20230519",
        "outstanding": 12143.83
    },
    {
        "calculationDate": "20210414",
        "outstanding": 0.0
    },
    {
        "calculationDate": "20220612",
        "outstanding": 0.0
    },
    {
        "calculationDate": "20230608",
        "outstanding": 3516.78
    },
    {
        "calculationDate": "20220624",
        "outstanding": 7982.0
    },
    {
        "calculationDate": "20200104",
        "outstanding": 119567.0
    },
    {
        "calculationDate": "20210901",
        "outstanding": 0.0
    },
    {
        "calculationDate": "20191207",
        "outstanding": 122611.0
    },
    {
        "calculationDate": "20210514",
        "outstanding": 0.0
    },
    {
        "calculationDate": "20220105",
        "outstanding": 0.0
    },
    {
        "calculationDate": "20230404",
        "outstanding": 21724.48
    },
    {
        "calculationDate": "20201005",
        "outstanding": 91981.0
    },
    {
        "calculationDate": "20200107",
        "outstanding": 119610.0
    },
    {
        "calculationDate": "20230306",
        "outstanding": 31106.96
    },
    {
        "calculationDate": "20200507",
        "outstanding": 107344.0
    },
    {
        "calculationDate": "20200715",
        "outstanding": 101560.0
    },
    {
        "calculationDate": "20200115",
        "outstanding": 120359.0
    },
    {
        "calculationDate": "20220610",
        "outstanding": 2652.0
    },
    {
        "calculationDate": "20211027",
        "outstanding": 0.0
    },
    {
        "calculationDate": "20201118",
        "outstanding": 0.0
    },
    {
        "calculationDate": "20220813",
        "outstanding": 14298.0
    },
    {
        "calculationDate": "20211128",
        "outstanding": 0.0
    },
    {
        "calculationDate": "20200615",
        "outstanding": 104774.0
    },
    {
        "calculationDate": "20200712",
        "outstanding": 101420.0
    },
    {
        "calculationDate": "20220803",
        "outstanding": 2262.0
    },
    {
        "calculationDate": "20190916",
        "outstanding": 0.0
    },
    {
        "calculationDate": "20220306",
        "outstanding": 0.0
    },
    {
        "calculationDate": "20201115",
        "outstanding": 770.0
    },
    {
        "calculationDate": "20220720",
        "outstanding": 254.0
    },
    {
        "calculationDate": "20200513",
        "outstanding": 107942.0
    },
    {
        "calculationDate": "20210810",
        "outstanding": 0.0
    },
    {
        "calculationDate": "20220706",
        "outstanding": 127.0
    },
    {
        "calculationDate": "20230329",
        "outstanding": 31234.69
    },
    {
        "calculationDate": "20191014",
        "outstanding": 0.0
    },
    {
        "calculationDate": "20220411",
        "outstanding": 0.0
    },
    {
        "calculationDate": "20200205",
        "outstanding": 120014.0
    },
    {
        "calculationDate": "20220607",
        "outstanding": 2078.0
    },
    {
        "calculationDate": "20230208",
        "outstanding": 40000.0
    },
    {
        "calculationDate": "20210923",
        "outstanding": 0.0
    },
    {
        "calculationDate": "20200214",
        "outstanding": 120729.0
    },
    {
        "calculationDate": "20201028",
        "outstanding": 770.0
    },
    {
        "calculationDate": "20200329",
        "outstanding": 110200.0
    },
    {
        "calculationDate": "20230531",
        "outstanding": 11303.52
    },
    {
        "calculationDate": "20220816",
        "outstanding": 14425.0
    },
    {
        "calculationDate": "20200706",
        "outstanding": 106301.0
    },
    {
        "calculationDate": "20191109",
        "outstanding": 127720.0
    },
    {
        "calculationDate": "20201215",
        "outstanding": 0.0
    },
    {
        "calculationDate": "20191204",
        "outstanding": 122611.0
    },
    {
        "calculationDate": "20191213",
        "outstanding": 125747.0
    },
    {
        "calculationDate": "20220519",
        "outstanding": 1098.0
    },
    {
        "calculationDate": "20200731",
        "outstanding": 97618.0
    },
    {
        "calculationDate": "20190913",
        "outstanding": 0.0
    },
    {
        "calculationDate": "20220805",
        "outstanding": 14239.0
    },
    {
        "calculationDate": "20230401",
        "outstanding": 31639.16
    },
    {
        "calculationDate": "20230419",
        "outstanding": 11950.51
    },
    {
        "calculationDate": "20230403",
        "outstanding": 31703.62
    },
    {
        "calculationDate": "20220804",
        "outstanding": 3849.0
    },
    {
        "calculationDate": "20220913",
        "outstanding": 10991.0
    },
    {
        "calculationDate": "20210316",
        "outstanding": 0.0
    },
    {
        "calculationDate": "20190814",
        "outstanding": 0.0
    },
    {
        "calculationDate": "20200516",
        "outstanding": 107942.0
    },
    {
        "calculationDate": "20220401",
        "outstanding": 5409.0
    },
    {
        "calculationDate": "20191113",
        "outstanding": 127720.0
    },
    {
        "calculationDate": "20210214",
        "outstanding": 0.0
    },
    {
        "calculationDate": "20220702",
        "outstanding": 0.0
    },
    {
        "calculationDate": "20200814",
        "outstanding": 98573.0
    },
    {
        "calculationDate": "20220608",
        "outstanding": 2205.0
    },
    {
        "calculationDate": "20190715",
        "outstanding": 0.0
    },
    {
        "calculationDate": "20190627",
        "outstanding": 0.0
    },
    {
        "calculationDate": "20210613",
        "outstanding": 0.0
    },
    {
        "calculationDate": "20220622",
        "outstanding": 7091.0
    },
    {
        "calculationDate": "20191112",
        "outstanding": 127720.0
    },
    {
        "calculationDate": "20200802",
        "outstanding": 97618.0
    },
    {
        "calculationDate": "20220517",
        "outstanding": 380.0
    },
    {
        "calculationDate": "20201016",
        "outstanding": 92687.0
    },
    {
        "calculationDate": "20220828",
        "outstanding": 0.0
    },
    {
        "calculationDate": "20200709",
        "outstanding": 106310.0
    },
    {
        "calculationDate": "20220830",
        "outstanding": 127.0
    },
    {
        "calculationDate": "20200416",
        "outstanding": 111356.0
    },
    {
        "calculationDate": "20220204",
        "outstanding": 0.0
    },
    {
        "calculationDate": "20200904",
        "outstanding": 94826.0
    },
    {
        "calculationDate": "20220906",
        "outstanding": 10925.0
    },
    {
        "calculationDate": "20220802",
        "outstanding": 2261.0
    },
    {
        "calculationDate": "20200603",
        "outstanding": 104049.0
    },
    {
        "calculationDate": "20200305",
        "outstanding": 115044.0
    },
    {
        "calculationDate": "20221004",
        "outstanding": 0.0
    },
    {
        "calculationDate": "20211204",
        "outstanding": 0.0
    },
    {
        "calculationDate": "20221001",
        "outstanding": 11124.0
    },
    {
        "calculationDate": "20200314",
        "outstanding": 115886.0
    },
    {
        "calculationDate": "20200916",
        "outstanding": 95620.0
    },
    {
        "calculationDate": "20191031",
        "outstanding": 0.0
    }
]