[
    {
        "calculationDate": "20220830",
        "outstanding": 4170.0
    },
    {
        "calculationDate": "20230605",
        "outstanding": 10415.22
    },
    {
        "calculationDate": "20220906",
        "outstanding": 1145.0
    },
    {
        "calculationDate": "20220922",
        "outstanding": 7676.0
    },
    {
        "calculationDate": "20230606",
        "outstanding": 10415.22
    },
    {
        "calculationDate": "20221002",
        "outstanding": 0.0
    },
    {
        "calculationDate": "20220918",
        "outstanding": 3807.0
    },
    {
        "calculationDate": "20230505",
        "outstanding": 3895.46
    },
    {
        "calculationDate": "20220901",
        "outstanding": 0.0
    },
    {
        "calculationDate": "20220827",
        "outstanding": 0.0
    },
    {
        "calculationDate": "20220908",
        "outstanding": 2631.0
    },
    {
        "calculationDate": "20221023",
        "outstanding": 3581.0
    },
    {
        "calculationDate": "20220925",
        "outstanding": 0.0
    },
    {
        "calculationDate": "20220923",
        "outstanding": 8669.0
    }
]