[
    {
        "calculationDate": "20200211",
        "outstanding": 0.0
    },
    {
        "calculationDate": "20210816",
        "outstanding": 0.0
    },
    {
        "calculationDate": "20220623",
        "outstanding": 2250.0
    },
    {
        "calculationDate": "20221023",
        "outstanding": 812.0
    },
    {
        "calculationDate": "20230419",
        "outstanding": 34694.06
    },
    {
        "calculationDate": "20230201",
        "outstanding": 10159.69
    },
    {
        "calculationDate": "20220305",
        "outstanding": 14081.0
    },
    {
        "calculationDate": "20221202",
        "outstanding": 11235.25
    },
    {
        "calculationDate": "20200125",
        "outstanding": 0.0
    },
    {
        "calculationDate": "20230411",
        "outstanding": 37220.93
    },
    {
        "calculationDate": "20220505",
        "outstanding": 8473.0
    },
    {
        "calculationDate": "20210317",
        "outstanding": 0.0
    },
    {
        "calculationDate": "20201223",
        "outstanding": 20587.0
    },
    {
        "calculationDate": "20220301",
        "outstanding": 13905.0
    },
    {
        "calculationDate": "20210521",
        "outstanding": 0.0
    },
    {
        "calculationDate": "20230515",
        "outstanding": 30488.14
    },
    {
        "calculationDate": "20211226",
        "outstanding": 20997.0
    },
    {
        "calculationDate": "20230522",
        "outstanding": 0.0
    },
    {
        "calculationDate": "20211125",
        "outstanding": 30805.0
    },
    {
        "calculationDate": "20210628",
        "outstanding": 0.0
    },
    {
        "calculationDate": "20220819",
        "outstanding": 0.0
    },
    {
        "calculationDate": "20230327",
        "outstanding": 40620.48
    },
    {
        "calculationDate": "20230301",
        "outstanding": 10062.61
    },
    {
        "calculationDate": "20220601",
        "outstanding": 0.0
    },
    {
        "calculationDate": "20210827",
        "outstanding": 0.0
    },
    {
        "calculationDate": "20210217",
        "outstanding": 7444.0
    },
    {
        "calculationDate": "20210409",
        "outstanding": 4945.0
    },
    {
        "calculationDate": "20220412",
        "outstanding": 10473.0
    },
    {
        "calculationDate": "20220214",
        "outstanding": 0.0
    },
    {
        "calculationDate": "20210619",
        "outstanding": 0.0
    },
    {
        "calculationDate": "20220407",
        "outstanding": 10745.0
    },
    {
        "calculationDate": "20230314",
        "outstanding": 22639.61
    },
    {
        "calculationDate": "20230519",
        "outstanding": 0.0
    },
    {
        "calculationDate": "20210506",
        "outstanding": 2527.0
    },
    {
        "calculationDate": "20230131",
        "outstanding": 14773.69
    },
    {
        "calculationDate": "20230315",
        "outstanding": 24448.61
    },
    {
        "calculationDate": "20230309",
        "outstanding": 26178.61
    },
    {
        "calculationDate": "20230128",
        "outstanding": 14614.0
    },
    {
        "calculationDate": "20230219",
        "outstanding": 6398.97
    },
    {
        "calculationDate": "20220829",
        "outstanding": 0.0
    },
    {
        "calculationDate": "20200508",
        "outstanding": 0.0
    },
    {
        "calculationDate": "20201128",
        "outstanding": 0.0
    },
    {
        "calculationDate": "20210206",
        "outstanding": 15444.0
    },
    {
        "calculationDate": "20230521",
        "outstanding": 2518.46
    },
    {
        "calculationDate": "20230210",
        "outstanding": 21400.69
    },
    {
        "calculationDate": "20220223",
        "outstanding": 18149.0
    },
    {
        "calculationDate": "20230319",
        "outstanding": 39527.48
    },
    {
        "calculationDate": "20220321",
        "outstanding": 13581.0
    },
    {
        "calculationDate": "20230220",
        "outstanding": 9805.21
    },
    {
        "calculationDate": "20210808",
        "outstanding": 552.0
    },
    {
        "calculationDate": "20230430",
        "outstanding": 35488.14
    },
    {
        "calculationDate": "20230125",
        "outstanding": 14466.0
    },
    {
        "calculationDate": "20230518",
        "outstanding": 12108.14
    },
    {
        "calculationDate": "20211211"
    },
    {
        "calculationDate": "20191227",
        "outstanding": 0.0
    },
    {
        "calculationDate": "20210308",
        "outstanding": 7647.0
    },
    {
        "calculationDate": "20200928",
        "outstanding": 0.0
    },
    {
        "calculationDate": "20210927",
        "outstanding": 0.0
    },
    {
        "calculationDate": "20210802",
        "outstanding": 551.0
    },
    {
        "calculationDate": "20210425",
        "outstanding": 2445.0
    },
    {
        "calculationDate": "20230317",
        "outstanding": 29257.48
    },
    {
        "calculationDate": "20220221",
        "outstanding": 16759.0
    },
    {
        "calculationDate": "20221121",
        "outstanding": 13223.33
    },
    {
        "calculationDate": "20221217",
        "outstanding": 21002.82
    },
    {
        "calculationDate": "20221001",
        "outstanding": 0.0
    },
    {
        "calculationDate": "20200619",
        "outstanding": 0.0
    },
    {
        "calculationDate": "20230228",
        "outstanding": 10337.71
    },
    {
        "calculationDate": "20220506",
        "outstanding": 8677.0
    },
    {
        "calculationDate": "20210406",
        "outstanding": 4776.0
    },
    {
        "calculationDate": "20221213",
        "outstanding": 31403.85
    },
    {
        "calculationDate": "20191126",
        "outstanding": 0.0
    },
    {
        "calculationDate": "20230516",
        "outstanding": 10488.14
    },
    {
        "calculationDate": "20230225",
        "outstanding": 10275.1
    },
    {
        "calculationDate": "20230303",
        "outstanding": 14172.61
    },
    {
        "calculationDate": "20221214",
        "outstanding": 19513.35
    },
    {
        "calculationDate": "20200810",
        "outstanding": 0.0
    },
    {
        "calculationDate": "20230211",
        "outstanding": 13974.46
    },
    {
        "calculationDate": "20221123",
        "outstanding": 15527.83
    },
    {
        "calculationDate": "20191108",
        "outstanding": 0.0
    },
    {
        "calculationDate": "20220708",
        "outstanding": 6709.0
    },
    {
        "calculationDate": "20230321",
        "outstanding": 39450.48
    },
    {
        "calculationDate": "20210201",
        "outstanding": 15028.0
    },
    {
        "calculationDate": "20230320",
        "outstanding": 38401.48
    },
    {
        "calculationDate": "20220628",
        "outstanding": 7294.0
    },
    {
        "calculationDate": "20230115",
        "outstanding": 10400.0
    },
    {
        "calculationDate": "20220418",
        "outstanding": 11093.0
    },
    {
        "calculationDate": "20230405",
        "outstanding": 41541.93
    },
    {
        "calculationDate": "20200809",
        "outstanding": 0.0
    },
    {
        "calculationDate": "20200309",
        "outstanding": 0.0
    },
    {
        "calculationDate": "20221207",
        "outstanding": 25175.25
    },
    {
        "calculationDate": "20220530",
        "outstanding": 2290.0
    },
    {
        "calculationDate": "20230304",
        "outstanding": 18769.61
    },
    {
        "calculationDate": "20221228",
        "outstanding": 22702.82
    },
    {
        "calculationDate": "20211129",
        "outstanding": 20805.0
    },
    {
        "calculationDate": "20220123",
        "outstanding": 10456.0
    },
    {
        "calculationDate": "20230318",
        "outstanding": 37627.48
    },
    {
        "calculationDate": "20230331",
        "outstanding": 41251.93
    },
    {
        "calculationDate": "20220419",
        "outstanding": 10093.0
    },
    {
        "calculationDate": "20220116",
        "outstanding": 10456.0
    },
    {
        "calculationDate": "20230308",
        "outstanding": 20715.61
    },
    {
        "calculationDate": "20230204",
        "outstanding": 13339.69
    },
    {
        "calculationDate": "20220524",
        "outstanding": 1700.0
    },
    {
        "calculationDate": "20201030",
        "outstanding": 0.0
    },
    {
        "calculationDate": "20190826",
        "outstanding": 0.0
    },
    {
        "calculationDate": "20211228",
        "outstanding": 20997.0
    },
    {
        "calculationDate": "20211108",
        "outstanding": 0.0
    },
    {
        "calculationDate": "20220306",
        "outstanding": 14081.0
    },
    {
        "calculationDate": "20221031",
        "outstanding": 6157.38
    },
    {
        "calculationDate": "20190928",
        "outstanding": 0.0
    },
    {
        "calculationDate": "20221130",
        "outstanding": 9282.74
    },
    {
        "calculationDate": "20221215",
        "outstanding": 20546.5
    },
    {
        "calculationDate": "20191008",
        "outstanding": 0.0
    },
    {
        "calculationDate": "20230306",
        "outstanding": 19539.61
    },
    {
        "calculationDate": "20220718",
        "outstanding": 0.0
    },
    {
        "calculationDate": "20230213",
        "outstanding": 0.0
    },
    {
        "calculationDate": "20211007",
        "outstanding": 0.0
    },
    {
        "calculationDate": "20190703",
        "outstanding": 0.0
    },
    {
        "calculationDate": "20220212",
        "outstanding": 999.0
    },
    {
        "calculationDate": "20200911",
        "outstanding": 0.0
    },
    {
        "calculationDate": "20210719",
        "outstanding": 0.0
    },
    {
        "calculationDate": "20221205",
        "outstanding": 24725.25
    },
    {
        "calculationDate": "20210408",
        "outstanding": 4945.0
    },
    {
        "calculationDate": "20200408",
        "outstanding": 0.0
    },
    {
        "calculationDate": "20220701",
        "outstanding": 6644.0
    },
    {
        "calculationDate": "20220517",
        "outstanding": 0.0
    },
    {
        "calculationDate": "20190801",
        "outstanding": 0.0
    },
    {
        "calculationDate": "20221127",
        "outstanding": 17822.92
    },
    {
        "calculationDate": "20220405",
        "outstanding": 9746.0
    },
    {
        "calculationDate": "20230218",
        "outstanding": 1639.97
    },
    {
        "calculationDate": "20200717",
        "outstanding": 0.0
    },
    {
        "calculationDate": "20200326",
        "outstanding": 0.0
    },
    {
        "calculationDate": "20220402",
        "outstanding": 10449.0
    },
    {
        "calculationDate": "20220125",
        "outstanding": 10456.0
    },
    {
        "calculationDate": "20220503",
        "outstanding": 4864.0
    },
    {
        "calculationDate": "20220131",
        "outstanding": 0.0
    },
    {
        "calculationDate": "20230410",
        "outstanding": 42220.93
    },
    {
        "calculationDate": "20211207",
        "outstanding": 20997.0
    },
    {
        "calculationDate": "20200704",
        "outstanding": 0.0
    },
    {
        "calculationDate": "20220224",
        "outstanding": 18905.0
    },
    {
        "calculationDate": "20220615",
        "outstanding": 2950.0
    },
    {
        "calculationDate": "20201219",
        "outstanding": 19980.0
    },
    {
        "calculationDate": "20221015",
        "outstanding": 0.0
    },
    {
        "calculationDate": "20210630",
        "outstanding": 0.0
    },
    {
        "calculationDate": "20221129",
        "outstanding": 8702.72
    },
    {
        "calculationDate": "20230505",
        "outstanding": 38781.14
    },
    {
        "calculationDate": "20220609",
        "outstanding": 1306.0
    },
    {
        "calculationDate": "20210523",
        "outstanding": 0.0
    },
    {
        "calculationDate": "20221128",
        "outstanding": 18702.72
    }
]