[
    {
        "calculationDate": "20230109",
        "outstanding": 407295.62
    },
    {
        "calculationDate": "20220517",
        "outstanding": 0.0
    },
    {
        "calculationDate": "20150918",
        "outstanding": 111868.0
    },
    {
        "calculationDate": "20190517",
        "outstanding": 144563.0
    },
    {
        "calculationDate": "20190611",
        "outstanding": 138449.0
    },
    {
        "calculationDate": "20220101",
        "outstanding": 0.0
    },
    {
        "calculationDate": "20150312",
        "outstanding": 81937.0
    },
    {
        "calculationDate": "20160714",
        "outstanding": 137601.0
    },
    {
        "calculationDate": "20170522",
        "outstanding": 144778.0
    },
    {
        "calculationDate": "20191108",
        "outstanding": 157549.0
    },
    {
        "calculationDate": "20210917",
        "outstanding": 975.0
    },
    {
        "calculationDate": "20230108",
        "outstanding": 406969.57
    },
    {
        "calculationDate": "20170605",
        "outstanding": 146430.0
    },
    {
        "calculationDate": "20210202",
        "outstanding": 91414.0
    },
    {
        "calculationDate": "20180521",
        "outstanding": 143858.0
    },
    {
        "calculationDate": "20230217"
    },
    {
        "calculationDate": "20160801",
        "outstanding": 144650.0
    },
    {
        "calculationDate": "20200303",
        "outstanding": 157257.0
    },
    {
        "calculationDate": "20180914",
        "outstanding": 143791.0
    },
    {
        "calculationDate": "20180528",
        "outstanding": 144818.0
    },
    {
        "calculationDate": "20221114",
        "outstanding": 215498.57
    },
    {
        "calculationDate": "20190412",
        "outstanding": 139212.0
    },
    {
        "calculationDate": "20180705",
        "outstanding": 144576.0
    },
    {
        "calculationDate": "20170724",
        "outstanding": 141377.0
    },
    {
        "calculationDate": "20191115",
        "outstanding": 148817.0
    },
    {
        "calculationDate": "20180212",
        "outstanding": 127256.0
    },
    {
        "calculationDate": "20171204",
        "outstanding": 144569.0
    },
    {
        "calculationDate": "20180108",
        "outstanding": 144846.0
    },
    {
        "calculationDate": "20170731",
        "outstanding": 142345.0
    },
    {
        "calculationDate": "20180322",
        "outstanding": 140940.0
    },
    {
        "calculationDate": "20220913",
        "outstanding": 0.0
    },
    {
        "calculationDate": "20161212",
        "outstanding": 142251.0
    },
    {
        "calculationDate": "20221227",
        "outstanding": 356334.82
    },
    {
        "calculationDate": "20220917",
        "outstanding": 0.0
    },
    {
        "calculationDate": "20220414",
        "outstanding": 0.0
    },
    {
        "calculationDate": "20210113",
        "outstanding": 86248.0
    },
    {
        "calculationDate": "20170911",
        "outstanding": 138251.0
    },
    {
        "calculationDate": "20230408",
        "outstanding": 442959.27
    },
    {
        "calculationDate": "20191015",
        "outstanding": 149604.0
    },
    {
        "calculationDate": "20190409",
        "outstanding": 139212.0
    },
    {
        "calculationDate": "20170914",
        "outstanding": 138541.0
    },
    {
        "calculationDate": "20200911",
        "outstanding": 124651.0
    },
    {
        "calculationDate": "20180716",
        "outstanding": 141751.0
    },
    {
        "calculationDate": "20190329",
        "outstanding": 146516.0
    },
    {
        "calculationDate": "20170525",
        "outstanding": 145626.0
    },
    {
        "calculationDate": "20191112",
        "outstanding": 147549.0
    },
    {
        "calculationDate": "20191210",
        "outstanding": 148413.0
    },
    {
        "calculationDate": "20200214",
        "outstanding": 148271.0
    },
    {
        "calculationDate": "20180702"
    },
    {
        "calculationDate": "20210216",
        "outstanding": 69767.0
    },
    {
        "calculationDate": "20230429",
        "outstanding": 426690.6
    },
    {
        "calculationDate": "20190419",
        "outstanding": 145966.0
    },
    {
        "calculationDate": "20150810",
        "outstanding": 103988.0
    },
    {
        "calculationDate": "20170105",
        "outstanding": 139859.0
    },
    {
        "calculationDate": "20190219",
        "outstanding": 145885.0
    },
    {
        "calculationDate": "20180402",
        "outstanding": 146096.0
    },
    {
        "calculationDate": "20161124",
        "outstanding": 141234.0
    },
    {
        "calculationDate": "20171005",
        "outstanding": 137407.0
    },
    {
        "calculationDate": "20150507",
        "outstanding": 94681.0
    },
    {
        "calculationDate": "20171106",
        "outstanding": 142322.0
    },
    {
        "calculationDate": "20190604",
        "outstanding": 147180.0
    },
    {
        "calculationDate": "20190319",
        "outstanding": 144789.0
    },
    {
        "calculationDate": "20180611",
        "outstanding": 141614.0
    },
    {
        "calculationDate": "20160623",
        "outstanding": 139922.0
    },
    {
        "calculationDate": "20190802",
        "outstanding": 150563.0
    },
    {
        "calculationDate": "20211112",
        "outstanding": 0.0
    },
    {
        "calculationDate": "20230514",
        "outstanding": 436079.47
    },
    {
        "calculationDate": "20201208",
        "outstanding": 98402.0
    },
    {
        "calculationDate": "20210504",
        "outstanding": 22144.0
    },
    {
        "calculationDate": "20170918",
        "outstanding": 144900.0
    },
    {
        "calculationDate": "20211119",
        "outstanding": 0.0
    },
    {
        "calculationDate": "20160829",
        "outstanding": 144414.0
    },
    {
        "calculationDate": "20151019",
        "outstanding": 142830.0
    },
    {
        "calculationDate": "20150702",
        "outstanding": 113693.0
    },
    {
        "calculationDate": "20160404",
        "outstanding": 144106.0
    },
    {
        "calculationDate": "20151210",
        "outstanding": 134152.0
    },
    {
        "calculationDate": "20221013",
        "outstanding": 5226.0
    },
    {
        "calculationDate": "20150903",
        "outstanding": 75346.0
    },
    {
        "calculationDate": "20230122",
        "outstanding": 494586.91
    },
    {
        "calculationDate": "20190212",
        "outstanding": 139102.0
    },
    {
        "calculationDate": "20180503",
        "outstanding": 149452.0
    },
    {
        "calculationDate": "20190705",
        "outstanding": 150789.0
    },
    {
        "calculationDate": "20150423",
        "outstanding": 100122.0
    },
    {
        "calculationDate": "20181102",
        "outstanding": 143460.0
    },
    {
        "calculationDate": "20161219",
        "outstanding": 148242.0
    },
    {
        "calculationDate": "20200313",
        "outstanding": 148415.0
    },
    {
        "calculationDate": "20150615",
        "outstanding": 108187.0
    },
    {
        "calculationDate": "20180426",
        "outstanding": 147925.0
    },
    {
        "calculationDate": "20180531",
        "outstanding": 146345.0
    },
    {
        "calculationDate": "20180209",
        "outstanding": 126966.0
    },
    {
        "calculationDate": "20170608",
        "outstanding": 136659.0
    },
    {
        "calculationDate": "20201106",
        "outstanding": 122870.0
    },
    {
        "calculationDate": "20161226",
        "outstanding": 149090.0
    },
    {
        "calculationDate": "20210409",
        "outstanding": 57149.0
    },
    {
        "calculationDate": "20160627",
        "outstanding": 149032.0
    },
    {
        "calculationDate": "20161206",
        "outstanding": 126398.0
    },
    {
        "calculationDate": "20160430",
        "outstanding": 88921.0
    },
    {
        "calculationDate": "20180803",
        "outstanding": 143877.0
    },
    {
        "calculationDate": "20180412",
        "outstanding": 138905.0
    },
    {
        "calculationDate": "20180801",
        "outstanding": 143049.0
    },
    {
        "calculationDate": "20160905",
        "outstanding": 143887.0
    },
    {
        "calculationDate": "20160728",
        "outstanding": 144769.0
    },
    {
        "calculationDate": "20210206",
        "outstanding": 91683.0
    },
    {
        "calculationDate": "20170320",
        "outstanding": 150716.0
    },
    {
        "calculationDate": "20201002",
        "outstanding": 134241.0
    },
    {
        "calculationDate": "20150924",
        "outstanding": 130239.0
    },
    {
        "calculationDate": "20221108",
        "outstanding": 227170.61
    },
    {
        "calculationDate": "20160505",
        "outstanding": 74910.0
    },
    {
        "calculationDate": "20150827",
        "outstanding": 103337.0
    },
    {
        "calculationDate": "20151026",
        "outstanding": 144293.0
    },
    {
        "calculationDate": "20160407",
        "outstanding": 139375.0
    },
    {
        "calculationDate": "20151105",
        "outstanding": 134622.0
    },
    {
        "calculationDate": "20210507",
        "outstanding": 22413.0
    },
    {
        "calculationDate": "20171229",
        "outstanding": 143130.0
    },
    {
        "calculationDate": "20210615",
        "outstanding": 17011.0
    },
    {
        "calculationDate": "20200609",
        "outstanding": 144553.0
    },
    {
        "calculationDate": "20191101",
        "outstanding": 156431.0
    },
    {
        "calculationDate": "20211001",
        "outstanding": 0.0
    },
    {
        "calculationDate": "20170515",
        "outstanding": 144778.0
    },
    {
        "calculationDate": "20180315",
        "outstanding": 135741.0
    },
    {
        "calculationDate": "20170104",
        "outstanding": 139090.0
    },
    {
        "calculationDate": "20201211",
        "outstanding": 100941.0
    },
    {
        "calculationDate": "20160912",
        "outstanding": 143716.0
    },
    {
        "calculationDate": "20150416",
        "outstanding": 96876.0
    },
    {
        "calculationDate": "20170316",
        "outstanding": 152602.0
    },
    {
        "calculationDate": "20190504",
        "outstanding": 148794.0
    },
    {
        "calculationDate": "20160201",
        "outstanding": 145378.0
    },
    {
        "calculationDate": "20171221",
        "outstanding": 144881.0
    },
    {
        "calculationDate": "20200925",
        "outstanding": 132893.0
    },
    {
        "calculationDate": "20230214",
        "outstanding": 492629.99
    },
    {
        "calculationDate": "20200317",
        "outstanding": 154969.0
    },
    {
        "calculationDate": "20210323",
        "outstanding": 55104.0
    },
    {
        "calculationDate": "20170216",
        "outstanding": 141711.0
    },
    {
        "calculationDate": "20170529",
        "outstanding": 146103.0
    },
    {
        "calculationDate": "20200918",
        "outstanding": 130303.0
    },
    {
        "calculationDate": "20160922",
        "outstanding": 143501.0
    },
    {
        "calculationDate": "20190813",
        "outstanding": 150551.0
    },
    {
        "calculationDate": "20230208",
        "outstanding": 475586.91
    },
    {
        "calculationDate": "20211207",
        "outstanding": 8736.0
    },
    {
        "calculationDate": "20160815",
        "outstanding": 140215.0
    },
    {
        "calculationDate": "20201009",
        "outstanding": 114889.0
    },
    {
        "calculationDate": "20221011",
        "outstanding": 4936.0
    },
    {
        "calculationDate": "20190719",
        "outstanding": 148757.0
    },
    {
        "calculationDate": "20200714",
        "outstanding": 144615.0
    },
    {
        "calculationDate": "20160513",
        "outstanding": 75200.0
    },
    {
        "calculationDate": "20180614",
        "outstanding": 141904.0
    },
    {
        "calculationDate": "20200522",
        "outstanding": 153685.0
    },
    {
        "calculationDate": "20180524",
        "outstanding": 144058.0
    },
    {
        "calculationDate": "20221112",
        "outstanding": 210200.61
    },
    {
        "calculationDate": "20160516",
        "outstanding": 78623.0
    },
    {
        "calculationDate": "20151224",
        "outstanding": 143523.0
    },
    {
        "calculationDate": "20211203",
        "outstanding": 8437.0
    },
    {
        "calculationDate": "20180720",
        "outstanding": 142350.0
    },
    {
        "calculationDate": "20190903",
        "outstanding": 157772.0
    },
    {
        "calculationDate": "20170424",
        "outstanding": 150866.0
    },
    {
        "calculationDate": "20150714",
        "outstanding": 103983.0
    },
    {
        "calculationDate": "20180907",
        "outstanding": 143122.0
    },
    {
        "calculationDate": "20200616",
        "outstanding": 150588.0
    },
    {
        "calculationDate": "20200131",
        "outstanding": 155814.0
    },
    {
        "calculationDate": "20200204",
        "outstanding": 156413.0
    },
    {
        "calculationDate": "20230111",
        "outstanding": 407585.62
    },
    {
        "calculationDate": "20190607",
        "outstanding": 147449.0
    },
    {
        "calculationDate": "20180419",
        "outstanding": 146834.0
    },
    {
        "calculationDate": "20171019",
        "outstanding": 144684.0
    },
    {
        "calculationDate": "20170511",
        "outstanding": 142634.0
    },
    {
        "calculationDate": "20151116",
        "outstanding": 142527.0
    },
    {
        "calculationDate": "20201110",
        "outstanding": 93869.0
    },
    {
        "calculationDate": "20151221",
        "outstanding": 144420.0
    },
    {
        "calculationDate": "20191206",
        "outstanding": 158413.0
    },
    {
        "calculationDate": "20180118",
        "outstanding": 133646.0
    },
    {
        "calculationDate": "20151008",
        "outstanding": 143842.0
    },
    {
        "outstanding": 119469.0
    },
    {
        "calculationDate": "20220618",
        "outstanding": 66.0
    },
    {
        "calculationDate": "20151015",
        "outstanding": 141570.0
    },
    {
        "calculationDate": "20230414",
        "outstanding": 452856.6
    },
    {
        "calculationDate": "20161216",
        "outstanding": 146648.0
    },
    {
        "calculationDate": "20160204",
        "outstanding": 145647.0
    },
    {
        "calculationDate": "20211130",
        "outstanding": 7838.0
    },
    {
        "calculationDate": "20160616",
        "outstanding": 135363.0
    },
    {
        "calculationDate": "20180122",
        "outstanding": 136145.0
    },
    {
        "calculationDate": "20180517",
        "outstanding": 147259.0
    },
    {
        "calculationDate": "20170831",
        "outstanding": 147982.0
    },
    {
        "calculationDate": "20180507",
        "outstanding": 149721.0
    },
    {
        "calculationDate": "20150831",
        "outstanding": 111839.0
    },
    {
        "calculationDate": "20151112",
        "outstanding": 134912.0
    },
    {
        "calculationDate": "20160606",
        "outstanding": 136397.0
    },
    {
        "calculationDate": "20150608",
        "outstanding": 100182.0
    },
    {
        "calculationDate": "20170406",
        "outstanding": 151833.0
    },
    {
        "calculationDate": "20190405",
        "outstanding": 147943.0
    },
    {
        "calculationDate": "20190118",
        "outstanding": 145798.0
    },
    {
        "calculationDate": "20210907",
        "outstanding": 78.0
    },
    {
        "calculationDate": "20191203",
        "outstanding": 157765.0
    },
    {
        "calculationDate": "20210316",
        "outstanding": 65104.0
    },
    {
        "calculationDate": "20151214",
        "outstanding": 134642.0
    },
    {
        "calculationDate": "20180111",
        "outstanding": 138762.0
    },
    {
        "calculationDate": "20191122",
        "outstanding": 154019.0
    },
    {
        "calculationDate": "20220719",
        "outstanding": 0.0
    },
    {
        "calculationDate": "20210914",
        "outstanding": 967.0
    },
    {
        "calculationDate": "20220129",
        "outstanding": 0.0
    },
    {
        "calculationDate": "20201201",
        "outstanding": 105995.0
    },
    {
        "calculationDate": "20181030",
        "outstanding": 142392.0
    },
    {
        "calculationDate": "20181016",
        "outstanding": 148667.0
    },
    {
        "calculationDate": "20220519",
        "outstanding": 0.0
    },
    {
        "outstanding": 101348.0
    },
    {
        "calculationDate": "20190806",
        "outstanding": 150832.0
    },
    {
        "calculationDate": "20170413",
        "outstanding": 144598.0
    },
    {
        "calculationDate": "20200717",
        "outstanding": 151369.0
    },
    {
        "calculationDate": "20170814",
        "outstanding": 142904.0
    },
    {
        "calculationDate": "20190809",
        "outstanding": 149071.0
    },
    {
        "calculationDate": "20220203",
        "outstanding": 0.0
    },
    {
        "calculationDate": "20200424",
        "outstanding": 156359.0
    },
    {
        "calculationDate": "20180918",
        "outstanding": 141107.0
    },
    {
        "calculationDate": "20210702",
        "outstanding": 18696.0
    },
    {
        "calculationDate": "20220108",
        "outstanding": 123.0
    },
    {
        "calculationDate": "20230115",
        "outstanding": 438545.91
    },
    {
        "calculationDate": "20200605",
        "outstanding": 154553.0
    },
    {
        "calculationDate": "20210413",
        "outstanding": 59228.0
    },
    {
        "calculationDate": "20190531",
        "outstanding": 146581.0
    },
    {
        "calculationDate": "20151005",
        "outstanding": 135374.0
    },
    {
        "calculationDate": "20210827",
        "outstanding": 0.0
    },
    {
        "calculationDate": "20180709",
        "outstanding": 136576.0
    },
    {
        "calculationDate": "20200115",
        "outstanding": 147466.0
    },
    {
        "calculationDate": "20160523",
        "outstanding": 90213.0
    },
    {
        "calculationDate": "20160929",
        "outstanding": 119200.0
    },
    {
        "calculationDate": "20160718",
        "outstanding": 143449.0
    },
    {
        "calculationDate": "20160919",
        "outstanding": 151164.0
    },
    {
        "calculationDate": "20210525",
        "outstanding": 15155.0
    },
    {
        "calculationDate": "20191001",
        "outstanding": 156078.0
    },
    {
        "calculationDate": "20200218",
        "outstanding": 153848.0
    },
    {
        "calculationDate": "20210817",
        "outstanding": 2011.0
    },
    {
        "calculationDate": "20160324",
        "outstanding": 143776.0
    },
    {
        "calculationDate": "20170220",
        "outstanding": 142471.0
    },
    {
        "calculationDate": "20200908",
        "outstanding": 149651.0
    },
    {
        "calculationDate": "20180831",
        "outstanding": 142025.0
    },
    {
        "calculationDate": "20181216",
        "outstanding": 136633.0
    },
    {
        "calculationDate": "20171116",
        "outstanding": 141559.0
    },
    {
        "calculationDate": "20220614",
        "outstanding": 66.0
    },
    {
        "calculationDate": "20211015",
        "outstanding": 1421.0
    },
    {
        "calculationDate": "20181005",
        "outstanding": 142634.0
    },
    {
        "calculationDate": "20181124",
        "outstanding": 143611.0
    },
    {
        "calculationDate": "20151012",
        "outstanding": 139274.0
    },
    {
        "calculationDate": "20200904",
        "outstanding": 149382.0
    },
    {
        "calculationDate": "20151126",
        "outstanding": 143172.0
    },
    {
        "calculationDate": "20171211",
        "outstanding": 134838.0
    },
    {
        "calculationDate": "20150622",
        "outstanding": 112393.0
    },
    {
        "calculationDate": "20211124",
        "outstanding": 1268.0
    },
    {
        "calculationDate": "20190308",
        "outstanding": 138581.0
    },
    {
        "calculationDate": "20180824",
        "outstanding": 140177.0
    },
    {
        "calculationDate": "20211123",
        "outstanding": 1268.0
    },
    {
        "calculationDate": "20191011",
        "outstanding": 148336.0
    },
    {
        "calculationDate": "20160620",
        "outstanding": 139543.0
    },
    {
        "calculationDate": "20220205",
        "outstanding": 0.0
    },
    {
        "calculationDate": "20171103",
        "outstanding": 142053.0
    },
    {
        "calculationDate": "20200403",
        "outstanding": 155568.0
    },
    {
        "calculationDate": "20201027",
        "outstanding": 121773.0
    },
    {
        "calculationDate": "20151102",
        "outstanding": 144353.0
    },
    {
        "calculationDate": "20221101",
        "outstanding": 219837.73
    },
    {
        "calculationDate": "20171030",
        "outstanding": 141569.0
    },
    {
        "calculationDate": "20150618",
        "outstanding": 110926.0
    },
    {
        "calculationDate": "20211102",
        "outstanding": 2232.0
    },
    {
        "calculationDate": "20160609",
        "outstanding": 131397.0
    },
    {
        "calculationDate": "20160707",
        "outstanding": 136811.0
    },
    {
        "calculationDate": "20160317",
        "outstanding": 143471.0
    },
    {
        "calculationDate": "20220106",
        "outstanding": 0.0
    },
    {
        "calculationDate": "20211218",
        "outstanding": 9104.0
    },
    {
        "calculationDate": "20180409",
        "outstanding": 138165.0
    },
    {
        "calculationDate": "20230117",
        "outstanding": 449011.91
    },
    {
        "calculationDate": "20150528",
        "outstanding": 110182.0
    },
    {
        "calculationDate": "20161103",
        "outstanding": 138911.0
    },
    {
        "outstanding": 76115.0
    },
    {
        "calculationDate": "20180828",
        "outstanding": 140577.0
    },
    {
        "calculationDate": "20211126",
        "outstanding": 2658.0
    },
    {
        "calculationDate": "20180628",
        "outstanding": 143479.0
    },
    {
        "calculationDate": "20210720",
        "outstanding": 2000.0
    },
    {
        "calculationDate": "20210402",
        "outstanding": 55703.0
    },
    {
        "calculationDate": "20160818",
        "outstanding": 142515.0
    },
    {
        "calculationDate": "20151207",
        "outstanding": 143652.0
    },
    {
        "calculationDate": "20171127",
        "outstanding": 142986.0
    },
    {
        "calculationDate": "20200710",
        "outstanding": 144325.0
    },
    {
        "calculationDate": "20171012",
        "outstanding": 140139.0
    },
    {
        "calculationDate": "20190208",
        "outstanding": 148102.0
    },
    {
        "calculationDate": "20200812",
        "outstanding": 142312.0
    },
    {
        "calculationDate": "20160926",
        "outstanding": 144200.0
    },
    {
        "calculationDate": "20161010",
        "outstanding": 127120.0
    },
    {
        "calculationDate": "20150304",
        "outstanding": 3190.0
    },
    {
        "calculationDate": "20190507",
        "outstanding": 149063.0
    },
    {
        "calculationDate": "20170727",
        "outstanding": 107076.0
    },
    {
        "calculationDate": "20220419",
        "outstanding": 0.0
    },
    {
        "calculationDate": "20160114",
        "outstanding": 135225.0
    },
    {
        "calculationDate": "20201006",
        "outstanding": 134510.0
    },
    {
        "calculationDate": "20190216",
        "outstanding": 139771.0
    },
    {
        "calculationDate": "20210212",
        "outstanding": 62411.0
    },
    {
        "calculationDate": "20220118",
        "outstanding": 417.0
    },
    {
        "calculationDate": "20170323",
        "outstanding": 150865.0
    },
    {
        "calculationDate": "20190205",
        "outstanding": 147833.0
    },
    {
        "calculationDate": "20201117",
        "outstanding": 98468.0
    },
    {
        "calculationDate": "20211223",
        "outstanding": 0.0
    },
    {
        "calculationDate": "20170817",
        "outstanding": 147154.0
    },
    {
        "calculationDate": "20150813",
        "outstanding": 109587.0
    },
    {
        "calculationDate": "20170202",
        "outstanding": 140099.0
    },
    {
        "calculationDate": "20201215",
        "outstanding": 101830.0
    },
    {
        "calculationDate": "20210601",
        "outstanding": 15853.0
    },
    {
        "calculationDate": "20201113",
        "outstanding": 94159.0
    },
    {
        "calculationDate": "20190702",
        "outstanding": 147500.0
    },
    {
        "calculationDate": "20171109",
        "outstanding": 136585.0
    },
    {
        "calculationDate": "20221015",
        "outstanding": 0.0
    },
    {
        "calculationDate": "20180618",
        "outstanding": 138984.0
    },
    {
        "calculationDate": "20160411",
        "outstanding": 139650.0
    },
    {
        "calculationDate": "20200310",
        "outstanding": 148125.0
    },
    {
        "calculationDate": "20220709",
        "outstanding": 0.0
    },
    {
        "calculationDate": "20201013",
        "outstanding": 115179.0
    },
    {
        "calculationDate": "20230411",
        "outstanding": 443249.27
    },
    {
        "calculationDate": "20160901",
        "outstanding": 143318.0
    },
    {
        "calculationDate": "20200407",
        "outstanding": 155837.0
    },
    {
        "calculationDate": "20170706",
        "outstanding": 145649.0
    },
    {
        "calculationDate": "20190111",
        "outstanding": 139085.0
    },
    {
        "calculationDate": "20170824",
        "outstanding": 148002.0
    },
    {
        "calculationDate": "20171023",
        "outstanding": 137984.0
    },
    {
        "calculationDate": "20220514",
        "outstanding": 0.0
    },
    {
        "calculationDate": "20230123",
        "outstanding": 495586.91
    },
    {
        "calculationDate": "20201103",
        "outstanding": 122601.0
    },
    {
        "calculationDate": "20190913",
        "outstanding": 150200.0
    },
    {
        "calculationDate": "20210618",
        "outstanding": 17198.0
    },
    {
        "calculationDate": "20220215",
        "outstanding": 0.0
    },
    {
        "calculationDate": "20160630",
        "outstanding": 146542.0
    },
    {
        "calculationDate": "20230314",
        "outstanding": 469339.27
    },
    {
        "calculationDate": "20200619",
        "outstanding": 150588.0
    },
    {
        "calculationDate": "20220616",
        "outstanding": 66.0
    },
    {
        "calculationDate": "20180201",
        "outstanding": 139697.0
    },
    {
        "calculationDate": "20180817",
        "outstanding": 138909.0
    },
    {
        "calculationDate": "20180423",
        "outstanding": 147133.0
    },
    {
        "calculationDate": "20211105",
        "outstanding": 2501.0
    },
    {
        "calculationDate": "20220113",
        "outstanding": 413.0
    },
    {
        "calculationDate": "20190402",
        "outstanding": 147344.0
    },
    {
        "calculationDate": "20180904",
        "outstanding": 142853.0
    },
    {
        "calculationDate": "20190514",
        "outstanding": 139732.0
    },
    {
        "calculationDate": "20150420",
        "outstanding": 99953.0
    },
    {
        "calculationDate": "20221022",
        "outstanding": 198448.0
    },
    {
        "calculationDate": "20181127",
        "outstanding": 144268.0
    },
    {
        "calculationDate": "20191018",
        "outstanding": 154699.0
    },
    {
        "calculationDate": "20160107",
        "outstanding": 133259.0
    },
    {
        "calculationDate": "20221214",
        "outstanding": 182584.21
    },
    {
        "calculationDate": "20160908",
        "outstanding": 144036.0
    },
    {
        "calculationDate": "20171113",
        "outstanding": 136875.0
    },
    {
        "calculationDate": "20230311",
        "outstanding": 459639.99
    },
    {
        "calculationDate": "20180101",
        "outstanding": 144577.0
    },
    {
        "calculationDate": "20170109",
        "outstanding": 140459.0
    },
    {
        "calculationDate": "20210219",
        "outstanding": 69767.0
    },
    {
        "calculationDate": "20170907",
        "outstanding": 148251.0
    },
    {
        "calculationDate": "20200814",
        "outstanding": 143701.0
    },
    {
        "calculationDate": "20220210",
        "outstanding": 0.0
    },
    {
        "calculationDate": "20170116",
        "outstanding": 141627.0
    },
    {
        "calculationDate": "20220305",
        "outstanding": 0.0
    },
    {
        "calculationDate": "20220315",
        "outstanding": 0.0
    },
    {
        "calculationDate": "20180814",
        "outstanding": 144070.0
    },
    {
        "calculationDate": "20170428",
        "outstanding": 151565.0
    },
    {
        "calculationDate": "20170126",
        "outstanding": 140000.0
    },
    {
        "calculationDate": "20160811",
        "outstanding": 128718.0
    },
    {
        "calculationDate": "20190906",
        "outstanding": 158041.0
    },
    {
        "calculationDate": "20160613",
        "outstanding": 78687.0
    },
    {
        "calculationDate": "20200211",
        "outstanding": 147382.0
    },
    {
        "calculationDate": "20181204",
        "outstanding": 145695.0
    },
    {
        "calculationDate": "20150310",
        "outstanding": 69037.0
    },
    {
        "calculationDate": "20220813",
        "outstanding": 0.0
    },
    {
        "calculationDate": "20191008",
        "outstanding": 158336.0
    },
    {
        "calculationDate": "20191129",
        "outstanding": 155676.0
    },
    {
        "calculationDate": "20161107",
        "outstanding": 134206.0
    },
    {
        "calculationDate": "20200306",
        "outstanding": 158125.0
    },
    {
        "calculationDate": "20200707",
        "outstanding": 151835.0
    },
    {
        "calculationDate": "20180807",
        "outstanding": 143780.0
    },
    {
        "calculationDate": "20200703",
        "outstanding": 151566.0
    },
    {
        "calculationDate": "20220222",
        "outstanding": 0.0
    },
    {
        "calculationDate": "20181106",
        "outstanding": 146143.0
    },
    {
        "calculationDate": "20180312",
        "outstanding": 130477.0
    },
    {
        "calculationDate": "20201023",
        "outstanding": 121773.0
    },
    {
        "calculationDate": "20161117",
        "outstanding": 142986.0
    },
    {
        "calculationDate": "20190430",
        "outstanding": 147966.0
    },
    {
        "calculationDate": "20170925",
        "outstanding": 137138.0
    },
    {
        "calculationDate": "20170629",
        "outstanding": 145380.0
    },
    {
        "calculationDate": "20160526",
        "outstanding": 105311.0
    },
    {
        "calculationDate": "20211019",
        "outstanding": 1434.0
    },
    {
        "calculationDate": "20190305",
        "outstanding": 138312.0
    },
    {
        "calculationDate": "20191227",
        "outstanding": 155746.0
    },
    {
        "calculationDate": "20220317",
        "outstanding": 0.0
    },
    {
        "calculationDate": "20171026",
        "outstanding": 138832.0
    },
    {
        "calculationDate": "20220204",
        "outstanding": 0.0
    },
    {
        "calculationDate": "20201204",
        "outstanding": 108133.0
    },
    {
        "calculationDate": "20180228",
        "outstanding": 133057.0
    },
    {
        "calculationDate": "20191231",
        "outstanding": 157403.0
    },
    {
        "calculationDate": "20210806",
        "outstanding": 1067.0
    },
    {
        "calculationDate": "20190830",
        "outstanding": 156645.0
    },
    {
        "calculationDate": "20180305",
        "outstanding": 137418.0
    },
    {
        "calculationDate": "20190108",
        "outstanding": 145988.0
    },
    {
        "calculationDate": "20200915",
        "outstanding": 125540.0
    },
    {
        "calculationDate": "20180302",
        "outstanding": 133756.0
    },
    {
        "calculationDate": "20170622",
        "outstanding": 144532.0
    },
    {
        "calculationDate": "20200818",
        "outstanding": 148783.0
    },
    {
        "calculationDate": "20200414",
        "outstanding": 150106.0
    },
    {
        "calculationDate": "20190618",
        "outstanding": 145173.0
    },
    {
        "calculationDate": "20201030",
        "outstanding": 122002.0
    },
    {
        "calculationDate": "20170329",
        "outstanding": 151564.0
    },
    {
        "calculationDate": "20150611",
        "outstanding": 104884.0
    },
    {
        "calculationDate": "20160314",
        "outstanding": 138053.0
    },
    {
        "calculationDate": "20181113",
        "outstanding": 147081.0
    },
    {
        "calculationDate": "20170420",
        "outstanding": 150717.0
    },
    {
        "calculationDate": "20150727",
        "outstanding": 109065.0
    },
    {
        "calculationDate": "20200515",
        "outstanding": 148191.0
    },
    {
        "calculationDate": "20160530",
        "outstanding": 110361.0
    },
    {
        "calculationDate": "20221106",
        "outstanding": 232656.73
    },
    {
        "calculationDate": "20201124",
        "outstanding": 99958.0
    },
    {
        "calculationDate": "20181019",
        "outstanding": 148667.0
    },
    {
        "calculationDate": "20160215",
        "outstanding": 143127.0
    },
    {
        "calculationDate": "20190115",
        "outstanding": 139754.0
    },
    {
        "calculationDate": "20230608",
        "outstanding": 419179.47
    },
    {
        "calculationDate": "20230511",
        "outstanding": 426980.6
    },
    {
        "calculationDate": "20170213",
        "outstanding": 137174.0
    },
    {
        "calculationDate": "20230211",
        "outstanding": 475876.91
    },
    {
        "calculationDate": "20200121",
        "outstanding": 154756.0
    },
    {
        "calculationDate": "20170410",
        "outstanding": 143858.0
    },
    {
        "calculationDate": "20230103",
        "outstanding": 364258.59
    },
    {
        "calculationDate": "20160310",
        "outstanding": 137763.0
    },
    {
        "calculationDate": "20211009",
        "outstanding": 532.0
    },
    {
        "calculationDate": "20170227",
        "outstanding": 142068.0
    },
    {
        "calculationDate": "20220122",
        "outstanding": 1291.0
    },
    {
        "calculationDate": "20200512",
        "outstanding": 147227.0
    },
    {
        "calculationDate": "20220818",
        "outstanding": 0.0
    },
    {
        "calculationDate": "20160118",
        "outstanding": 145363.0
    },
    {
        "calculationDate": "20160307",
        "outstanding": 137163.0
    },
    {
        "calculationDate": "20210406",
        "outstanding": 56151.0
    },
    {
        "calculationDate": "20181009",
        "outstanding": 142903.0
    },
    {
        "calculationDate": "20210105",
        "outstanding": 106248.0
    },
    {
        "calculationDate": "20190315",
        "outstanding": 139250.0
    },
    {
        "calculationDate": "20210706",
        "outstanding": 21455.0
    },
    {
        "calculationDate": "20150709",
        "outstanding": 103693.0
    },
    {
        "calculationDate": "20190730",
        "outstanding": 149356.0
    },
    {
        "calculationDate": "20150716",
        "outstanding": 107725.0
    },
    {
        "calculationDate": "20230105",
        "outstanding": 371574.52
    },
    {
        "calculationDate": "20150915",
        "outstanding": 108894.0
    },
    {
        "calculationDate": "20221110",
        "outstanding": 265730.61
    },
    {
        "calculationDate": "20180416",
        "outstanding": 145936.0
    },
    {
        "calculationDate": "20200602",
        "outstanding": 154284.0
    },
    {
        "calculationDate": "20170306",
        "outstanding": 140610.0
    },
    {
        "calculationDate": "20200519",
        "outstanding": 153306.0
    },
    {
        "calculationDate": "20180607",
        "outstanding": 146614.0
    },
    {
        "calculationDate": "20220219",
        "outstanding": 0.0
    },
    {
        "calculationDate": "20170717",
        "outstanding": 141228.0
    },
    {
        "calculationDate": "20221219",
        "outstanding": 240076.86
    },
    {
        "calculationDate": "20210302",
        "outstanding": 75846.0
    },
    {
        "calculationDate": "20200417",
        "outstanding": 155981.0
    },
    {
        "calculationDate": "20220303",
        "outstanding": 0.0
    },
    {
        "calculationDate": "20160331",
        "outstanding": 139776.0
    },
    {
        "calculationDate": "20200505",
        "outstanding": 156958.0
    },
    {
        "calculationDate": "20180319",
        "outstanding": 138941.0
    },
    {
        "calculationDate": "20160808",
        "outstanding": 144919.0
    },
    {
        "calculationDate": "20180129",
        "outstanding": 139098.0
    },
    {
        "calculationDate": "20200807",
        "outstanding": 152312.0
    },
    {
        "calculationDate": "20200117",
        "outstanding": 153366.0
    },
    {
        "calculationDate": "20191213",
        "outstanding": 149461.0
    },
    {
        "calculationDate": "20160519",
        "outstanding": 87785.0
    },
    {
        "calculationDate": "20150731",
        "outstanding": 112374.0
    },
    {
        "calculationDate": "20161114",
        "outstanding": 137494.0
    },
    {
        "calculationDate": "20150316",
        "outstanding": 83725.0
    },
    {
        "calculationDate": "20230308",
        "outstanding": 459349.99
    },
    {
        "calculationDate": "20180406",
        "outstanding": 146365.0
    },
    {
        "calculationDate": "20220224",
        "outstanding": 0.0
    },
    {
        "calculationDate": "20200804",
        "outstanding": 152043.0
    },
    {
        "calculationDate": "20210608",
        "outstanding": 16122.0
    },
    {
        "calculationDate": "20190614"
    },
    {
        "calculationDate": "20220120",
        "outstanding": 942.0
    },
    {
        "calculationDate": "20170313",
        "outstanding": 146465.0
    },
    {
        "calculationDate": "20230611",
        "outstanding": 419469.47
    },
    {
        "calculationDate": "20211005",
        "outstanding": 0.0
    },
    {
        "calculationDate": "20210831",
        "outstanding": 0.0
    },
    {
        "calculationDate": "20170710",
        "outstanding": 135649.0
    },
    {
        "calculationDate": "20221018",
        "outstanding": 156448.0
    },
    {
        "calculationDate": "20161201",
        "outstanding": 125734.0
    },
    {
        "calculationDate": "20181218",
        "outstanding": 142710.0
    },
    {
        "calculationDate": "20210423",
        "outstanding": 21446.0
    },
    {
        "calculationDate": "20210803",
        "outstanding": 798.0
    },
    {
        "calculationDate": "20190716",
        "outstanding": 148757.0
    },
    {
        "calculationDate": "20200508",
        "outstanding": 157227.0
    },
    {
        "calculationDate": "20200623",
        "outstanding": 150967.0
    },
    {
        "calculationDate": "20180712",
        "outstanding": 137095.0
    },
    {
        "calculationDate": "20161110",
        "outstanding": 129206.0
    },
    {
        "calculationDate": "20190201",
        "outstanding": 147225.0
    },
    {
        "calculationDate": "20150921",
        "outstanding": 127476.0
    },
    {
        "calculationDate": "20151203",
        "outstanding": 143368.0
    },
    {
        "calculationDate": "20190910",
        "outstanding": 149531.0
    },
    {
        "calculationDate": "20211116",
        "outstanding": 0.0
    },
    {
        "calculationDate": "20200728",
        "outstanding": 151444.0
    },
    {
        "calculationDate": "20200110",
        "outstanding": 162176.0
    },
    {
        "calculationDate": "20160111",
        "outstanding": 133735.0
    },
    {
        "calculationDate": "20170302",
        "outstanding": 140341.0
    },
    {
        "calculationDate": "20210319",
        "outstanding": 55104.0
    },
    {
        "calculationDate": "20190816",
        "outstanding": 156046.0
    },
    {
        "calculationDate": "20181130",
        "outstanding": 144867.0
    },
    {
        "calculationDate": "20150817",
        "outstanding": 113337.0
    },
    {
        "calculationDate": "20171214",
        "outstanding": 135128.0
    },
    {
        "calculationDate": "20221211",
        "outstanding": 175788.57
    },
    {
        "calculationDate": "20170209",
        "outstanding": 135817.0
    },
    {
        "calculationDate": "20190820",
        "outstanding": 156046.0
    },
    {
        "calculationDate": "20180219",
        "outstanding": 131725.0
    },
    {
        "calculationDate": "20230118",
        "outstanding": 466896.91
    },
    {
        "calculationDate": "20201020",
        "outstanding": 121174.0
    },
    {
        "calculationDate": "20221118",
        "outstanding": 175498.57
    },
    {
        "calculationDate": "20230101",
        "outstanding": 359929.59
    },
    {
        "calculationDate": "20190104",
        "outstanding": 144961.0
    },
    {
        "calculationDate": "20210309",
        "outstanding": 56115.0
    },
    {
        "calculationDate": "20181109",
        "outstanding": 146791.0
    },
    {
        "calculationDate": "20180514",
        "outstanding": 141211.0
    },
    {
        "calculationDate": "20181116",
        "outstanding": 153611.0
    },
    {
        "calculationDate": "20210420",
        "outstanding": 21248.0
    },
    {
        "calculationDate": "20210115",
        "outstanding": 87137.0
    },
    {
        "calculationDate": "20161027",
        "outstanding": 136637.0
    },
    {
        "calculationDate": "20190301",
        "outstanding": 136885.0
    },
    {
        "calculationDate": "20210713",
        "outstanding": 793.0
    },
    {
        "calculationDate": "20160602",
        "outstanding": 130724.0
    },
    {
        "calculationDate": "20180215",
        "outstanding": 131725.0
    },
    {
        "calculationDate": "20160725",
        "outstanding": 144148.0
    },
    {
        "calculationDate": "20190920",
        "outstanding": 155479.0
    },
    {
        "calculationDate": "20211221",
        "outstanding": 0.0
    },
    {
        "calculationDate": "20150505",
        "outstanding": 94181.0
    },
    {
        "calculationDate": "20180821",
        "outstanding": 139677.0
    },
    {
        "calculationDate": "20171207",
        "outstanding": 144838.0
    },
    {
        "calculationDate": "20221225",
        "outstanding": 353019.85
    },
    {
        "calculationDate": "20161031",
        "outstanding": 136736.0
    },
    {
        "calculationDate": "20221218",
        "outstanding": 239946.96
    },
    {
        "calculationDate": "20220714",
        "outstanding": 0.0
    },
    {
        "calculationDate": "20210224",
        "outstanding": 75247.0
    },
    {
        "calculationDate": "20210416",
        "outstanding": 61248.0
    },
    {
        "calculationDate": "20210709",
        "outstanding": 0.0
    },
    {
        "calculationDate": "20160915",
        "outstanding": 148601.0
    },
    {
        "calculationDate": "20190416",
        "outstanding": 145966.0
    },
    {
        "calculationDate": "20161020",
        "outstanding": 135539.0
    },
    {
        "calculationDate": "20190628",
        "outstanding": 146672.0
    },
    {
        "calculationDate": "20161017",
        "outstanding": 134548.0
    },
    {
        "calculationDate": "20200207",
        "outstanding": 156682.0
    },
    {
        "calculationDate": "20210716",
        "outstanding": 2000.0
    },
    {
        "calculationDate": "20211216",
        "outstanding": 8814.0
    },
    {
        "calculationDate": "20160208",
        "outstanding": 136747.0
    },
    {
        "calculationDate": "20190524",
        "outstanding": 145753.0
    },
    {
        "calculationDate": "20150928",
        "outstanding": 139214.0
    },
    {
        "calculationDate": "20200107",
        "outstanding": 159536.0
    },
    {
        "calculationDate": "20170206",
        "outstanding": 140368.0
    },
    {
        "calculationDate": "20210209",
        "outstanding": 61962.0
    },
    {
        "calculationDate": "20190709",
        "outstanding": 142058.0
    },
    {
        "calculationDate": "20170504",
        "outstanding": 151834.0
    },
    {
        "calculationDate": "20200410",
        "outstanding": 148626.0
    },
    {
        "calculationDate": "20161024",
        "outstanding": 135938.0
    },
    {
        "calculationDate": "20201218",
        "outstanding": 105380.0
    },
    {
        "calculationDate": "20221222",
        "outstanding": 245380.86
    },
    {
        "calculationDate": "20181207",
        "outstanding": 145964.0
    },
    {
        "calculationDate": "20170616",
        "outstanding": 144532.0
    },
    {
        "calculationDate": "20210518",
        "outstanding": 0.0
    },
    {
        "calculationDate": "20191218",
        "outstanding": 155147.0
    },
    {
        "calculationDate": "20180326",
        "outstanding": 144569.0
    },
    {
        "calculationDate": "20220217",
        "outstanding": 0.0
    },
    {
        "calculationDate": "20181002",
        "outstanding": 141806.0
    },
    {
        "calculationDate": "20210813",
        "outstanding": 1956.0
    },
    {
        "calculationDate": "20160218"
    },
    {
        "calculationDate": "20201016",
        "outstanding": 119909.0
    },
    {
        "calculationDate": "20170112",
        "outstanding": 135762.0
    },
    {
        "calculationDate": "20190917",
        "outstanding": 155479.0
    },
    {
        "calculationDate": "20200103",
        "outstanding": 159267.0
    },
    {
        "calculationDate": "20151001",
        "outstanding": 134459.0
    },
    {
        "calculationDate": "20150430",
        "outstanding": 100122.0
    },
    {
        "calculationDate": "20150525",
        "outstanding": 108182.0
    },
    {
        "calculationDate": "20210514",
        "outstanding": 23302.0
    },
    {
        "calculationDate": "20180621",
        "outstanding": 140983.0
    },
    {
        "calculationDate": "20210119",
        "outstanding": 90815.0
    },
    {
        "calculationDate": "20200221",
        "outstanding": 156798.0
    },
    {
        "calculationDate": "20170807",
        "outstanding": 142614.0
    },
    {
        "calculationDate": "20220125",
        "outstanding": 0.0
    }
]