[
    {
        "calculationDate": "20221205",
        "outstanding": 15000.0
    },
    {
        "calculationDate": "20230208",
        "outstanding": 44971.46
    },
    {
        "calculationDate": "20230310",
        "outstanding": 35000.0
    },
    {
        "calculationDate": "20220923",
        "outstanding": 9096.0
    },
    {
        "calculationDate": "20230116",
        "outstanding": 15363.75
    },
    {
        "calculationDate": "20221201",
        "outstanding": 13897.14
    },
    {
        "calculationDate": "20230205",
        "outstanding": 0.0
    },
    {
        "calculationDate": "20230416",
        "outstanding": 46972.6
    },
    {
        "calculationDate": "20221017",
        "outstanding": 17188.0
    },
    {
        "calculationDate": "20230131",
        "outstanding": 14363.75
    },
    {
        "calculationDate": "20220822",
        "outstanding": 0.0
    },
    {
        "calculationDate": "20230306",
        "outstanding": 0.0
    },
    {
        "calculationDate": "20230216",
        "outstanding": 49001.62
    },
    {
        "calculationDate": "20221003",
        "outstanding": 14996.0
    },
    {
        "calculationDate": "20221109",
        "outstanding": 0.56
    },
    {
        "calculationDate": "20220919",
        "outstanding": 96.0
    },
    {
        "calculationDate": "20220817",
        "outstanding": 0.0
    },
    {
        "calculationDate": "20221226",
        "outstanding": 10000.19
    },
    {
        "calculationDate": "20230316",
        "outstanding": 48027.82
    },
    {
        "calculationDate": "20230501",
        "outstanding": 46664.55
    },
    {
        "calculationDate": "20221231",
        "outstanding": 1415.14
    },
    {
        "calculationDate": "20221031",
        "outstanding": 14988.0
    },
    {
        "calculationDate": "20230531",
        "outstanding": 48718.25
    },
    {
        "calculationDate": "20220819",
        "outstanding": 0.0
    },
    {
        "calculationDate": "20221230",
        "outstanding": 0.19
    },
    {
        "calculationDate": "20230409",
        "outstanding": 45000.0
    },
    {
        "calculationDate": "20230207",
        "outstanding": 40971.46
    },
    {
        "calculationDate": "20220928",
        "outstanding": 13096.0
    },
    {
        "calculationDate": "20221116",
        "outstanding": 0.56
    },
    {
        "calculationDate": "20230203",
        "outstanding": 0.0
    },
    {
        "calculationDate": "20230204",
        "outstanding": 0.0
    },
    {
        "calculationDate": "20220930",
        "outstanding": 14096.0
    },
    {
        "calculationDate": "20220914",
        "outstanding": 120.0
    },
    {
        "calculationDate": "20230516",
        "outstanding": 48718.25
    },
    {
        "calculationDate": "20221030",
        "outstanding": 14231.0
    },
    {
        "calculationDate": "20230308",
        "outstanding": 10000.0
    },
    {
        "calculationDate": "20221216",
        "outstanding": 15821.63
    },
    {
        "calculationDate": "20230206",
        "outstanding": 13271.46
    },
    {
        "calculationDate": "20230313",
        "outstanding": 42985.13
    }
]