[
    {
        "calculationDate": "20220919",
        "outstanding": 22218.0
    },
    {
        "calculationDate": "20200924",
        "outstanding": 18398.0
    },
    {
        "calculationDate": "20210218",
        "outstanding": 12492.0
    },
    {
        "calculationDate": "20210712",
        "outstanding": 22499.0
    },
    {
        "calculationDate": "20201214",
        "outstanding": 27598.0
    },
    {
        "calculationDate": "20210705",
        "outstanding": 21499.0
    },
    {
        "calculationDate": "20210304",
        "outstanding": 12416.0
    },
    {
        "calculationDate": "20220228",
        "outstanding": 0.0
    },
    {
        "calculationDate": "20210816",
        "outstanding": 16051.0
    },
    {
        "calculationDate": "20210128",
        "outstanding": 6916.0
    },
    {
        "calculationDate": "20201224",
        "outstanding": 27598.0
    },
    {
        "calculationDate": "20210722",
        "outstanding": 11900.0
    },
    {
        "calculationDate": "20210726",
        "outstanding": 12400.0
    },
    {
        "calculationDate": "20201123",
        "outstanding": 10798.0
    },
    {
        "calculationDate": "20210121",
        "outstanding": 0.0
    },
    {
        "calculationDate": "20230326",
        "outstanding": 23348.07
    },
    {
        "calculationDate": "20230416",
        "outstanding": 16348.07
    },
    {
        "calculationDate": "20210308",
        "outstanding": 12416.0
    },
    {
        "calculationDate": "20210603",
        "outstanding": 13839.0
    },
    {
        "calculationDate": "20210701",
        "outstanding": 21229.0
    },
    {
        "calculationDate": "20211004",
        "outstanding": 18572.0
    },
    {
        "calculationDate": "20220405"
    },
    {
        "calculationDate": "20220415",
        "outstanding": 16284.0
    },
    {
        "calculationDate": "20200525",
        "outstanding": 0.0
    },
    {
        "calculationDate": "20220328",
        "outstanding": 8249.0
    },
    {
        "calculationDate": "20210325",
        "outstanding": 9699.0
    },
    {
        "calculationDate": "20230430",
        "outstanding": 25274.0
    },
    {
        "calculationDate": "20220303",
        "outstanding": 347.0
    },
    {
        "calculationDate": "20211207",
        "outstanding": 14798.0
    },
    {
        "calculationDate": "20220524",
        "outstanding": 3997.0
    },
    {
        "calculationDate": "20200817",
        "outstanding": 0.0
    },
    {
        "calculationDate": "20210729",
        "outstanding": 17196.0
    },
    {
        "calculationDate": "20221225",
        "outstanding": 21895.29
    },
    {
        "calculationDate": "20220425",
        "outstanding": 18660.0
    },
    {
        "calculationDate": "20220902",
        "outstanding": 17681.0
    },
    {
        "calculationDate": "20220627",
        "outstanding": 20960.0
    },
    {
        "calculationDate": "20211118",
        "outstanding": 18798.0
    },
    {
        "calculationDate": "20210902",
        "outstanding": 18426.0
    },
    {
        "calculationDate": "20221215",
        "outstanding": 17024.43
    },
    {
        "calculationDate": "20230511",
        "outstanding": 27946.93
    },
    {
        "calculationDate": "20220211",
        "outstanding": 0.0
    },
    {
        "calculationDate": "20230312",
        "outstanding": 16035.0
    },
    {
        "calculationDate": "20210408",
        "outstanding": 11589.0
    },
    {
        "calculationDate": "20210624",
        "outstanding": 16444.0
    },
    {
        "calculationDate": "20210506",
        "outstanding": 9581.0
    },
    {
        "calculationDate": "20210621",
        "outstanding": 14944.0
    },
    {
        "calculationDate": "20210930",
        "outstanding": 17926.0
    },
    {
        "calculationDate": "20230314",
        "outstanding": 16035.0
    },
    {
        "calculationDate": "20211116",
        "outstanding": 18402.0
    },
    {
        "calculationDate": "20220503",
        "outstanding": 19691.0
    },
    {
        "calculationDate": "20230427",
        "outstanding": 24106.27
    },
    {
        "calculationDate": "20200820",
        "outstanding": 2400.0
    },
    {
        "calculationDate": "20230606",
        "outstanding": 20491.27
    },
    {
        "calculationDate": "20210524",
        "outstanding": 18539.0
    },
    {
        "calculationDate": "20230305",
        "outstanding": 16035.0
    },
    {
        "calculationDate": "20200824",
        "outstanding": 17998.0
    },
    {
        "calculationDate": "20230528",
        "outstanding": 28901.27
    },
    {
        "calculationDate": "20230604",
        "outstanding": 29491.27
    },
    {
        "calculationDate": "20210819",
        "outstanding": 16580.0
    },
    {
        "calculationDate": "20211220",
        "outstanding": 16490.0
    },
    {
        "calculationDate": "20211028",
        "outstanding": 11286.0
    },
    {
        "calculationDate": "20230223",
        "outstanding": 16035.0
    },
    {
        "calculationDate": "20220411",
        "outstanding": 16083.0
    },
    {
        "calculationDate": "20220907",
        "outstanding": 18251.0
    },
    {
        "calculationDate": "20230523",
        "outstanding": 28674.4
    },
    {
        "calculationDate": "20210125",
        "outstanding": 0.0
    },
    {
        "calculationDate": "20220530",
        "outstanding": 8703.0
    },
    {
        "calculationDate": "20210715",
        "outstanding": 22733.0
    },
    {
        "calculationDate": "20220914",
        "outstanding": 21228.0
    },
    {
        "calculationDate": "20220912",
        "outstanding": 20154.0
    },
    {
        "calculationDate": "20201126",
        "outstanding": 11398.0
    },
    {
        "calculationDate": "20200713",
        "outstanding": 14100.0
    },
    {
        "calculationDate": "20211211",
        "outstanding": 14798.0
    },
    {
        "calculationDate": "20230526",
        "outstanding": 28901.27
    },
    {
        "calculationDate": "20230425",
        "outstanding": 24000.0
    },
    {
        "calculationDate": "20210211",
        "outstanding": 10306.0
    },
    {
        "calculationDate": "20220824",
        "outstanding": 8928.0
    },
    {
        "calculationDate": "20220112",
        "outstanding": 0.0
    },
    {
        "calculationDate": "20220121",
        "outstanding": 0.0
    },
    {
        "calculationDate": "20230504",
        "outstanding": 26830.0
    },
    {
        "calculationDate": "20210520",
        "outstanding": 18039.0
    },
    {
        "calculationDate": "20230307",
        "outstanding": 16035.0
    },
    {
        "calculationDate": "20230611",
        "outstanding": 21455.62
    },
    {
        "calculationDate": "20210301",
        "outstanding": 13716.0
    },
    {
        "outstanding": 23348.07
    },
    {
        "calculationDate": "20220822",
        "outstanding": 8855.0
    },
    {
        "calculationDate": "20221017",
        "outstanding": 29426.0
    },
    {
        "calculationDate": "20220815",
        "outstanding": 25000.0
    },
    {
        "calculationDate": "20220718",
        "outstanding": 25000.0
    },
    {
        "calculationDate": "20221124",
        "outstanding": 7472.0
    },
    {
        "calculationDate": "20211101",
        "outstanding": 11619.0
    },
    {
        "calculationDate": "20211108",
        "outstanding": 16508.0
    },
    {
        "calculationDate": "20210311",
        "outstanding": 13039.0
    },
    {
        "calculationDate": "20220711",
        "outstanding": 22598.0
    },
    {
        "calculationDate": "20220602",
        "outstanding": 13072.0
    },
    {
        "calculationDate": "20220820",
        "outstanding": 7413.0
    },
    {
        "calculationDate": "20220926",
        "outstanding": 29426.0
    },
    {
        "calculationDate": "20211014",
        "outstanding": 20772.0
    },
    {
        "calculationDate": "20220608",
        "outstanding": 23037.0
    },
    {
        "calculationDate": "20201203",
        "outstanding": 11098.0
    },
    {
        "calculationDate": "20210405",
        "outstanding": 11192.0
    },
    {
        "calculationDate": "20220527",
        "outstanding": 3997.0
    },
    {
        "calculationDate": "20230509",
        "outstanding": 27242.44
    },
    {
        "calculationDate": "20230108",
        "outstanding": 21895.29
    },
    {
        "calculationDate": "20220128",
        "outstanding": 0.0
    },
    {
        "calculationDate": "20200720",
        "outstanding": 17612.0
    },
    {
        "calculationDate": "20210422",
        "outstanding": 0.0
    },
    {
        "calculationDate": "20220829",
        "outstanding": 10662.0
    },
    {
        "calculationDate": "20220516",
        "outstanding": 19691.0
    },
    {
        "calculationDate": "20201015",
        "outstanding": 19398.0
    },
    {
        "calculationDate": "20211025",
        "outstanding": 10884.0
    },
    {
        "calculationDate": "20201217",
        "outstanding": 27598.0
    },
    {
        "calculationDate": "20220518",
        "outstanding": 0.0
    },
    {
        "calculationDate": "20220306",
        "outstanding": 2535.0
    },
    {
        "calculationDate": "20210315",
        "outstanding": 13439.0
    },
    {
        "calculationDate": "20230502",
        "outstanding": 26130.0
    },
    {
        "calculationDate": "20200604",
        "outstanding": 15590.0
    },
    {
        "calculationDate": "20201026",
        "outstanding": 17798.0
    },
    {
        "calculationDate": "20230516",
        "outstanding": 28674.4
    },
    {
        "calculationDate": "20210222",
        "outstanding": 13316.0
    },
    {
        "calculationDate": "20220407",
        "outstanding": 10439.0
    },
    {
        "calculationDate": "20210225",
        "outstanding": 13316.0
    },
    {
        "calculationDate": "20200615",
        "outstanding": 15590.0
    },
    {
        "calculationDate": "20220613",
        "outstanding": 23282.0
    },
    {
        "calculationDate": "20211129",
        "outstanding": 9798.0
    },
    {
        "calculationDate": "20220615",
        "outstanding": 19420.0
    },
    {
        "calculationDate": "20221201",
        "outstanding": 7472.0
    },
    {
        "calculationDate": "20220603",
        "outstanding": 13782.0
    },
    {
        "calculationDate": "20210719",
        "outstanding": 0.0
    },
    {
        "calculationDate": "20220909",
        "outstanding": 19259.0
    },
    {
        "calculationDate": "20220701",
        "outstanding": 22518.0
    },
    {
        "calculationDate": "20201210",
        "outstanding": 27598.0
    },
    {
        "calculationDate": "20220905",
        "outstanding": 18042.0
    },
    {
        "calculationDate": "20230420",
        "outstanding": 20000.0
    },
    {
        "calculationDate": "20230418",
        "outstanding": 0.0
    },
    {
        "calculationDate": "20220408",
        "outstanding": 10738.0
    },
    {
        "calculationDate": "20220103",
        "outstanding": 18371.0
    },
    {
        "calculationDate": "20210927",
        "outstanding": 16926.0
    },
    {
        "calculationDate": "20220526",
        "outstanding": 3997.0
    },
    {
        "calculationDate": "20210114",
        "outstanding": 10598.0
    },
    {
        "calculationDate": "20201120",
        "outstanding": 0.0
    },
    {
        "calculationDate": "20220309",
        "outstanding": 2816.0
    },
    {
        "calculationDate": "20220419",
        "outstanding": 17993.0
    },
    {
        "calculationDate": "20220617",
        "outstanding": 20086.0
    },
    {
        "calculationDate": "20230316",
        "outstanding": 23348.07
    },
    {
        "calculationDate": "20210802",
        "outstanding": 15912.0
    },
    {
        "calculationDate": "20220401",
        "outstanding": 12048.0
    },
    {
        "calculationDate": "20221115",
        "outstanding": 3000.0
    },
    {
        "calculationDate": "20230514",
        "outstanding": 28674.4
    },
    {
        "calculationDate": "20230309",
        "outstanding": 16035.0
    },
    {
        "calculationDate": "20220620",
        "outstanding": 20474.0
    },
    {
        "calculationDate": "20220826",
        "outstanding": 9611.0
    },
    {
        "calculationDate": "20220118",
        "outstanding": 0.0
    },
    {
        "calculationDate": "20210517",
        "outstanding": 13969.0
    },
    {
        "calculationDate": "20220624",
        "outstanding": 20474.0
    },
    {
        "calculationDate": "20210607",
        "outstanding": 17570.0
    },
    {
        "calculationDate": "20200625",
        "outstanding": 13990.0
    },
    {
        "calculationDate": "20221024",
        "outstanding": 29426.0
    },
    {
        "calculationDate": "20210513",
        "outstanding": 13761.0
    },
    {
        "calculationDate": "20210628",
        "outstanding": 18844.0
    },
    {
        "calculationDate": "20220422",
        "outstanding": 18660.0
    },
    {
        "calculationDate": "20200903",
        "outstanding": 18398.0
    },
    {
        "calculationDate": "20210415",
        "outstanding": 10598.0
    },
    {
        "calculationDate": "20220713",
        "outstanding": 23210.0
    },
    {
        "calculationDate": "20210329",
        "outstanding": 10199.0
    },
    {
        "calculationDate": "20220223",
        "outstanding": 0.0
    },
    {
        "calculationDate": "20230115",
        "outstanding": 19895.29
    },
    {
        "calculationDate": "20211104",
        "outstanding": 12604.0
    },
    {
        "calculationDate": "20200827",
        "outstanding": 19998.0
    },
    {
        "calculationDate": "20210215",
        "outstanding": 10574.0
    },
    {
        "calculationDate": "20220131",
        "outstanding": 0.0
    },
    {
        "calculationDate": "20230613",
        "outstanding": 21593.78
    },
    {
        "calculationDate": "20210805",
        "outstanding": 16051.0
    },
    {
        "calculationDate": "20211021",
        "outstanding": 0.0
    },
    {
        "calculationDate": "20220831",
        "outstanding": 13881.0
    },
    {
        "calculationDate": "20220817",
        "outstanding": 0.0
    },
    {
        "calculationDate": "20210104",
        "outstanding": 10598.0
    },
    {
        "calculationDate": "20201221",
        "outstanding": 27598.0
    },
    {
        "calculationDate": "20210916",
        "outstanding": 13426.0
    },
    {
        "calculationDate": "20221211",
        "outstanding": 7472.0
    },
    {
        "calculationDate": "20201231",
        "outstanding": 10598.0
    },
    {
        "calculationDate": "20230423",
        "outstanding": 23000.0
    },
    {
        "calculationDate": "20210318",
        "outstanding": 8225.0
    },
    {
        "calculationDate": "20230417",
        "outstanding": 0.0
    },
    {
        "calculationDate": "20210826",
        "outstanding": 18233.0
    },
    {
        "calculationDate": "20210617",
        "outstanding": 11911.0
    },
    {
        "calculationDate": "20221218",
        "outstanding": 17024.43
    },
    {
        "calculationDate": "20210419",
        "outstanding": 3809.0
    },
    {
        "calculationDate": "20210531",
        "outstanding": 20431.0
    },
    {
        "calculationDate": "20220318",
        "outstanding": 6345.0
    },
    {
        "calculationDate": "20221113",
        "outstanding": 29425.05
    },
    {
        "calculationDate": "20220725",
        "outstanding": 25000.0
    },
    {
        "calculationDate": "20230413",
        "outstanding": 28348.07
    },
    {
        "calculationDate": "20230221",
        "outstanding": 16035.0
    },
    {
        "calculationDate": "20230216",
        "outstanding": 16035.0
    },
    {
        "calculationDate": "20211227",
        "outstanding": 14984.0
    },
    {
        "calculationDate": "20220924",
        "outstanding": 25395.0
    },
    {
        "calculationDate": "20220427",
        "outstanding": 19220.0
    },
    {
        "calculationDate": "20220404",
        "outstanding": 12226.0
    },
    {
        "calculationDate": "20220715",
        "outstanding": 23517.0
    },
    {
        "calculationDate": "20200917",
        "outstanding": 18398.0
    },
    {
        "calculationDate": "20211018",
        "outstanding": 21116.0
    },
    {
        "calculationDate": "20220606",
        "outstanding": 22679.0
    },
    {
        "calculationDate": "20220520",
        "outstanding": 2541.0
    },
    {
        "calculationDate": "20221213",
        "outstanding": 7472.0
    },
    {
        "calculationDate": "20200727",
        "outstanding": 12612.0
    },
    {
        "calculationDate": "20200716",
        "outstanding": 17182.0
    },
    {
        "calculationDate": "20210429",
        "outstanding": 9000.0
    },
    {
        "calculationDate": "20211007",
        "outstanding": 20572.0
    },
    {
        "calculationDate": "20211217",
        "outstanding": 16349.0
    },
    {
        "calculationDate": "20220629",
        "outstanding": 22238.0
    },
    {
        "calculationDate": "20220313",
        "outstanding": 7544.0
    },
    {
        "calculationDate": "20210510",
        "outstanding": 13609.0
    },
    {
        "calculationDate": "20210401",
        "outstanding": 10599.0
    }
]