[
    {
        "calculationDate": "20210818",
        "outstanding": 27883.0
    },
    {
        "calculationDate": "20220409",
        "outstanding": 16998.0
    },
    {
        "calculationDate": "20210411",
        "outstanding": 12935.0
    },
    {
        "calculationDate": "20201203",
        "outstanding": 9601.0
    },
    {
        "calculationDate": "20211212",
        "outstanding": 16936.0
    },
    {
        "calculationDate": "20220425",
        "outstanding": 27540.0
    },
    {
        "calculationDate": "20220220",
        "outstanding": 13184.0
    },
    {
        "calculationDate": "20210519",
        "outstanding": 37143.0
    },
    {
        "calculationDate": "20200822",
        "outstanding": 25042.0
    },
    {
        "calculationDate": "20220121",
        "outstanding": 15430.0
    },
    {
        "calculationDate": "20211017",
        "outstanding": 13500.0
    },
    {
        "calculationDate": "20220127",
        "outstanding": 18676.0
    },
    {
        "calculationDate": "20201111",
        "outstanding": 13069.0
    },
    {
        "calculationDate": "20220517",
        "outstanding": 11974.0
    },
    {
        "calculationDate": "20210101",
        "outstanding": 3862.0
    },
    {
        "calculationDate": "20191013",
        "outstanding": 0.0
    },
    {
        "calculationDate": "20200508",
        "outstanding": 12226.0
    },
    {
        "calculationDate": "20210824",
        "outstanding": 34939.0
    },
    {
        "calculationDate": "20191222",
        "outstanding": 7052.0
    },
    {
        "calculationDate": "20200610",
        "outstanding": 5139.0
    },
    {
        "calculationDate": "20220330",
        "outstanding": 33944.0
    },
    {
        "calculationDate": "20200402",
        "outstanding": 5945.0
    },
    {
        "calculationDate": "20220731",
        "outstanding": 18254.0
    },
    {
        "calculationDate": "20210711",
        "outstanding": 10621.0
    },
    {
        "calculationDate": "20220222",
        "outstanding": 14483.0
    },
    {
        "calculationDate": "20220722",
        "outstanding": 35302.0
    },
    {
        "calculationDate": "20190922",
        "outstanding": 0.0
    },
    {
        "calculationDate": "20211222",
        "outstanding": 0.0
    },
    {
        "calculationDate": "20220427",
        "outstanding": 28476.0
    },
    {
        "calculationDate": "20220306",
        "outstanding": 27090.0
    },
    {
        "calculationDate": "20200616",
        "outstanding": 2500.0
    },
    {
        "calculationDate": "20210802",
        "outstanding": 12831.0
    },
    {
        "calculationDate": "20211003",
        "outstanding": 27938.0
    },
    {
        "calculationDate": "20191002",
        "outstanding": 5424.0
    },
    {
        "calculationDate": "20220716",
        "outstanding": 19761.0
    },
    {
        "calculationDate": "20220411",
        "outstanding": 19018.0
    },
    {
        "calculationDate": "20220204",
        "outstanding": 22522.0
    },
    {
        "calculationDate": "20220216",
        "outstanding": 11734.0
    },
    {
        "calculationDate": "20190720",
        "outstanding": 0.0
    },
    {
        "calculationDate": "20220403",
        "outstanding": 38204.0
    },
    {
        "calculationDate": "20211110",
        "outstanding": 17283.0
    },
    {
        "calculationDate": "20200520",
        "outstanding": 7219.0
    },
    {
        "calculationDate": "20200210",
        "outstanding": 2432.0
    },
    {
        "calculationDate": "20210913",
        "outstanding": 16725.0
    },
    {
        "calculationDate": "20211011",
        "outstanding": 31020.0
    },
    {
        "calculationDate": "20220730",
        "outstanding": 17988.0
    },
    {
        "calculationDate": "20211206",
        "outstanding": 40183.0
    },
    {
        "calculationDate": "20210907",
        "outstanding": 11100.0
    },
    {
        "calculationDate": "20190421",
        "outstanding": 0.0
    },
    {
        "calculationDate": "20190801",
        "outstanding": 0.0
    },
    {
        "calculationDate": "20220415",
        "outstanding": 22722.0
    },
    {
        "calculationDate": "20191228",
        "outstanding": 5778.0
    },
    {
        "calculationDate": "20210609",
        "outstanding": 3687.0
    },
    {
        "calculationDate": "20200825",
        "outstanding": 16267.0
    },
    {
        "calculationDate": "20210525",
        "outstanding": 15157.0
    },
    {
        "calculationDate": "20211210",
        "outstanding": 14107.0
    },
    {
        "calculationDate": "20191121",
        "outstanding": 7996.0
    },
    {
        "calculationDate": "20220706",
        "outstanding": 35354.0
    },
    {
        "calculationDate": "20211230",
        "outstanding": 5435.0
    },
    {
        "calculationDate": "20220129",
        "outstanding": 19238.0
    },
    {
        "calculationDate": "20210729",
        "outstanding": 6229.0
    },
    {
        "calculationDate": "20220809",
        "outstanding": 25874.0
    },
    {
        "calculationDate": "20211208",
        "outstanding": 41873.0
    },
    {
        "calculationDate": "20220501",
        "outstanding": 29990.0
    },
    {
        "calculationDate": "20220509",
        "outstanding": 33747.0
    },
    {
        "calculationDate": "20200523",
        "outstanding": 8223.0
    },
    {
        "calculationDate": "20210903",
        "outstanding": 39285.0
    },
    {
        "calculationDate": "20211013",
        "outstanding": 11222.0
    },
    {
        "calculationDate": "20210925",
        "outstanding": 24893.0
    },
    {
        "calculationDate": "20220511",
        "outstanding": 34640.0
    },
    {
        "calculationDate": "20210909",
        "outstanding": 12716.0
    },
    {
        "calculationDate": "20201212",
        "outstanding": 2891.0
    },
    {
        "calculationDate": "20201021",
        "outstanding": 13564.0
    },
    {
        "calculationDate": "20220304",
        "outstanding": 24292.0
    },
    {
        "calculationDate": "20211130",
        "outstanding": 33739.0
    },
    {
        "calculationDate": "20210715",
        "outstanding": 11233.0
    },
    {
        "calculationDate": "20210911",
        "outstanding": 15775.0
    },
    {
        "calculationDate": "20200720",
        "outstanding": 12533.0
    },
    {
        "calculationDate": "20190207",
        "outstanding": 0.0
    },
    {
        "calculationDate": "20220210",
        "outstanding": 4541.0
    },
    {
        "calculationDate": "20211218",
        "outstanding": 18699.0
    },
    {
        "calculationDate": "20220807",
        "outstanding": 22359.0
    },
    {
        "calculationDate": "20210921",
        "outstanding": 24019.0
    },
    {
        "calculationDate": "20220131",
        "outstanding": 19657.0
    },
    {
        "calculationDate": "20201220",
        "outstanding": 8741.0
    },
    {
        "calculationDate": "20211202",
        "outstanding": 33958.0
    },
    {
        "calculationDate": "20220507",
        "outstanding": 33687.0
    },
    {
        "calculationDate": "20211108",
        "outstanding": 32968.0
    },
    {
        "calculationDate": "20220724",
        "outstanding": 36937.0
    },
    {
        "calculationDate": "20190810",
        "outstanding": 658.0
    },
    {
        "calculationDate": "20210620",
        "outstanding": 13215.0
    },
    {
        "calculationDate": "20211214",
        "outstanding": 17789.0
    },
    {
        "calculationDate": "20220525",
        "outstanding": 17648.0
    },
    {
        "calculationDate": "20220401",
        "outstanding": 35563.0
    },
    {
        "calculationDate": "20190220",
        "outstanding": 0.0
    },
    {
        "calculationDate": "20200106",
        "outstanding": 15529.0
    },
    {
        "calculationDate": "20190618",
        "outstanding": 6.0
    },
    {
        "calculationDate": "20210725",
        "outstanding": 5068.0
    },
    {
        "calculationDate": "20210901",
        "outstanding": 37785.0
    },
    {
        "calculationDate": "20220103",
        "outstanding": 8307.0
    },
    {
        "calculationDate": "20220228",
        "outstanding": 16726.0
    },
    {
        "calculationDate": "20220316",
        "outstanding": 23018.0
    },
    {
        "calculationDate": "20210927",
        "outstanding": 25596.0
    },
    {
        "calculationDate": "20220115",
        "outstanding": 12445.0
    },
    {
        "calculationDate": "20211009",
        "outstanding": 30297.0
    },
    {
        "calculationDate": "20210820",
        "outstanding": 31205.0
    },
    {
        "calculationDate": "20210203",
        "outstanding": 12134.0
    },
    {
        "calculationDate": "20220805",
        "outstanding": 21907.0
    },
    {
        "calculationDate": "20210727",
        "outstanding": 5635.0
    },
    {
        "calculationDate": "20220320",
        "outstanding": 24912.0
    },
    {
        "calculationDate": "20211015",
        "outstanding": 11272.0
    },
    {
        "calculationDate": "20220113",
        "outstanding": 11008.0
    },
    {
        "calculationDate": "20221022",
        "outstanding": 0.0
    },
    {
        "calculationDate": "20210723",
        "outstanding": 3353.0
    },
    {
        "calculationDate": "20210221",
        "outstanding": 0.0
    },
    {
        "calculationDate": "20210119",
        "outstanding": 11349.0
    },
    {
        "calculationDate": "20220606",
        "outstanding": 24500.0
    },
    {
        "calculationDate": "20190828",
        "outstanding": 3259.0
    },
    {
        "calculationDate": "20190929",
        "outstanding": 0.0
    },
    {
        "calculationDate": "20220419",
        "outstanding": 24894.0
    },
    {
        "calculationDate": "20200613",
        "outstanding": 1463.0
    },
    {
        "calculationDate": "20220704",
        "outstanding": 25430.0
    },
    {
        "calculationDate": "20220208",
        "outstanding": 838.0
    },
    {
        "calculationDate": "20211226",
        "outstanding": 1346.0
    },
    {
        "calculationDate": "20200622",
        "outstanding": 4472.0
    },
    {
        "calculationDate": "20200906",
        "outstanding": 8504.0
    },
    {
        "calculationDate": "20220616",
        "outstanding": 16945.0
    },
    {
        "calculationDate": "20201109",
        "outstanding": 13069.0
    },
    {
        "calculationDate": "20220519",
        "outstanding": 12770.0
    },
    {
        "calculationDate": "20211019",
        "outstanding": 17791.0
    },
    {
        "calculationDate": "20220318",
        "outstanding": 23100.0
    },
    {
        "calculationDate": "20210320",
        "outstanding": 12669.0
    },
    {
        "calculationDate": "20211023",
        "outstanding": 19445.0
    },
    {
        "calculationDate": "20220413",
        "outstanding": 20468.0
    },
    {
        "calculationDate": "20211102",
        "outstanding": 29670.0
    },
    {
        "calculationDate": "20200921",
        "outstanding": 7044.0
    },
    {
        "calculationDate": "20200805",
        "outstanding": 14382.0
    },
    {
        "calculationDate": "20210923",
        "outstanding": 24537.0
    },
    {
        "calculationDate": "20210812",
        "outstanding": 22724.0
    },
    {
        "calculationDate": "20210808",
        "outstanding": 20240.0
    },
    {
        "calculationDate": "20220702",
        "outstanding": 25256.0
    },
    {
        "calculationDate": "20190518",
        "outstanding": 0.0
    },
    {
        "calculationDate": "20220513",
        "outstanding": 9983.0
    },
    {
        "calculationDate": "20191104",
        "outstanding": 0.0
    },
    {
        "calculationDate": "20200420",
        "outstanding": 7861.0
    },
    {
        "calculationDate": "20211025",
        "outstanding": 20043.0
    },
    {
        "calculationDate": "20200315",
        "outstanding": 4608.0
    },
    {
        "calculationDate": "20211007",
        "outstanding": 29264.0
    },
    {
        "calculationDate": "20190509",
        "outstanding": 0.0
    },
    {
        "calculationDate": "20200625",
        "outstanding": 4738.0
    },
    {
        "calculationDate": "20210826",
        "outstanding": 36337.0
    },
    {
        "calculationDate": "20220206",
        "outstanding": 0.0
    },
    {
        "calculationDate": "20220909",
        "outstanding": 0.0
    },
    {
        "calculationDate": "20190319",
        "outstanding": 0.0
    },
    {
        "calculationDate": "20220423",
        "outstanding": 26819.0
    },
    {
        "calculationDate": "20190822",
        "outstanding": 2705.0
    },
    {
        "calculationDate": "20191209",
        "outstanding": 7051.0
    },
    {
        "calculationDate": "20220802",
        "outstanding": 19396.0
    },
    {
        "calculationDate": "20220602",
        "outstanding": 22035.0
    },
    {
        "calculationDate": "20191019",
        "outstanding": 513.0
    },
    {
        "calculationDate": "20200120",
        "outstanding": 14513.0
    },
    {
        "calculationDate": "20220310",
        "outstanding": 28756.0
    },
    {
        "calculationDate": "20220312",
        "outstanding": 17581.0
    },
    {
        "calculationDate": "20200414",
        "outstanding": 854.0
    },
    {
        "calculationDate": "20211029",
        "outstanding": 28769.0
    },
    {
        "calculationDate": "20220910",
        "outstanding": 20000.0
    },
    {
        "calculationDate": "20220308",
        "outstanding": 27751.0
    },
    {
        "calculationDate": "20220302",
        "outstanding": 22613.0
    },
    {
        "calculationDate": "20210422",
        "outstanding": 17090.0
    },
    {
        "calculationDate": "20220624",
        "outstanding": 19200.0
    },
    {
        "calculationDate": "20220117",
        "outstanding": 14324.0
    },
    {
        "calculationDate": "20200903",
        "outstanding": 8504.0
    },
    {
        "calculationDate": "20220212",
        "outstanding": 5341.0
    },
    {
        "calculationDate": "20210905",
        "outstanding": 39770.0
    },
    {
        "calculationDate": "20220610",
        "outstanding": 15767.0
    },
    {
        "calculationDate": "20200309",
        "outstanding": 5452.0
    },
    {
        "calculationDate": "20220810",
        "outstanding": 31434.0
    },
    {
        "calculationDate": "20220527",
        "outstanding": 18873.0
    },
    {
        "calculationDate": "20211126",
        "outstanding": 31409.0
    },
    {
        "calculationDate": "20200601",
        "outstanding": 7177.0
    },
    {
        "calculationDate": "20220628",
        "outstanding": 24216.0
    },
    {
        "calculationDate": "20210218",
        "outstanding": 0.0
    },
    {
        "calculationDate": "20210804",
        "outstanding": 15338.0
    },
    {
        "calculationDate": "20210814",
        "outstanding": 23519.0
    },
    {
        "calculationDate": "20210731",
        "outstanding": 7590.0
    },
    {
        "calculationDate": "20220101",
        "outstanding": 6082.0
    },
    {
        "calculationDate": "20220614",
        "outstanding": 16723.0
    },
    {
        "calculationDate": "20220708",
        "outstanding": 35679.0
    },
    {
        "calculationDate": "20210708",
        "outstanding": 9580.0
    },
    {
        "calculationDate": "20220804",
        "outstanding": 20793.0
    },
    {
        "calculationDate": "20200220",
        "outstanding": 9124.0
    },
    {
        "calculationDate": "20220604",
        "outstanding": 24332.0
    },
    {
        "calculationDate": "20211204",
        "outstanding": 40043.0
    },
    {
        "calculationDate": "20211224",
        "outstanding": 1288.0
    },
    {
        "calculationDate": "20211120",
        "outstanding": 28810.0
    },
    {
        "calculationDate": "20210919",
        "outstanding": 20047.0
    },
    {
        "calculationDate": "20220123",
        "outstanding": 17297.0
    },
    {
        "calculationDate": "20210806",
        "outstanding": 17059.0
    },
    {
        "calculationDate": "20220720",
        "outstanding": 33523.0
    },
    {
        "calculationDate": "20220721",
        "outstanding": 34302.0
    },
    {
        "calculationDate": "20210810",
        "outstanding": 20375.0
    },
    {
        "calculationDate": "20191016",
        "outstanding": 0.0
    },
    {
        "calculationDate": "20210717",
        "outstanding": 14384.0
    },
    {
        "calculationDate": "20191130",
        "outstanding": 3642.0
    },
    {
        "calculationDate": "20210719",
        "outstanding": 14764.0
    },
    {
        "calculationDate": "20220326",
        "outstanding": 31388.0
    },
    {
        "calculationDate": "20220529",
        "outstanding": 19101.0
    },
    {
        "calculationDate": "20211112",
        "outstanding": 21040.0
    },
    {
        "calculationDate": "20210721",
        "outstanding": 1183.0
    },
    {
        "calculationDate": "20211104",
        "outstanding": 30613.0
    },
    {
        "calculationDate": "20200705",
        "outstanding": 4119.0
    },
    {
        "calculationDate": "20211124",
        "outstanding": 28964.0
    },
    {
        "calculationDate": "20220328",
        "outstanding": 31701.0
    },
    {
        "calculationDate": "20190620",
        "outstanding": 6.0
    },
    {
        "calculationDate": "20220927",
        "outstanding": 0.0
    },
    {
        "calculationDate": "20220421",
        "outstanding": 25753.0
    },
    {
        "calculationDate": "20210828",
        "outstanding": 36617.0
    },
    {
        "calculationDate": "20201009",
        "outstanding": 10387.0
    },
    {
        "calculationDate": "20200109",
        "outstanding": 8233.0
    },
    {
        "calculationDate": "20220407",
        "outstanding": 15439.0
    },
    {
        "calculationDate": "20220714",
        "outstanding": 19385.0
    },
    {
        "calculationDate": "20190521",
        "outstanding": 0.0
    },
    {
        "calculationDate": "20220612",
        "outstanding": 16113.0
    },
    {
        "calculationDate": "20220214",
        "outstanding": 7446.0
    },
    {
        "calculationDate": "20210822",
        "outstanding": 33217.0
    },
    {
        "calculationDate": "20220723",
        "outstanding": 35592.0
    },
    {
        "calculationDate": "20220712",
        "outstanding": 18905.0
    },
    {
        "calculationDate": "20220202",
        "outstanding": 20535.0
    },
    {
        "calculationDate": "20201120"
    },
    {
        "calculationDate": "20210429",
        "outstanding": 19998.0
    },
    {
        "calculationDate": "20200321",
        "outstanding": 10406.0
    },
    {
        "calculationDate": "20211114",
        "outstanding": 21768.0
    },
    {
        "calculationDate": "20220405",
        "outstanding": 39010.0
    },
    {
        "calculationDate": "20210917",
        "outstanding": 18494.0
    },
    {
        "calculationDate": "20220608",
        "outstanding": 13463.0
    },
    {
        "calculationDate": "20220728"
    },
    {
        "calculationDate": "20200127",
        "outstanding": 13648.0
    },
    {
        "calculationDate": "20210929",
        "outstanding": 26188.0
    },
    {
        "calculationDate": "20220119",
        "outstanding": 14563.0
    },
    {
        "calculationDate": "20200526",
        "outstanding": 8223.0
    },
    {
        "calculationDate": "20211220",
        "outstanding": 19029.0
    },
    {
        "calculationDate": "20200207",
        "outstanding": 3733.0
    },
    {
        "calculationDate": "20220618",
        "outstanding": 17645.0
    },
    {
        "calculationDate": "20210915",
        "outstanding": 18070.0
    },
    {
        "calculationDate": "20220109",
        "outstanding": 10119.0
    },
    {
        "calculationDate": "20211001",
        "outstanding": 27488.0
    },
    {
        "calculationDate": "20211005",
        "outstanding": 28950.0
    },
    {
        "calculationDate": "20220622",
        "outstanding": 18292.0
    },
    {
        "calculationDate": "20211128",
        "outstanding": 32525.0
    },
    {
        "calculationDate": "20200731",
        "outstanding": 11396.0
    },
    {
        "calculationDate": "20210830",
        "outstanding": 37692.0
    },
    {
        "calculationDate": "20220322",
        "outstanding": 26414.0
    },
    {
        "calculationDate": "20190915",
        "outstanding": 0.0
    },
    {
        "calculationDate": "20211106",
        "outstanding": 32648.0
    },
    {
        "calculationDate": "20191219",
        "outstanding": 6980.0
    },
    {
        "calculationDate": "20220125",
        "outstanding": 18524.0
    },
    {
        "calculationDate": "20220505",
        "outstanding": 32687.0
    },
    {
        "calculationDate": "20211228",
        "outstanding": 3406.0
    },
    {
        "calculationDate": "20220803",
        "outstanding": 20331.0
    },
    {
        "calculationDate": "20220811",
        "outstanding": 32494.0
    },
    {
        "calculationDate": "20220224",
        "outstanding": 14741.0
    },
    {
        "calculationDate": "20220727",
        "outstanding": 14222.0
    },
    {
        "calculationDate": "20220814",
        "outstanding": 33835.0
    },
    {
        "calculationDate": "20220531",
        "outstanding": 21046.0
    },
    {
        "calculationDate": "20220324",
        "outstanding": 27655.0
    },
    {
        "calculationDate": "20200708",
        "outstanding": 4510.0
    },
    {
        "calculationDate": "20220718",
        "outstanding": 24432.0
    },
    {
        "calculationDate": "20220218",
        "outstanding": 11821.0
    },
    {
        "calculationDate": "20220710",
        "outstanding": 18114.0
    },
    {
        "calculationDate": "20210128",
        "outstanding": 11799.0
    },
    {
        "calculationDate": "20211027",
        "outstanding": 28192.0
    },
    {
        "calculationDate": "20211118",
        "outstanding": 26264.0
    },
    {
        "calculationDate": "20190925",
        "outstanding": 0.0
    },
    {
        "calculationDate": "20211021",
        "outstanding": 17919.0
    },
    {
        "calculationDate": "20220630",
        "outstanding": 24799.0
    },
    {
        "calculationDate": "20220417",
        "outstanding": 23255.0
    },
    {
        "calculationDate": "20200511",
        "outstanding": 6158.0
    },
    {
        "calculationDate": "20211116",
        "outstanding": 23850.0
    },
    {
        "calculationDate": "20220111",
        "outstanding": 10419.0
    },
    {
        "calculationDate": "20220226",
        "outstanding": 14821.0
    },
    {
        "calculationDate": "20220806",
        "outstanding": 22037.0
    },
    {
        "calculationDate": "20220314",
        "outstanding": 20214.0
    },
    {
        "calculationDate": "20211031",
        "outstanding": 29378.0
    },
    {
        "calculationDate": "20190629",
        "outstanding": 0.0
    },
    {
        "calculationDate": "20220729",
        "outstanding": 15928.0
    }
]