[
    {
        "calculationDate": "20210810",
        "outstanding": 198570.0
    },
    {
        "calculationDate": "20220118",
        "outstanding": 86501.0
    },
    {
        "calculationDate": "20221218",
        "outstanding": 194258.75
    },
    {
        "calculationDate": "20220514",
        "outstanding": 137735.0
    },
    {
        "calculationDate": "20170316",
        "outstanding": 0.0
    },
    {
        "calculationDate": "20180228",
        "outstanding": 0.0
    },
    {
        "calculationDate": "20210514",
        "outstanding": 199475.0
    },
    {
        "calculationDate": "20190331",
        "outstanding": 0.0
    },
    {
        "calculationDate": "20210129",
        "outstanding": 204870.0
    },
    {
        "calculationDate": "20190930",
        "outstanding": 47197.0
    },
    {
        "calculationDate": "20220623",
        "outstanding": 198674.0
    },
    {
        "calculationDate": "20220528",
        "outstanding": 173391.0
    },
    {
        "calculationDate": "20221114",
        "outstanding": 194160.64
    },
    {
        "calculationDate": "20201122",
        "outstanding": 194117.0
    },
    {
        "calculationDate": "20151231",
        "outstanding": 0.0
    },
    {
        "calculationDate": "20210216",
        "outstanding": 178957.0
    },
    {
        "calculationDate": "20171130",
        "outstanding": 113531.0
    },
    {
        "calculationDate": "20210706",
        "outstanding": 196046.0
    },
    {
        "calculationDate": "20150816",
        "outstanding": 0.0
    },
    {
        "calculationDate": "20190228",
        "outstanding": 0.0
    },
    {
        "calculationDate": "20180430",
        "outstanding": 1174.0
    },
    {
        "calculationDate": "20171016",
        "outstanding": 34755.0
    },
    {
        "calculationDate": "20190816",
        "outstanding": 138705.0
    },
    {
        "calculationDate": "20211221",
        "outstanding": 91916.0
    },
    {
        "calculationDate": "20220917",
        "outstanding": 194104.0
    },
    {
        "calculationDate": "20230219",
        "outstanding": 207789.87
    },
    {
        "calculationDate": "20190731",
        "outstanding": 186338.0
    },
    {
        "calculationDate": "20191031",
        "outstanding": 66517.0
    },
    {
        "calculationDate": "20220419",
        "outstanding": 77969.0
    },
    {
        "calculationDate": "20170615",
        "outstanding": 0.0
    },
    {
        "calculationDate": "20150415",
        "outstanding": 0.0
    },
    {
        "calculationDate": "20221201",
        "outstanding": 191568.24
    },
    {
        "calculationDate": "20220101",
        "outstanding": 86262.0
    },
    {
        "calculationDate": "20210219",
        "outstanding": 181965.0
    },
    {
        "calculationDate": "20160516",
        "outstanding": 22122.0
    },
    {
        "calculationDate": "20141016",
        "outstanding": 0.0
    },
    {
        "calculationDate": "20210518",
        "outstanding": 198841.0
    },
    {
        "calculationDate": "20211228",
        "outstanding": 82651.0
    },
    {
        "outstanding": 165412.0
    },
    {
        "calculationDate": "20201204",
        "outstanding": 192997.0
    },
    {
        "calculationDate": "20150915",
        "outstanding": 0.0
    },
    {
        "calculationDate": "20141231",
        "outstanding": 0.0
    },
    {
        "calculationDate": "20230216",
        "outstanding": 194551.99
    },
    {
        "calculationDate": "20230328",
        "outstanding": 0.0
    },
    {
        "calculationDate": "20221215",
        "outstanding": 196870.75
    },
    {
        "calculationDate": "20210827",
        "outstanding": 192828.0
    },
    {
        "calculationDate": "20150316",
        "outstanding": 0.0
    },
    {
        "calculationDate": "20160415",
        "outstanding": 0.0
    },
    {
        "calculationDate": "20230401",
        "outstanding": 3130.01
    },
    {
        "calculationDate": "20160731",
        "outstanding": 0.0
    },
    {
        "calculationDate": "20210202",
        "outstanding": 208934.0
    },
    {
        "calculationDate": "20151130",
        "outstanding": 0.0
    },
    {
        "calculationDate": "20210604",
        "outstanding": 196459.0
    },
    {
        "calculationDate": "20170630",
        "outstanding": 0.0
    },
    {
        "calculationDate": "20220621",
        "outstanding": 193942.0
    },
    {
        "calculationDate": "20180116",
        "outstanding": 0.0
    },
    {
        "calculationDate": "20211124",
        "outstanding": 198195.0
    },
    {
        "calculationDate": "20181231",
        "outstanding": 40799.0
    },
    {
        "calculationDate": "20221022",
        "outstanding": 198521.0
    },
    {
        "calculationDate": "20230305",
        "outstanding": 227938.26
    },
    {
        "calculationDate": "20160131",
        "outstanding": 0.0
    },
    {
        "calculationDate": "20200531",
        "outstanding": 199335.0
    },
    {
        "calculationDate": "20190531",
        "outstanding": 181788.0
    },
    {
        "calculationDate": "20210113",
        "outstanding": 199393.0
    },
    {
        "calculationDate": "20221018",
        "outstanding": 192872.0
    },
    {
        "calculationDate": "20191115",
        "outstanding": 126688.0
    },
    {
        "calculationDate": "20210430",
        "outstanding": 198157.0
    },
    {
        "calculationDate": "20210824",
        "outstanding": 203256.0
    },
    {
        "calculationDate": "20210326",
        "outstanding": 188388.0
    },
    {
        "calculationDate": "20211012",
        "outstanding": 193775.0
    },
    {
        "calculationDate": "20200716",
        "outstanding": 197234.0
    },
    {
        "calculationDate": "20190116",
        "outstanding": 84813.0
    },
    {
        "calculationDate": "20230311",
        "outstanding": 221850.38
    },
    {
        "calculationDate": "20210105",
        "outstanding": 198321.0
    },
    {
        "calculationDate": "20210716",
        "outstanding": 199339.0
    },
    {
        "calculationDate": "20220929",
        "outstanding": 187092.0
    },
    {
        "calculationDate": "20160229",
        "outstanding": 0.0
    },
    {
        "calculationDate": "20180131",
        "outstanding": 0.0
    },
    {
        "calculationDate": "20170131",
        "outstanding": 0.0
    },
    {
        "calculationDate": "20220222",
        "outstanding": 7366.0
    },
    {
        "calculationDate": "20211001",
        "outstanding": 193397.0
    },
    {
        "calculationDate": "20230509",
        "outstanding": 0.0
    },
    {
        "calculationDate": "20180915",
        "outstanding": 124811.0
    },
    {
        "calculationDate": "20150930",
        "outstanding": 0.0
    },
    {
        "calculationDate": "20221121",
        "outstanding": 186953.81
    },
    {
        "calculationDate": "20230320",
        "outstanding": 0.0
    },
    {
        "calculationDate": "20210525",
        "outstanding": 201571.0
    },
    {
        "calculationDate": "20180331",
        "outstanding": 3697.0
    },
    {
        "calculationDate": "20161031",
        "outstanding": 0.0
    },
    {
        "calculationDate": "20200816",
        "outstanding": 194926.0
    },
    {
        "calculationDate": "20150831",
        "outstanding": 0.0
    },
    {
        "calculationDate": "20180516",
        "outstanding": 0.0
    },
    {
        "calculationDate": "20210126",
        "outstanding": 204584.0
    },
    {
        "calculationDate": "20220604",
        "outstanding": 181010.0
    },
    {
        "calculationDate": "20160615",
        "outstanding": 0.0
    },
    {
        "calculationDate": "20150228",
        "outstanding": 0.0
    },
    {
        "calculationDate": "20221221",
        "outstanding": 198316.57
    },
    {
        "calculationDate": "20160531",
        "outstanding": 22378.0
    },
    {
        "calculationDate": "20220212",
        "outstanding": 82873.0
    },
    {
        "calculationDate": "20220716",
        "outstanding": 194264.0
    },
    {
        "calculationDate": "20201222",
        "outstanding": 204260.0
    },
    {
        "calculationDate": "20220524",
        "outstanding": 160321.0
    },
    {
        "calculationDate": "20211105",
        "outstanding": 193137.0
    },
    {
        "calculationDate": "20171115",
        "outstanding": 0.0
    },
    {
        "calculationDate": "20150630",
        "outstanding": 0.0
    },
    {
        "calculationDate": "20160716",
        "outstanding": 0.0
    },
    {
        "calculationDate": "20200731",
        "outstanding": 191521.0
    },
    {
        "calculationDate": "20181130",
        "outstanding": 86738.0
    },
    {
        "calculationDate": "20210402",
        "outstanding": 195974.0
    },
    {
        "calculationDate": "20160331",
        "outstanding": 0.0
    },
    {
        "calculationDate": "20190915",
        "outstanding": 0.0
    },
    {
        "calculationDate": "20200930",
        "outstanding": 193428.0
    },
    {
        "calculationDate": "20201126",
        "outstanding": 189602.0
    },
    {
        "calculationDate": "20200331",
        "outstanding": 70106.0
    },
    {
        "calculationDate": "20210226",
        "outstanding": 188054.0
    },
    {
        "calculationDate": "20210521",
        "outstanding": 202912.0
    },
    {
        "calculationDate": "20220531",
        "outstanding": 184069.0
    },
    {
        "calculationDate": "20210806",
        "outstanding": 198401.0
    },
    {
        "calculationDate": "20200229",
        "outstanding": 4480.0
    },
    {
        "calculationDate": "20190415",
        "outstanding": 0.0
    },
    {
        "calculationDate": "20150731",
        "outstanding": 0.0
    },
    {
        "calculationDate": "20220503",
        "outstanding": 119081.0
    },
    {
        "calculationDate": "20200516",
        "outstanding": 195499.0
    },
    {
        "calculationDate": "20200415",
        "outstanding": 99052.0
    },
    {
        "calculationDate": "20221128",
        "outstanding": 191468.24
    },
    {
        "calculationDate": "20230119",
        "outstanding": 196488.38
    },
    {
        "calculationDate": "20190316",
        "outstanding": 0.0
    },
    {
        "calculationDate": "20220705",
        "outstanding": 193803.0
    },
    {
        "calculationDate": "20151115"
    },
    {
        "calculationDate": "20190630",
        "outstanding": 191758.0
    },
    {
        "calculationDate": "20220901",
        "outstanding": 195091.0
    },
    {
        "calculationDate": "20170430",
        "outstanding": 0.0
    },
    {
        "calculationDate": "20230129",
        "outstanding": 197232.38
    },
    {
        "calculationDate": "20210115",
        "outstanding": 199782.0
    },
    {
        "calculationDate": "20221206",
        "outstanding": 191960.24
    },
    {
        "calculationDate": "20170214",
        "outstanding": 0.0
    },
    {
        "calculationDate": "20140915",
        "outstanding": 0.0
    },
    {
        "calculationDate": "20230307",
        "outstanding": 220775.38
    },
    {
        "calculationDate": "20230419",
        "outstanding": 0.0
    },
    {
        "calculationDate": "20210416",
        "outstanding": 197115.0
    },
    {
        "calculationDate": "20220607",
        "outstanding": 191891.0
    },
    {
        "calculationDate": "20210122",
        "outstanding": 205779.0
    },
    {
        "calculationDate": "20220402",
        "outstanding": 14644.0
    },
    {
        "calculationDate": "20171031",
        "outstanding": 42592.0
    },
    {
        "calculationDate": "20220723",
        "outstanding": 187779.0
    },
    {
        "calculationDate": "20220611",
        "outstanding": 193782.0
    },
    {
        "calculationDate": "20140930",
        "outstanding": 0.0
    },
    {
        "calculationDate": "20151216",
        "outstanding": 0.0
    },
    {
        "calculationDate": "20150116",
        "outstanding": 0.0
    },
    {
        "calculationDate": "20220602",
        "outstanding": 175886.0
    },
    {
        "calculationDate": "20210730",
        "outstanding": 194251.0
    },
    {
        "calculationDate": "20230309",
        "outstanding": 221100.38
    },
    {
        "calculationDate": "20151016",
        "outstanding": 54777.0
    },
    {
        "calculationDate": "20210511",
        "outstanding": 199475.0
    },
    {
        "calculationDate": "20230206",
        "outstanding": 190788.69
    },
    {
        "calculationDate": "20211026",
        "outstanding": 188145.0
    },
    {
        "calculationDate": "20180214",
        "outstanding": 0.0
    },
    {
        "calculationDate": "20180531",
        "outstanding": 21959.0
    },
    {
        "calculationDate": "20211126",
        "outstanding": 181912.0
    },
    {
        "calculationDate": "20220521",
        "outstanding": 151330.0
    },
    {
        "calculationDate": "20211102",
        "outstanding": 192951.0
    },
    {
        "calculationDate": "20161231",
        "outstanding": 0.0
    },
    {
        "calculationDate": "20220426",
        "outstanding": 99019.0
    },
    {
        "calculationDate": "20210903",
        "outstanding": 196956.0
    },
    {
        "calculationDate": "20200116",
        "outstanding": 0.0
    },
    {
        "calculationDate": "20200131",
        "outstanding": 25950.0
    },
    {
        "calculationDate": "20211207",
        "outstanding": 185839.0
    },
    {
        "calculationDate": "20181115",
        "outstanding": 54103.0
    },
    {
        "calculationDate": "20170531",
        "outstanding": 0.0
    },
    {
        "calculationDate": "20230302",
        "outstanding": 221001.02
    },
    {
        "calculationDate": "20201218",
        "outstanding": 197217.0
    },
    {
        "calculationDate": "20220414",
        "outstanding": 41005.0
    },
    {
        "calculationDate": "20201229",
        "outstanding": 203076.0
    },
    {
        "calculationDate": "20170831",
        "outstanding": 0.0
    },
    {
        "calculationDate": "20211130",
        "outstanding": 185561.0
    },
    {
        "calculationDate": "20220721",
        "outstanding": 199732.0
    },
    {
        "calculationDate": "20140731",
        "outstanding": 590.0
    },
    {
        "calculationDate": "20230519",
        "outstanding": 0.0
    },
    {
        "calculationDate": "20180731",
        "outstanding": 0.0
    },
    {
        "calculationDate": "20181016",
        "outstanding": 0.0
    },
    {
        "calculationDate": "20230213",
        "outstanding": 194551.99
    },
    {
        "calculationDate": "20181216",
        "outstanding": 0.0
    },
    {
        "calculationDate": "20180716",
        "outstanding": 33278.0
    },
    {
        "calculationDate": "20220714",
        "outstanding": 195264.0
    },
    {
        "calculationDate": "20210413",
        "outstanding": 195393.0
    },
    {
        "calculationDate": "20180316",
        "outstanding": 19589.0
    },
    {
        "calculationDate": "20170331",
        "outstanding": 2665.0
    },
    {
        "calculationDate": "20191016",
        "outstanding": 73426.0
    },
    {
        "calculationDate": "20211022",
        "outstanding": 198450.0
    },
    {
        "calculationDate": "20150516",
        "outstanding": 0.0
    },
    {
        "calculationDate": "20220331",
        "outstanding": 6268.0
    },
    {
        "calculationDate": "20170716",
        "outstanding": 0.0
    },
    {
        "calculationDate": "20180415",
        "outstanding": 0.0
    },
    {
        "calculationDate": "20201201",
        "outstanding": 190093.0
    },
    {
        "calculationDate": "20170915",
        "outstanding": 0.0
    },
    {
        "calculationDate": "20220519",
        "outstanding": 148912.0
    },
    {
        "calculationDate": "20220924",
        "outstanding": 198892.0
    },
    {
        "calculationDate": "20230124",
        "outstanding": 197470.38
    },
    {
        "calculationDate": "20191130",
        "outstanding": 145893.0
    },
    {
        "calculationDate": "20160116",
        "outstanding": 0.0
    },
    {
        "calculationDate": "20220802",
        "outstanding": 192482.0
    },
    {
        "calculationDate": "20201225",
        "outstanding": 203418.0
    },
    {
        "calculationDate": "20190831",
        "outstanding": 0.0
    },
    {
        "calculationDate": "20190516",
        "outstanding": 164573.0
    },
    {
        "calculationDate": "20230114",
        "outstanding": 191568.07
    },
    {
        "calculationDate": "20160316",
        "outstanding": 0.0
    },
    {
        "calculationDate": "20220922",
        "outstanding": 199147.0
    },
    {
        "calculationDate": "20220510",
        "outstanding": 131781.0
    },
    {
        "calculationDate": "20200215",
        "outstanding": 0.0
    },
    {
        "calculationDate": "20211223",
        "outstanding": 92308.0
    },
    {
        "calculationDate": "20170228",
        "outstanding": 0.0
    },
    {
        "calculationDate": "20160915",
        "outstanding": 0.0
    },
    {
        "calculationDate": "20221011",
        "outstanding": 192872.0
    },
    {
        "calculationDate": "20201115",
        "outstanding": 183226.0
    },
    {
        "calculationDate": "20150331",
        "outstanding": 0.0
    },
    {
        "calculationDate": "20220204",
        "outstanding": 92235.0
    },
    {
        "calculationDate": "20220215",
        "outstanding": 5806.0
    },
    {
        "calculationDate": "20210803",
        "outstanding": 198064.0
    },
    {
        "calculationDate": "20210302",
        "outstanding": 192081.0
    },
    {
        "calculationDate": "20230202",
        "outstanding": 185904.38
    },
    {
        "calculationDate": "20230220",
        "outstanding": 208215.87
    },
    {
        "calculationDate": "20230203",
        "outstanding": 190308.69
    },
    {
        "calculationDate": "20230226",
        "outstanding": 226257.24
    },
    {
        "calculationDate": "20201208",
        "outstanding": 197169.0
    },
    {
        "calculationDate": "20170116",
        "outstanding": 0.0
    },
    {
        "calculationDate": "20190430",
        "outstanding": 122845.0
    },
    {
        "calculationDate": "20161016",
        "outstanding": 0.0
    },
    {
        "calculationDate": "20230326",
        "outstanding": 220.0
    },
    {
        "calculationDate": "20220702",
        "outstanding": 192199.0
    },
    {
        "calculationDate": "20220322",
        "outstanding": 70.0
    },
    {
        "calculationDate": "20210720",
        "outstanding": 199100.0
    },
    {
        "calculationDate": "20221119",
        "outstanding": 198953.81
    },
    {
        "calculationDate": "20200615",
        "outstanding": 189505.0
    },
    {
        "calculationDate": "20221001",
        "outstanding": 191700.0
    },
    {
        "calculationDate": "20150214",
        "outstanding": 0.0
    },
    {
        "calculationDate": "20230503",
        "outstanding": 2511.94
    },
    {
        "calculationDate": "20141031",
        "outstanding": 0.0
    },
    {
        "calculationDate": "20180615",
        "outstanding": 0.0
    },
    {
        "calculationDate": "20210907",
        "outstanding": 196956.0
    },
    {
        "calculationDate": "20230211",
        "outstanding": 194273.99
    },
    {
        "calculationDate": "20181031",
        "outstanding": 8826.0
    },
    {
        "calculationDate": "20191216",
        "outstanding": 157831.0
    },
    {
        "calculationDate": "20210831",
        "outstanding": 197066.0
    },
    {
        "calculationDate": "20200316",
        "outstanding": 41147.0
    },
    {
        "calculationDate": "20221101",
        "outstanding": 199160.64
    },
    {
        "calculationDate": "20220913",
        "outstanding": 194104.0
    },
    {
        "calculationDate": "20150430",
        "outstanding": 0.0
    },
    {
        "calculationDate": "20190716",
        "outstanding": 185965.0
    },
    {
        "calculationDate": "20170516",
        "outstanding": 14766.0
    },
    {
        "calculationDate": "20210921",
        "outstanding": 202358.0
    },
    {
        "calculationDate": "20161216",
        "outstanding": 0.0
    },
    {
        "calculationDate": "20160630",
        "outstanding": 0.0
    },
    {
        "calculationDate": "20220505",
        "outstanding": 123374.0
    },
    {
        "calculationDate": "20220210",
        "outstanding": 82472.0
    },
    {
        "calculationDate": "20210212",
        "outstanding": 198047.0
    },
    {
        "calculationDate": "20210622",
        "outstanding": 202613.0
    },
    {
        "calculationDate": "20170816",
        "outstanding": 0.0
    },
    {
        "calculationDate": "20140816",
        "outstanding": 0.0
    },
    {
        "calculationDate": "20230122",
        "outstanding": 197232.38
    },
    {
        "calculationDate": "20210406",
        "outstanding": 195240.0
    },
    {
        "calculationDate": "20170415",
        "outstanding": 0.0
    },
    {
        "calculationDate": "20230404",
        "outstanding": 0.0
    },
    {
        "calculationDate": "20161130",
        "outstanding": 0.0
    },
    {
        "calculationDate": "20220428",
        "outstanding": 98611.0
    },
    {
        "calculationDate": "20210330",
        "outstanding": 190932.0
    },
    {
        "calculationDate": "20230222",
        "outstanding": 210891.92
    },
    {
        "calculationDate": "20220122",
        "outstanding": 88951.0
    },
    {
        "calculationDate": "20201118",
        "outstanding": 188594.0
    },
    {
        "calculationDate": "20230131",
        "outstanding": 197442.38
    },
    {
        "calculationDate": "20221112",
        "outstanding": 194160.64
    },
    {
        "calculationDate": "20220203",
        "outstanding": 92235.0
    },
    {
        "calculationDate": "20200915",
        "outstanding": 199652.0
    },
    {
        "calculationDate": "20220412",
        "outstanding": 29899.0
    },
    {
        "calculationDate": "20180816",
        "outstanding": 0.0
    },
    {
        "calculationDate": "20210108",
        "outstanding": 198345.0
    },
    {
        "calculationDate": "20171216",
        "outstanding": 84093.0
    },
    {
        "calculationDate": "20211005",
        "outstanding": 193502.0
    },
    {
        "calculationDate": "20210727",
        "outstanding": 194251.0
    },
    {
        "calculationDate": "20220421",
        "outstanding": 78909.0
    },
    {
        "calculationDate": "20220811",
        "outstanding": 194696.0
    },
    {
        "calculationDate": "20201016",
        "outstanding": 196573.0
    },
    {
        "calculationDate": "20220305",
        "outstanding": 0.0
    },
    {
        "calculationDate": "20210924",
        "outstanding": 188973.0
    },
    {
        "calculationDate": "20221124",
        "outstanding": 187261.81
    },
    {
        "calculationDate": "20230228",
        "outstanding": 220920.12
    },
    {
        "calculationDate": "20150131",
        "outstanding": 0.0
    },
    {
        "calculationDate": "20221219",
        "outstanding": 199124.57
    },
    {
        "calculationDate": "20200831",
        "outstanding": 199652.0
    },
    {
        "calculationDate": "20220301",
        "outstanding": 10889.0
    },
    {
        "calculationDate": "20150615",
        "outstanding": 0.0
    },
    {
        "calculationDate": "20220809",
        "outstanding": 194730.0
    },
    {
        "calculationDate": "20150716",
        "outstanding": 0.0
    },
    {
        "calculationDate": "20211218",
        "outstanding": 186181.0
    },
    {
        "calculationDate": "20200630",
        "outstanding": 199932.0
    },
    {
        "calculationDate": "20210723",
        "outstanding": 203502.0
    },
    {
        "calculationDate": "20170731",
        "outstanding": 10000.0
    },
    {
        "calculationDate": "20210323",
        "outstanding": 196457.0
    },
    {
        "calculationDate": "20170930",
        "outstanding": 42074.0
    },
    {
        "calculationDate": "20180831",
        "outstanding": 82057.0
    },
    {
        "calculationDate": "20220416",
        "outstanding": 74888.0
    },
    {
        "calculationDate": "20230501",
        "outstanding": 1112.94
    },
    {
        "calculationDate": "20141216",
        "outstanding": 0.0
    },
    {
        "calculationDate": "20210702",
        "outstanding": 195463.0
    },
    {
        "calculationDate": "20230319",
        "outstanding": 27795.38
    },
    {
        "calculationDate": "20211123",
        "outstanding": 198195.0
    },
    {
        "calculationDate": "20160816",
        "outstanding": 0.0
    },
    {
        "calculationDate": "20220407",
        "outstanding": 18296.0
    },
    {
        "calculationDate": "20160831",
        "outstanding": 0.0
    },
    {
        "calculationDate": "20220823",
        "outstanding": 190435.0
    },
    {
        "calculationDate": "20190131",
        "outstanding": 115035.0
    },
    {
        "calculationDate": "20151031",
        "outstanding": 10493.0
    },
    {
        "calculationDate": "20211116",
        "outstanding": 193779.0
    },
    {
        "calculationDate": "20221229",
        "outstanding": 191568.07
    },
    {
        "calculationDate": "20210423",
        "outstanding": 196515.0
    },
    {
        "calculationDate": "20200430",
        "outstanding": 150977.0
    },
    {
        "calculationDate": "20220517",
        "outstanding": 146503.0
    },
    {
        "calculationDate": "20161115",
        "outstanding": 0.0
    },
    {
        "calculationDate": "20220423",
        "outstanding": 90238.0
    },
    {
        "calculationDate": "20210224",
        "outstanding": 198597.0
    },
    {
        "calculationDate": "20160215",
        "outstanding": 0.0
    },
    {
        "calculationDate": "20210601",
        "outstanding": 205459.0
    },
    {
        "calculationDate": "20160430",
        "outstanding": 0.0
    },
    {
        "calculationDate": "20220125",
        "outstanding": 88673.0
    },
    {
        "calculationDate": "20201031",
        "outstanding": 199929.0
    },
    {
        "calculationDate": "20220405",
        "outstanding": 17728.0
    },
    {
        "calculationDate": "20230314",
        "outstanding": 222149.38
    },
    {
        "calculationDate": "20221213",
        "outstanding": 191868.24
    },
    {
        "calculationDate": "20220303",
        "outstanding": 10650.0
    },
    {
        "calculationDate": "20140831",
        "outstanding": 0.0
    },
    {
        "calculationDate": "20180930",
        "outstanding": 113208.0
    },
    {
        "calculationDate": "20220614",
        "outstanding": 195942.0
    },
    {
        "calculationDate": "20201211",
        "outstanding": 198868.0
    },
    {
        "calculationDate": "20141115",
        "outstanding": 0.0
    },
    {
        "calculationDate": "20220816",
        "outstanding": 194696.0
    },
    {
        "calculationDate": "20211015",
        "outstanding": 194113.0
    },
    {
        "calculationDate": "20160930",
        "outstanding": 0.0
    },
    {
        "calculationDate": "20190214",
        "outstanding": 0.0
    },
    {
        "calculationDate": "20220409",
        "outstanding": 26470.0
    },
    {
        "calculationDate": "20210914",
        "outstanding": 197347.0
    },
    {
        "calculationDate": "20220120",
        "outstanding": 86821.0
    },
    {
        "calculationDate": "20220324",
        "outstanding": 139.0
    },
    {
        "calculationDate": "20191231",
        "outstanding": 190567.0
    },
    {
        "calculationDate": "20220910",
        "outstanding": 196104.0
    },
    {
        "calculationDate": "20150531",
        "outstanding": 0.0
    },
    {
        "calculationDate": "20190615",
        "outstanding": 189647.0
    },
    {
        "calculationDate": "20201127",
        "outstanding": 189602.0
    },
    {
        "calculationDate": "20201215",
        "outstanding": 197029.0
    },
    {
        "calculationDate": "20180630",
        "outstanding": 0.0
    },
    {
        "calculationDate": "20171231",
        "outstanding": 0.0
    },
    {
        "calculationDate": "20220609",
        "outstanding": 197893.0
    },
    {
        "calculationDate": "20210427",
        "outstanding": 197231.0
    },
    {
        "calculationDate": "20141130",
        "outstanding": 0.0
    }
]