[
    {
        "calculationDate": "20221209",
        "outstanding": 135826.66
    },
    {
        "calculationDate": "20221006",
        "outstanding": 40950.0
    },
    {
        "calculationDate": "20230316",
        "outstanding": 135612.96
    },
    {
        "calculationDate": "20230423",
        "outstanding": 203654.66
    },
    {
        "calculationDate": "20230510",
        "outstanding": 4016.12
    },
    {
        "calculationDate": "20221031",
        "outstanding": 26759.7
    },
    {
        "calculationDate": "20230129",
        "outstanding": 139979.74
    },
    {
        "calculationDate": "20221110",
        "outstanding": 44380.44
    },
    {
        "calculationDate": "20230215",
        "outstanding": 139979.74
    },
    {
        "calculationDate": "20221007",
        "outstanding": 44799.0
    },
    {
        "calculationDate": "20221219",
        "outstanding": 69957.06
    },
    {
        "calculationDate": "20221115",
        "outstanding": 78019.94
    },
    {
        "calculationDate": "20230315",
        "outstanding": 139967.88
    },
    {
        "calculationDate": "20221027",
        "outstanding": 21577.0
    },
    {
        "calculationDate": "20221014",
        "outstanding": 0.0
    },
    {
        "calculationDate": "20230131",
        "outstanding": 139979.74
    },
    {
        "calculationDate": "20221108",
        "outstanding": 48743.49
    },
    {
        "calculationDate": "20221120",
        "outstanding": 138735.78
    },
    {
        "calculationDate": "20230605",
        "outstanding": 4178.46
    },
    {
        "calculationDate": "20221130",
        "outstanding": 135735.78
    },
    {
        "calculationDate": "20221215",
        "outstanding": 139957.06
    },
    {
        "calculationDate": "20230119",
        "outstanding": 134654.49
    },
    {
        "calculationDate": "20221029",
        "outstanding": 0.0
    },
    {
        "calculationDate": "20221230",
        "outstanding": 139996.8
    },
    {
        "calculationDate": "20230420",
        "outstanding": 203654.66
    },
    {
        "calculationDate": "20221101",
        "outstanding": 37843.6
    },
    {
        "calculationDate": "20230424",
        "outstanding": 203334.76
    },
    {
        "calculationDate": "20230326",
        "outstanding": 209953.26
    },
    {
        "calculationDate": "20230228",
        "outstanding": 139967.88
    },
    {
        "calculationDate": "20230319",
        "outstanding": 129548.69
    },
    {
        "calculationDate": "20230212",
        "outstanding": 139979.74
    },
    {
        "calculationDate": "20230226",
        "outstanding": 139967.88
    },
    {
        "calculationDate": "20230322",
        "outstanding": 174886.68
    },
    {
        "calculationDate": "20230320",
        "outstanding": 166704.0
    },
    {
        "calculationDate": "20230511",
        "outstanding": 0.0
    },
    {
        "calculationDate": "20230402",
        "outstanding": 209953.26
    },
    {
        "calculationDate": "20230110",
        "outstanding": 135654.49
    },
    {
        "calculationDate": "20221010",
        "outstanding": 60670.0
    },
    {
        "calculationDate": "20230504",
        "outstanding": 209973.03
    },
    {
        "calculationDate": "20230503",
        "outstanding": 207512.83
    },
    {
        "calculationDate": "20230501",
        "outstanding": 203334.76
    },
    {
        "calculationDate": "20230323",
        "outstanding": 167886.68
    },
    {
        "calculationDate": "20221011",
        "outstanding": 69572.0
    },
    {
        "calculationDate": "20221005",
        "outstanding": 0.0
    },
    {
        "calculationDate": "20221113",
        "outstanding": 98019.94
    },
    {
        "calculationDate": "20221028",
        "outstanding": 0.0
    },
    {
        "calculationDate": "20221109",
        "outstanding": 54380.44
    },
    {
        "calculationDate": "20221231",
        "outstanding": 139996.8
    },
    {
        "calculationDate": "20221206",
        "outstanding": 139918.13
    },
    {
        "calculationDate": "20221117",
        "outstanding": 88903.84
    },
    {
        "calculationDate": "20230220",
        "outstanding": 135735.63
    },
    {
        "calculationDate": "20221106",
        "outstanding": 39990.99
    },
    {
        "calculationDate": "20221123",
        "outstanding": 138735.78
    },
    {
        "calculationDate": "20221127",
        "outstanding": 135735.78
    }
]