[
    {
        "calculationDate": "20230314",
        "outstanding": 231313.29
    },
    {
        "calculationDate": "20221019",
        "outstanding": 48149.0
    },
    {
        "calculationDate": "20230402",
        "outstanding": 452629.58
    },
    {
        "calculationDate": "20221225",
        "outstanding": 205269.18
    },
    {
        "calculationDate": "20230427",
        "outstanding": 271550.12
    },
    {
        "calculationDate": "20230407",
        "outstanding": 312805.26
    },
    {
        "calculationDate": "20220704",
        "outstanding": 157451.0
    },
    {
        "calculationDate": "20221224",
        "outstanding": 204441.68
    },
    {
        "calculationDate": "20230313",
        "outstanding": 233939.28
    },
    {
        "calculationDate": "20221001",
        "outstanding": 67512.0
    },
    {
        "calculationDate": "20230415",
        "outstanding": 224121.62
    },
    {
        "calculationDate": "20221121",
        "outstanding": 58212.85
    },
    {
        "calculationDate": "20221005",
        "outstanding": 81370.0
    },
    {
        "calculationDate": "20221024",
        "outstanding": 48661.0
    },
    {
        "calculationDate": "20230519",
        "outstanding": 198318.66
    },
    {
        "calculationDate": "20221217",
        "outstanding": 194825.15
    },
    {
        "calculationDate": "20220611",
        "outstanding": 56608.0
    },
    {
        "calculationDate": "20230418",
        "outstanding": 227112.67
    },
    {
        "calculationDate": "20230127",
        "outstanding": 118504.18
    },
    {
        "calculationDate": "20221208",
        "outstanding": 169771.37
    },
    {
        "calculationDate": "20230428",
        "outstanding": 271390.94
    },
    {
        "calculationDate": "20230429",
        "outstanding": 271828.7
    },
    {
        "calculationDate": "20230419",
        "outstanding": 231868.67
    },
    {
        "calculationDate": "20230215",
        "outstanding": 51150.25
    },
    {
        "calculationDate": "20230228",
        "outstanding": 223993.31
    },
    {
        "calculationDate": "20230124",
        "outstanding": 168582.18
    },
    {
        "calculationDate": "20220721",
        "outstanding": 211187.0
    },
    {
        "calculationDate": "20230212",
        "outstanding": 16918.85
    },
    {
        "calculationDate": "20230420",
        "outstanding": 233205.75
    },
    {
        "calculationDate": "20221220",
        "outstanding": 203257.35
    },
    {
        "calculationDate": "20230422",
        "outstanding": 238111.75
    },
    {
        "calculationDate": "20230413",
        "outstanding": 220394.86
    },
    {
        "calculationDate": "20230226",
        "outstanding": 121701.31
    },
    {
        "calculationDate": "20221003",
        "outstanding": 80592.0
    },
    {
        "calculationDate": "20230101",
        "outstanding": 168169.18
    },
    {
        "calculationDate": "20230416",
        "outstanding": 224993.22
    },
    {
        "calculationDate": "20221219",
        "outstanding": 202108.35
    },
    {
        "calculationDate": "20221124",
        "outstanding": 65270.67
    },
    {
        "calculationDate": "20220803",
        "outstanding": 97551.0
    },
    {
        "calculationDate": "20220724",
        "outstanding": 128193.0
    },
    {
        "calculationDate": "20230323",
        "outstanding": 307151.94
    },
    {
        "calculationDate": "20220604",
        "outstanding": 50000.0
    },
    {
        "calculationDate": "20220812",
        "outstanding": 101801.0
    },
    {
        "calculationDate": "20221201",
        "outstanding": 161721.61
    },
    {
        "calculationDate": "20221126",
        "outstanding": 100249.67
    },
    {
        "calculationDate": "20221214",
        "outstanding": 174445.0
    },
    {
        "calculationDate": "20221203",
        "outstanding": 167304.06
    },
    {
        "calculationDate": "20221202",
        "outstanding": 166271.61
    },
    {
        "calculationDate": "20221215",
        "outstanding": 175706.21
    },
    {
        "calculationDate": "20221129",
        "outstanding": 106222.82
    },
    {
        "calculationDate": "20220613",
        "outstanding": 188169.0
    },
    {
        "calculationDate": "20230225",
        "outstanding": 117620.31
    },
    {
        "calculationDate": "20221102",
        "outstanding": 49572.34
    },
    {
        "calculationDate": "20230218",
        "outstanding": 62709.03
    },
    {
        "calculationDate": "20220827",
        "outstanding": 38436.0
    },
    {
        "calculationDate": "20230125",
        "outstanding": 169210.18
    },
    {
        "calculationDate": "20220712",
        "outstanding": 298537.0
    },
    {
        "calculationDate": "20220822",
        "outstanding": 37214.0
    },
    {
        "calculationDate": "20230421",
        "outstanding": 236385.75
    },
    {
        "calculationDate": "20230219",
        "outstanding": 67551.03
    },
    {
        "calculationDate": "20230213",
        "outstanding": 19366.85
    },
    {
        "calculationDate": "20221008",
        "outstanding": 115396.0
    },
    {
        "calculationDate": "20230330",
        "outstanding": 365881.58
    },
    {
        "calculationDate": "20230224",
        "outstanding": 112519.81
    },
    {
        "calculationDate": "20220708",
        "outstanding": 286364.0
    },
    {
        "calculationDate": "20230312",
        "outstanding": 232426.28
    },
    {
        "calculationDate": "20230316",
        "outstanding": 275617.94
    },
    {
        "calculationDate": "20220802",
        "outstanding": 96730.0
    },
    {
        "calculationDate": "20230217",
        "outstanding": 62160.03
    },
    {
        "calculationDate": "20220814",
        "outstanding": 98900.0
    },
    {
        "calculationDate": "20220922",
        "outstanding": 40319.0
    },
    {
        "calculationDate": "20221206",
        "outstanding": 168913.37
    },
    {
        "calculationDate": "20230411",
        "outstanding": 219062.86
    },
    {
        "calculationDate": "20230425",
        "outstanding": 251389.75
    },
    {
        "calculationDate": "20230426",
        "outstanding": 270151.96
    },
    {
        "calculationDate": "20230227",
        "outstanding": 124729.31
    },
    {
        "calculationDate": "20220819",
        "outstanding": 3895.0
    },
    {
        "calculationDate": "20230430",
        "outstanding": 285310.97
    },
    {
        "calculationDate": "20221026",
        "outstanding": 49045.34
    },
    {
        "calculationDate": "20220713",
        "outstanding": 311187.0
    },
    {
        "calculationDate": "20230309",
        "outstanding": 229846.37
    },
    {
        "calculationDate": "20230326",
        "outstanding": 317262.31
    },
    {
        "calculationDate": "20230209",
        "outstanding": 0.0
    },
    {
        "calculationDate": "20220701",
        "outstanding": 51699.0
    },
    {
        "calculationDate": "20220926",
        "outstanding": 64564.0
    },
    {
        "calculationDate": "20230310",
        "outstanding": 230178.28
    },
    {
        "calculationDate": "20230320",
        "outstanding": 290035.94
    },
    {
        "calculationDate": "20220808",
        "outstanding": 97690.0
    },
    {
        "calculationDate": "20221010",
        "outstanding": 126431.0
    },
    {
        "calculationDate": "20230301",
        "outstanding": 227142.37
    },
    {
        "calculationDate": "20230410",
        "outstanding": 218085.28
    },
    {
        "calculationDate": "20230321",
        "outstanding": 291228.94
    },
    {
        "calculationDate": "20230501",
        "outstanding": 285579.49
    },
    {
        "calculationDate": "20230408",
        "outstanding": 206840.65
    },
    {
        "calculationDate": "20220821",
        "outstanding": 36651.0
    },
    {
        "calculationDate": "20230403",
        "outstanding": 0.0
    },
    {
        "calculationDate": "20220805",
        "outstanding": 97690.0
    },
    {
        "calculationDate": "20230220",
        "outstanding": 77095.81
    },
    {
        "calculationDate": "20221122",
        "outstanding": 61566.67
    },
    {
        "calculationDate": "20230414",
        "outstanding": 221498.26
    },
    {
        "calculationDate": "20221216",
        "outstanding": 176386.21
    },
    {
        "calculationDate": "20220621",
        "outstanding": 193110.0
    },
    {
        "calculationDate": "20230315",
        "outstanding": 273947.94
    },
    {
        "calculationDate": "20230505",
        "outstanding": 278318.66
    },
    {
        "calculationDate": "20220823",
        "outstanding": 38244.0
    },
    {
        "calculationDate": "20230502",
        "outstanding": 286212.66
    },
    {
        "calculationDate": "20221015",
        "outstanding": 126895.0
    },
    {
        "calculationDate": "20230222",
        "outstanding": 105483.81
    },
    {
        "calculationDate": "20221130",
        "outstanding": 160594.82
    },
    {
        "calculationDate": "20220810",
        "outstanding": 97767.0
    },
    {
        "calculationDate": "20230327",
        "outstanding": 319198.22
    },
    {
        "calculationDate": "20221222",
        "outstanding": 207296.0
    },
    {
        "calculationDate": "20230329",
        "outstanding": 319800.22
    },
    {
        "calculationDate": "20221128",
        "outstanding": 101447.67
    },
    {
        "calculationDate": "20230405",
        "outstanding": 92191.59
    },
    {
        "calculationDate": "20230324",
        "outstanding": 316100.31
    },
    {
        "calculationDate": "20220607",
        "outstanding": 50298.0
    },
    {
        "calculationDate": "20230423",
        "outstanding": 249406.75
    },
    {
        "calculationDate": "20230409",
        "outstanding": 217610.65
    },
    {
        "calculationDate": "20230223",
        "outstanding": 109102.81
    },
    {
        "calculationDate": "20220625",
        "outstanding": 0.0
    },
    {
        "calculationDate": "20221123",
        "outstanding": 64455.67
    },
    {
        "calculationDate": "20230302",
        "outstanding": 227910.37
    },
    {
        "calculationDate": "20230412",
        "outstanding": 219490.86
    },
    {
        "calculationDate": "20230319",
        "outstanding": 289589.94
    },
    {
        "calculationDate": "20220609",
        "outstanding": 55162.0
    },
    {
        "calculationDate": "20230325",
        "outstanding": 316605.31
    },
    {
        "calculationDate": "20220816",
        "outstanding": 0.0
    },
    {
        "calculationDate": "20230216",
        "outstanding": 60995.03
    },
    {
        "calculationDate": "20230406",
        "outstanding": 231294.26
    },
    {
        "calculationDate": "20220910",
        "outstanding": 38436.0
    },
    {
        "calculationDate": "20230221",
        "outstanding": 80663.81
    },
    {
        "calculationDate": "20230417",
        "outstanding": 225561.22
    },
    {
        "calculationDate": "20221018",
        "outstanding": 47702.0
    },
    {
        "calculationDate": "20221218",
        "outstanding": 196575.15
    },
    {
        "calculationDate": "20230214",
        "outstanding": 49844.25
    },
    {
        "calculationDate": "20221223",
        "outstanding": 218630.68
    },
    {
        "calculationDate": "20220624",
        "outstanding": 221336.0
    },
    {
        "calculationDate": "20230126",
        "outstanding": 148504.18
    },
    {
        "calculationDate": "20221125",
        "outstanding": 66499.67
    },
    {
        "calculationDate": "20221127",
        "outstanding": 100878.67
    }
]