[
    {
        "calculationDate": "20160228",
        "outstanding": 15748.0
    },
    {
        "calculationDate": "20140907",
        "outstanding": 617.0
    },
    {
        "calculationDate": "20150621",
        "outstanding": 4900.0
    },
    {
        "calculationDate": "20150412",
        "outstanding": 0.0
    },
    {
        "calculationDate": "20150313",
        "outstanding": 7349.0
    },
    {
        "calculationDate": "20160508",
        "outstanding": 54.0
    },
    {
        "calculationDate": "20140810",
        "outstanding": 617.0
    },
    {
        "calculationDate": "20141130",
        "outstanding": 42.0
    },
    {
        "calculationDate": "20140803",
        "outstanding": 617.0
    },
    {
        "calculationDate": "20160410",
        "outstanding": 0.0
    },
    {
        "calculationDate": "20150514",
        "outstanding": 7370.0
    },
    {
        "calculationDate": "20150628",
        "outstanding": 0.0
    },
    {
        "calculationDate": "20140831",
        "outstanding": 617.0
    },
    {
        "calculationDate": "20160224",
        "outstanding": 20748.0
    },
    {
        "calculationDate": "20141102",
        "outstanding": 42.0
    },
    {
        "calculationDate": "20151115",
        "outstanding": 4949.0
    },
    {
        "calculationDate": "20141228",
        "outstanding": 0.0
    },
    {
        "calculationDate": "20140928",
        "outstanding": 297.0
    },
    {
        "calculationDate": "20160124",
        "outstanding": 43799.0
    },
    {
        "calculationDate": "20141005",
        "outstanding": 297.0
    },
    {
        "calculationDate": "20151112",
        "outstanding": 4750.0
    },
    {
        "calculationDate": "20160518",
        "outstanding": 0.0
    },
    {
        "calculationDate": "20150507",
        "outstanding": 1317.0
    },
    {
        "calculationDate": "20160210",
        "outstanding": 32300.0
    },
    {
        "calculationDate": "20150510",
        "outstanding": 2130.0
    },
    {
        "calculationDate": "20150806",
        "outstanding": 1130.0
    },
    {
        "calculationDate": "20141109",
        "outstanding": 42.0
    },
    {
        "calculationDate": "20151105",
        "outstanding": 9750.0
    },
    {
        "calculationDate": "20150827",
        "outstanding": 1348.0
    },
    {
        "calculationDate": "20150326",
        "outstanding": 6949.0
    },
    {
        "calculationDate": "20160323",
        "outstanding": 0.0
    },
    {
        "calculationDate": "20160114",
        "outstanding": 21309.0
    },
    {
        "calculationDate": "20150305",
        "outstanding": 8648.0
    },
    {
        "calculationDate": "20160330",
        "outstanding": 0.0
    },
    {
        "calculationDate": "20150302",
        "outstanding": 8646.0
    },
    {
        "calculationDate": "20150423",
        "outstanding": 1317.0
    },
    {
        "calculationDate": "20150604",
        "outstanding": 4870.0
    },
    {
        "calculationDate": "20140727",
        "outstanding": 617.0
    },
    {
        "calculationDate": "20150917",
        "outstanding": 13204.0
    },
    {
        "calculationDate": "20151011",
        "outstanding": 8638.0
    },
    {
        "calculationDate": "20151227",
        "outstanding": 0.0
    },
    {
        "calculationDate": "20160131",
        "outstanding": 32300.0
    },
    {
        "calculationDate": "20160616",
        "outstanding": 0.0
    },
    {
        "calculationDate": "20160306",
        "outstanding": 15748.0
    },
    {
        "calculationDate": "20150607",
        "outstanding": 4870.0
    },
    {
        "calculationDate": "20141019",
        "outstanding": 356.0
    },
    {
        "calculationDate": "20150705",
        "outstanding": 0.0
    },
    {
        "calculationDate": "20150329",
        "outstanding": 0.0
    },
    {
        "calculationDate": "20151208",
        "outstanding": 4949.0
    },
    {
        "calculationDate": "20150111",
        "outstanding": 3780.0
    },
    {
        "calculationDate": "20150524",
        "outstanding": 4870.0
    },
    {
        "calculationDate": "20150104",
        "outstanding": 1.0
    },
    {
        "calculationDate": "20160217",
        "outstanding": 27300.0
    },
    {
        "calculationDate": "20150712",
        "outstanding": 1130.0
    },
    {
        "calculationDate": "20160525",
        "outstanding": 13.0
    },
    {
        "calculationDate": "20151213",
        "outstanding": 0.0
    },
    {
        "calculationDate": "20160110",
        "outstanding": 4648.0
    },
    {
        "calculationDate": "20160605",
        "outstanding": 13.0
    },
    {
        "calculationDate": "20150910",
        "outstanding": 214.0
    },
    {
        "calculationDate": "20140706",
        "outstanding": 0.0
    },
    {
        "calculationDate": "20150226",
        "outstanding": 8720.0
    },
    {
        "calculationDate": "20160127",
        "outstanding": 43799.0
    },
    {
        "calculationDate": "20160321",
        "outstanding": 10748.0
    },
    {
        "calculationDate": "20151224",
        "outstanding": 49.0
    },
    {
        "calculationDate": "20160424",
        "outstanding": 54.0
    },
    {
        "calculationDate": "20151126",
        "outstanding": 4949.0
    },
    {
        "calculationDate": "20150830",
        "outstanding": 0.0
    },
    {
        "calculationDate": "20140713",
        "outstanding": 1200.0
    },
    {
        "calculationDate": "20141026",
        "outstanding": 6.0
    },
    {
        "outstanding": 3780.0
    },
    {
        "calculationDate": "20141207",
        "outstanding": 43.0
    },
    {
        "calculationDate": "20150222",
        "outstanding": 8720.0
    }
]