[
    {
        "calculationDate": "20220113",
        "outstanding": 34474.0
    },
    {
        "calculationDate": "20201211",
        "outstanding": 0.0
    },
    {
        "calculationDate": "20220725",
        "outstanding": 28.0
    },
    {
        "calculationDate": "20220705",
        "outstanding": 38.0
    },
    {
        "calculationDate": "20210401",
        "outstanding": 0.0
    },
    {
        "calculationDate": "20211130",
        "outstanding": 0.0
    },
    {
        "calculationDate": "20220224",
        "outstanding": 434.0
    },
    {
        "calculationDate": "20220616",
        "outstanding": 0.0
    },
    {
        "calculationDate": "20220908",
        "outstanding": 0.0
    },
    {
        "calculationDate": "20210110",
        "outstanding": 0.0
    },
    {
        "calculationDate": "20221225",
        "outstanding": 49.56
    },
    {
        "calculationDate": "20220404",
        "outstanding": 224.0
    },
    {
        "calculationDate": "20220512",
        "outstanding": 10505.0
    },
    {
        "calculationDate": "20221130",
        "outstanding": 1321.57
    },
    {
        "calculationDate": "20210801",
        "outstanding": 0.0
    },
    {
        "calculationDate": "20221031",
        "outstanding": 257.0
    },
    {
        "calculationDate": "20230429",
        "outstanding": 1024.54
    },
    {
        "calculationDate": "20220707",
        "outstanding": 0.0
    },
    {
        "calculationDate": "20220405",
        "outstanding": 0.0
    },
    {
        "calculationDate": "20211226",
        "outstanding": 0.0
    },
    {
        "calculationDate": "20220214",
        "outstanding": 10715.0
    },
    {
        "calculationDate": "20221009",
        "outstanding": 0.0
    },
    {
        "calculationDate": "20220601",
        "outstanding": 0.0
    },
    {
        "calculationDate": "20200814",
        "outstanding": 0.0
    },
    {
        "calculationDate": "20220726",
        "outstanding": 0.0
    },
    {
        "calculationDate": "20211001",
        "outstanding": 0.0
    },
    {
        "calculationDate": "20230606",
        "outstanding": 0.29
    },
    {
        "calculationDate": "20220329",
        "outstanding": 13637.0
    },
    {
        "calculationDate": "20220808",
        "outstanding": 0.0
    },
    {
        "calculationDate": "20220804",
        "outstanding": 256.0
    },
    {
        "calculationDate": "20230502",
        "outstanding": 0.0
    },
    {
        "calculationDate": "20210301",
        "outstanding": 0.0
    },
    {
        "calculationDate": "20210701",
        "outstanding": 0.0
    },
    {
        "calculationDate": "20220518",
        "outstanding": 15.0
    },
    {
        "calculationDate": "20220326",
        "outstanding": 10405.0
    },
    {
        "calculationDate": "20220515",
        "outstanding": 15.0
    },
    {
        "calculationDate": "20201001",
        "outstanding": 0.0
    },
    {
        "calculationDate": "20220213",
        "outstanding": 8796.0
    },
    {
        "calculationDate": "20211231",
        "outstanding": 0.0
    },
    {
        "calculationDate": "20220328",
        "outstanding": 11239.0
    },
    {
        "calculationDate": "20210113",
        "outstanding": 704.0
    },
    {
        "calculationDate": "20220308",
        "outstanding": 10805.0
    },
    {
        "calculationDate": "20220227",
        "outstanding": 0.0
    },
    {
        "outstanding": 0.0
    },
    {
        "calculationDate": "20220609",
        "outstanding": 0.0
    },
    {
        "calculationDate": "20230423",
        "outstanding": 0.0
    },
    {
        "calculationDate": "20220111",
        "outstanding": 30626.0
    },
    {
        "calculationDate": "20210501",
        "outstanding": 0.0
    },
    {
        "calculationDate": "20220504",
        "outstanding": 9749.0
    },
    {
        "calculationDate": "20220310",
        "outstanding": 12834.0
    },
    {
        "calculationDate": "20230531",
        "outstanding": 0.0
    },
    {
        "calculationDate": "20220215",
        "outstanding": 0.0
    },
    {
        "calculationDate": "20220704",
        "outstanding": 388.0
    },
    {
        "calculationDate": "20201203",
        "outstanding": 0.0
    },
    {
        "calculationDate": "20220116",
        "outstanding": 0.0
    },
    {
        "calculationDate": "20210201",
        "outstanding": 0.0
    },
    {
        "calculationDate": "20220315",
        "outstanding": 0.0
    },
    {
        "calculationDate": "20220313",
        "outstanding": 26101.0
    },
    {
        "calculationDate": "20211115",
        "outstanding": 0.0
    },
    {
        "calculationDate": "20220314",
        "outstanding": 26482.0
    },
    {
        "calculationDate": "20221125",
        "outstanding": 292.05
    },
    {
        "calculationDate": "20220327",
        "outstanding": 9549.0
    },
    {
        "calculationDate": "20210901",
        "outstanding": 0.0
    },
    {
        "calculationDate": "20220309",
        "outstanding": 12156.0
    },
    {
        "calculationDate": "20220109",
        "outstanding": 19052.0
    },
    {
        "calculationDate": "20220505",
        "outstanding": 9830.0
    },
    {
        "calculationDate": "20200807",
        "outstanding": 1616.0
    },
    {
        "calculationDate": "20221230",
        "outstanding": 1078.17
    },
    {
        "calculationDate": "20220112",
        "outstanding": 31076.0
    },
    {
        "calculationDate": "20221219",
        "outstanding": 5.17
    },
    {
        "calculationDate": "20210601",
        "outstanding": 0.0
    },
    {
        "calculationDate": "20200806",
        "outstanding": 643.0
    },
    {
        "calculationDate": "20210115",
        "outstanding": 0.0
    },
    {
        "calculationDate": "20201101",
        "outstanding": 0.0
    }
]