[
    {
        "calculationDate": "20190715",
        "outstanding": 22000.0
    },
    {
        "calculationDate": "20190725",
        "outstanding": 20000.0
    },
    {
        "calculationDate": "20190502",
        "outstanding": 25248.0
    },
    {
        "calculationDate": "20190506",
        "outstanding": 25503.0
    },
    {
        "calculationDate": "20190318",
        "outstanding": 31075.0
    },
    {
        "calculationDate": "20191117",
        "outstanding": 18989.0
    },
    {
        "calculationDate": "20190418",
        "outstanding": 16479.0
    },
    {
        "outstanding": 18602.0
    },
    {
        "calculationDate": "20190218",
        "outstanding": 33526.0
    },
    {
        "calculationDate": "20190516",
        "outstanding": 33143.0
    },
    {
        "calculationDate": "20190213",
        "outstanding": 0.0
    },
    {
        "calculationDate": "20190829",
        "outstanding": 3000.0
    },
    {
        "calculationDate": "20190701",
        "outstanding": 20002.0
    },
    {
        "calculationDate": "20190311",
        "outstanding": 1197.0
    },
    {
        "calculationDate": "20191224",
        "outstanding": 30000.0
    },
    {
        "calculationDate": "20190902",
        "outstanding": 0.0
    },
    {
        "calculationDate": "20190722",
        "outstanding": 20000.0
    },
    {
        "calculationDate": "20190905",
        "outstanding": 0.0
    },
    {
        "calculationDate": "20190808",
        "outstanding": 0.0
    },
    {
        "calculationDate": "20191124",
        "outstanding": 23000.0
    },
    {
        "calculationDate": "20190819",
        "outstanding": 0.0
    },
    {
        "calculationDate": "20190604",
        "outstanding": 30168.0
    },
    {
        "calculationDate": "20191226",
        "outstanding": 30000.0
    },
    {
        "calculationDate": "20200106",
        "outstanding": 30302.0
    },
    {
        "calculationDate": "20190304",
        "outstanding": 0.0
    },
    {
        "calculationDate": "20200102",
        "outstanding": 30000.0
    },
    {
        "calculationDate": "20191007",
        "outstanding": 0.0
    },
    {
        "calculationDate": "20190617",
        "outstanding": 17052.0
    },
    {
        "calculationDate": "20190530",
        "outstanding": 7847.0
    },
    {
        "calculationDate": "20190422",
        "outstanding": 23168.0
    },
    {
        "calculationDate": "20190520",
        "outstanding": 0.0
    },
    {
        "calculationDate": "20190815",
        "outstanding": 6954.0
    },
    {
        "calculationDate": "20190909",
        "outstanding": 0.0
    },
    {
        "calculationDate": "20200130",
        "outstanding": 15425.0
    },
    {
        "calculationDate": "20200210",
        "outstanding": 0.0
    },
    {
        "calculationDate": "20190627",
        "outstanding": 19902.0
    },
    {
        "calculationDate": "20190805",
        "outstanding": 0.0
    },
    {
        "calculationDate": "20191014",
        "outstanding": 7294.0
    },
    {
        "calculationDate": "20190404",
        "outstanding": 23170.0
    },
    {
        "calculationDate": "20190401",
        "outstanding": 32839.0
    },
    {
        "calculationDate": "20200123",
        "outstanding": 10224.0
    },
    {
        "calculationDate": "20190425",
        "outstanding": 24068.0
    },
    {
        "calculationDate": "20190527",
        "outstanding": 2000.0
    },
    {
        "calculationDate": "20190314",
        "outstanding": 24908.0
    },
    {
        "calculationDate": "20200206",
        "outstanding": 0.0
    },
    {
        "calculationDate": "20200120",
        "outstanding": 0.0
    },
    {
        "calculationDate": "20191021",
        "outstanding": 26674.0
    },
    {
        "calculationDate": "20190606",
        "outstanding": 30952.0
    },
    {
        "outstanding": 33526.0
    },
    {
        "calculationDate": "20190704",
        "outstanding": 14000.0
    },
    {
        "calculationDate": "20191208",
        "outstanding": 30494.0
    },
    {
        "calculationDate": "20200203",
        "outstanding": 10000.0
    },
    {
        "calculationDate": "20191130",
        "outstanding": 23486.0
    },
    {
        "calculationDate": "20191110",
        "outstanding": 19153.0
    },
    {
        "calculationDate": "20190321",
        "outstanding": 32439.0
    },
    {
        "calculationDate": "20190513",
        "outstanding": 30503.0
    },
    {
        "calculationDate": "20191017",
        "outstanding": 23642.0
    },
    {
        "calculationDate": "20191215",
        "outstanding": 32988.0
    },
    {
        "calculationDate": "20200127",
        "outstanding": 13506.0
    },
    {
        "calculationDate": "20190207",
        "outstanding": 0.0
    },
    {
        "calculationDate": "20190729",
        "outstanding": 22600.0
    },
    {
        "calculationDate": "20190620",
        "outstanding": 17052.0
    },
    {
        "calculationDate": "20190429",
        "outstanding": 24698.0
    }
]