[
    {
        "calculationDate": "20210226",
        "outstanding": 0.0
    },
    {
        "calculationDate": "20201229",
        "outstanding": 1059.0
    },
    {
        "calculationDate": "20200731",
        "outstanding": 70416.0
    },
    {
        "calculationDate": "20200929"
    },
    {
        "calculationDate": "20201002",
        "outstanding": 1160.0
    },
    {
        "calculationDate": "20200728",
        "outstanding": 75016.0
    },
    {
        "calculationDate": "20201218",
        "outstanding": 700.0
    },
    {
        "calculationDate": "20200710",
        "outstanding": 70909.0
    },
    {
        "calculationDate": "20200626",
        "outstanding": 64088.0
    },
    {
        "calculationDate": "20200630",
        "outstanding": 64088.0
    },
    {
        "calculationDate": "20201201",
        "outstanding": 0.0
    },
    {
        "calculationDate": "20200703",
        "outstanding": 68979.0
    },
    {
        "calculationDate": "20210302",
        "outstanding": 0.0
    },
    {
        "calculationDate": "20201127",
        "outstanding": 0.0
    },
    {
        "calculationDate": "20210105",
        "outstanding": 0.0
    },
    {
        "calculationDate": "20200915",
        "outstanding": 0.0
    },
    {
        "calculationDate": "20201222",
        "outstanding": 1000.0
    },
    {
        "calculationDate": "20210129",
        "outstanding": 0.0
    },
    {
        "calculationDate": "20201013",
        "outstanding": 0.0
    },
    {
        "calculationDate": "20201030",
        "outstanding": 0.0
    },
    {
        "calculationDate": "20200828",
        "outstanding": 74154.0
    },
    {
        "calculationDate": "20200901",
        "outstanding": 0.0
    },
    {
        "calculationDate": "20210202",
        "outstanding": 0.0
    }
]