[
    {
        "calculationDate": "20200817",
        "outstanding": 105685.0
    },
    {
        "calculationDate": "20200224",
        "outstanding": 120985.0
    },
    {
        "calculationDate": "20200601",
        "outstanding": 120985.0
    },
    {
        "calculationDate": "20200309",
        "outstanding": 120985.0
    },
    {
        "calculationDate": "20190826",
        "outstanding": 0.0
    },
    {
        "calculationDate": "20190822",
        "outstanding": 0.0
    },
    {
        "calculationDate": "20200730",
        "outstanding": 96532.0
    },
    {
        "calculationDate": "20200227",
        "outstanding": 120985.0
    },
    {
        "calculationDate": "20200130",
        "outstanding": 120985.0
    },
    {
        "calculationDate": "20200430",
        "outstanding": 120985.0
    },
    {
        "calculationDate": "20191021",
        "outstanding": 0.0
    },
    {
        "calculationDate": "20191130",
        "outstanding": 120985.0
    },
    {
        "calculationDate": "20200824",
        "outstanding": 114868.0
    },
    {
        "calculationDate": "20200127",
        "outstanding": 120985.0
    },
    {
        "calculationDate": "20200312",
        "outstanding": 0.0
    },
    {
        "calculationDate": "20200423",
        "outstanding": 120985.0
    },
    {
        "calculationDate": "20200304",
        "outstanding": 120985.0
    },
    {
        "calculationDate": "20200625",
        "outstanding": 120985.0
    },
    {
        "calculationDate": "20200106",
        "outstanding": 120985.0
    },
    {
        "calculationDate": "20200507",
        "outstanding": 120985.0
    },
    {
        "calculationDate": "20200629",
        "outstanding": 120985.0
    },
    {
        "calculationDate": "20200827",
        "outstanding": 121812.0
    },
    {
        "calculationDate": "20200921",
        "outstanding": 0.0
    },
    {
        "calculationDate": "20200123",
        "outstanding": 120985.0
    },
    {
        "calculationDate": "20200727",
        "outstanding": 90894.0
    },
    {
        "calculationDate": "20200406",
        "outstanding": 0.0
    },
    {
        "calculationDate": "20191226",
        "outstanding": 120985.0
    },
    {
        "calculationDate": "20200427",
        "outstanding": 120985.0
    },
    {
        "calculationDate": "20200709",
        "outstanding": 53956.0
    },
    {
        "calculationDate": "20200120",
        "outstanding": 120985.0
    },
    {
        "calculationDate": "20200608",
        "outstanding": 120985.0
    },
    {
        "calculationDate": "20200514",
        "outstanding": 0.0
    },
    {
        "calculationDate": "20200525",
        "outstanding": 120985.0
    },
    {
        "calculationDate": "20200604",
        "outstanding": 120985.0
    },
    {
        "calculationDate": "20190930",
        "outstanding": 11050.0
    },
    {
        "calculationDate": "20200220",
        "outstanding": 120985.0
    },
    {
        "calculationDate": "20200611",
        "outstanding": 120985.0
    },
    {
        "calculationDate": "20200622",
        "outstanding": 120985.0
    },
    {
        "calculationDate": "20200723",
        "outstanding": 84648.0
    },
    {
        "calculationDate": "20200713",
        "outstanding": 54499.0
    },
    {
        "calculationDate": "20200803",
        "outstanding": 104305.0
    },
    {
        "calculationDate": "20200806",
        "outstanding": 86761.0
    },
    {
        "calculationDate": "20200716",
        "outstanding": 75446.0
    },
    {
        "calculationDate": "20200217",
        "outstanding": 120985.0
    },
    {
        "calculationDate": "20200810",
        "outstanding": 99330.0
    },
    {
        "calculationDate": "20200511",
        "outstanding": 0.0
    },
    {
        "calculationDate": "20191209",
        "outstanding": 120985.0
    },
    {
        "calculationDate": "20191024",
        "outstanding": 7810.0
    },
    {
        "calculationDate": "20200706",
        "outstanding": 97351.0
    },
    {
        "calculationDate": "20200831",
        "outstanding": 118837.0
    },
    {
        "calculationDate": "20200720",
        "outstanding": 82062.0
    },
    {
        "calculationDate": "20200820",
        "outstanding": 109057.0
    },
    {
        "calculationDate": "20200116",
        "outstanding": 120985.0
    },
    {
        "calculationDate": "20191031",
        "outstanding": 351.0
    },
    {
        "calculationDate": "20200615",
        "outstanding": 120985.0
    },
    {
        "calculationDate": "20200504",
        "outstanding": 0.0
    },
    {
        "calculationDate": "20200518",
        "outstanding": 120985.0
    },
    {
        "calculationDate": "20200813",
        "outstanding": 101665.0
    },
    {
        "calculationDate": "20191017",
        "outstanding": 1746.0
    },
    {
        "calculationDate": "20200910",
        "outstanding": 113289.0
    },
    {
        "calculationDate": "20200903",
        "outstanding": 113289.0
    },
    {
        "calculationDate": "20200528",
        "outstanding": 120985.0
    },
    {
        "calculationDate": "20190926",
        "outstanding": 2398.0
    },
    {
        "calculationDate": "20200416",
        "outstanding": 0.0
    },
    {
        "calculationDate": "20191117",
        "outstanding": 22347.0
    },
    {
        "calculationDate": "20191010",
        "outstanding": 0.0
    },
    {
        "calculationDate": "20191003",
        "outstanding": 0.0
    },
    {
        "calculationDate": "20191230",
        "outstanding": 120985.0
    },
    {
        "calculationDate": "20200113",
        "outstanding": 120985.0
    },
    {
        "calculationDate": "20191215",
        "outstanding": 0.0
    },
    {
        "calculationDate": "20191124",
        "outstanding": 31089.0
    },
    {
        "calculationDate": "20200618",
        "outstanding": 120985.0
    },
    {
        "calculationDate": "20191111",
        "outstanding": 6242.0
    },
    {
        "calculationDate": "20200305",
        "outstanding": 120985.0
    },
    {
        "calculationDate": "20191014",
        "outstanding": 261.0
    },
    {
        "calculationDate": "20200207",
        "outstanding": 120985.0
    },
    {
        "calculationDate": "20200103",
        "outstanding": 120985.0
    },
    {
        "calculationDate": "20200213",
        "outstanding": 120985.0
    },
    {
        "calculationDate": "20200521",
        "outstanding": 120985.0
    },
    {
        "calculationDate": "20200203",
        "outstanding": 120985.0
    },
    {
        "calculationDate": "20200210",
        "outstanding": 120985.0
    },
    {
        "calculationDate": "20200702",
        "outstanding": 81945.0
    },
    {
        "calculationDate": "20200917",
        "outstanding": 110183.0
    },
    {
        "calculationDate": "20201019",
        "outstanding": 0.0
    },
    {
        "calculationDate": "20191224",
        "outstanding": 120985.0
    },
    {
        "calculationDate": "20201026",
        "outstanding": 0.0
    }
]