[
    {
        "calculationDate": "20180601",
        "outstanding": 2406.0
    },
    {
        "calculationDate": "20160601",
        "outstanding": 0.0
    },
    {
        "calculationDate": "20191003",
        "outstanding": 35977.0
    },
    {
        "calculationDate": "20180913",
        "outstanding": 13359.0
    },
    {
        "calculationDate": "20190814",
        "outstanding": 44657.0
    },
    {
        "calculationDate": "20181108",
        "outstanding": 34030.0
    },
    {
        "calculationDate": "20190502",
        "outstanding": 23897.0
    },
    {
        "calculationDate": "20180423",
        "outstanding": 129.0
    },
    {
        "calculationDate": "20180502",
        "outstanding": 0.0
    },
    {
        "calculationDate": "20150903",
        "outstanding": 86917.0
    },
    {
        "calculationDate": "20190326",
        "outstanding": 64400.0
    },
    {
        "calculationDate": "20191226",
        "outstanding": 0.0
    },
    {
        "calculationDate": "20170709",
        "outstanding": 33012.0
    },
    {
        "calculationDate": "20180216",
        "outstanding": 15750.0
    },
    {
        "calculationDate": "20170402",
        "outstanding": 0.0
    },
    {
        "calculationDate": "20190607",
        "outstanding": 2136.0
    },
    {
        "calculationDate": "20150624",
        "outstanding": 154687.0
    },
    {
        "calculationDate": "20200202",
        "outstanding": 0.0
    },
    {
        "calculationDate": "20180919",
        "outstanding": 19590.0
    },
    {
        "calculationDate": "20200703",
        "outstanding": 8440.0
    },
    {
        "calculationDate": "20151021",
        "outstanding": 48001.0
    },
    {
        "calculationDate": "20161230",
        "outstanding": 0.0
    },
    {
        "calculationDate": "20160304",
        "outstanding": 0.0
    },
    {
        "calculationDate": "20140729",
        "outstanding": 53848.0
    },
    {
        "calculationDate": "20181208",
        "outstanding": 13668.0
    },
    {
        "calculationDate": "20190901",
        "outstanding": 104946.0
    },
    {
        "calculationDate": "20141009",
        "outstanding": 23395.0
    },
    {
        "calculationDate": "20200101",
        "outstanding": 0.0
    },
    {
        "calculationDate": "20170510",
        "outstanding": 9875.0
    },
    {
        "calculationDate": "20151222",
        "outstanding": 197.0
    },
    {
        "calculationDate": "20200507",
        "outstanding": 0.0
    },
    {
        "calculationDate": "20150702",
        "outstanding": 165540.0
    },
    {
        "calculationDate": "20190302",
        "outstanding": 41109.0
    },
    {
        "calculationDate": "20181128",
        "outstanding": 86888.0
    },
    {
        "calculationDate": "20170303",
        "outstanding": 0.0
    },
    {
        "calculationDate": "20160409",
        "outstanding": 0.0
    },
    {
        "calculationDate": "20180102",
        "outstanding": 207481.0
    },
    {
        "calculationDate": "20201124",
        "outstanding": 0.0
    },
    {
        "calculationDate": "20190904",
        "outstanding": 2932.0
    },
    {
        "calculationDate": "20180823",
        "outstanding": 125618.0
    },
    {
        "calculationDate": "20170222",
        "outstanding": 0.0
    },
    {
        "calculationDate": "20180904",
        "outstanding": 134802.0
    },
    {
        "calculationDate": "20190314",
        "outstanding": 57739.0
    },
    {
        "calculationDate": "20180414",
        "outstanding": 63121.0
    },
    {
        "calculationDate": "20200925",
        "outstanding": 911.0
    },
    {
        "calculationDate": "20180707",
        "outstanding": 1765.0
    },
    {
        "calculationDate": "20171206",
        "outstanding": 172435.0
    },
    {
        "calculationDate": "20150822",
        "outstanding": 178621.0
    },
    {
        "calculationDate": "20180805",
        "outstanding": 3743.0
    },
    {
        "calculationDate": "20150817",
        "outstanding": 193751.0
    },
    {
        "calculationDate": "20180604",
        "outstanding": 2256.0
    },
    {
        "calculationDate": "20130718",
        "outstanding": 122781.0
    },
    {
        "calculationDate": "20200504",
        "outstanding": 269.0
    },
    {
        "calculationDate": "20170621",
        "outstanding": 0.0
    },
    {
        "calculationDate": "20190706",
        "outstanding": 4626.0
    },
    {
        "calculationDate": "20121016",
        "outstanding": 0.0
    },
    {
        "calculationDate": "20201005",
        "outstanding": 0.0
    },
    {
        "calculationDate": "20170102",
        "outstanding": 0.0
    },
    {
        "calculationDate": "20170802",
        "outstanding": 40812.0
    },
    {
        "calculationDate": "20190225",
        "outstanding": 35650.0
    },
    {
        "calculationDate": "20191006",
        "outstanding": 1532.0
    },
    {
        "calculationDate": "20191207",
        "outstanding": 0.0
    },
    {
        "calculationDate": "20180901",
        "outstanding": 134032.0
    },
    {
        "calculationDate": "20180402",
        "outstanding": 50220.0
    },
    {
        "calculationDate": "20140112",
        "outstanding": 124147.0
    },
    {
        "calculationDate": "20170216",
        "outstanding": 5000.0
    },
    {
        "calculationDate": "20151211",
        "outstanding": 21292.0
    },
    {
        "calculationDate": "20131129",
        "outstanding": 140277.0
    },
    {
        "calculationDate": "20180126",
        "outstanding": 228258.0
    },
    {
        "calculationDate": "20201022",
        "outstanding": 0.0
    },
    {
        "calculationDate": "20200329",
        "outstanding": 0.0
    },
    {
        "calculationDate": "20200531",
        "outstanding": 85.0
    },
    {
        "calculationDate": "20180330",
        "outstanding": 29030.0
    },
    {
        "calculationDate": "20160103",
        "outstanding": 350.0
    },
    {
        "calculationDate": "20160502",
        "outstanding": 0.0
    },
    {
        "calculationDate": "20161103",
        "outstanding": 0.0
    },
    {
        "calculationDate": "20170721",
        "outstanding": 25406.0
    },
    {
        "calculationDate": "20191031",
        "outstanding": 19456.0
    },
    {
        "calculationDate": "20200320",
        "outstanding": 0.0
    },
    {
        "calculationDate": "20160202",
        "outstanding": 0.0
    },
    {
        "calculationDate": "20200305",
        "outstanding": 0.0
    },
    {
        "calculationDate": "20180303",
        "outstanding": 508.0
    },
    {
        "calculationDate": "20150830",
        "outstanding": 85218.0
    },
    {
        "calculationDate": "20200802",
        "outstanding": 0.0
    },
    {
        "calculationDate": "20180114",
        "outstanding": 200838.0
    },
    {
        "calculationDate": "20180616",
        "outstanding": 20471.0
    },
    {
        "calculationDate": "20171230",
        "outstanding": 206504.0
    },
    {
        "calculationDate": "20160115",
        "outstanding": 0.0
    },
    {
        "calculationDate": "20170504",
        "outstanding": 4033.0
    },
    {
        "calculationDate": "20180201",
        "outstanding": 244306.0
    },
    {
        "calculationDate": "20160331",
        "outstanding": 0.0
    },
    {
        "calculationDate": "20131030",
        "outstanding": 128727.0
    },
    {
        "calculationDate": "20170201",
        "outstanding": 9050.0
    },
    {
        "calculationDate": "20150724",
        "outstanding": 192045.0
    },
    {
        "calculationDate": "20130309",
        "outstanding": 142631.0
    },
    {
        "calculationDate": "20171115",
        "outstanding": 171088.0
    },
    {
        "calculationDate": "20170607",
        "outstanding": 9984.0
    },
    {
        "calculationDate": "20200110",
        "outstanding": 0.0
    },
    {
        "calculationDate": "20190802",
        "outstanding": 62975.0
    },
    {
        "calculationDate": "20161203",
        "outstanding": 4735.0
    },
    {
        "calculationDate": "20181203",
        "outstanding": 88946.0
    },
    {
        "calculationDate": "20160423",
        "outstanding": 0.0
    },
    {
        "calculationDate": "20190603",
        "outstanding": 46275.0
    },
    {
        "calculationDate": "20180730",
        "outstanding": 38623.0
    },
    {
        "calculationDate": "20180814",
        "outstanding": 68280.0
    },
    {
        "calculationDate": "20161215",
        "outstanding": 10094.0
    },
    {
        "calculationDate": "20170922",
        "outstanding": 67229.0
    },
    {
        "calculationDate": "20160619",
        "outstanding": 0.0
    },
    {
        "calculationDate": "20141118",
        "outstanding": 39508.0
    },
    {
        "calculationDate": "20171103",
        "outstanding": 165345.0
    },
    {
        "calculationDate": "20180213",
        "outstanding": 244678.0
    },
    {
        "calculationDate": "20190219",
        "outstanding": 29203.0
    },
    {
        "calculationDate": "20170901",
        "outstanding": 64958.0
    },
    {
        "calculationDate": "20180704",
        "outstanding": 20471.0
    },
    {
        "calculationDate": "20171004",
        "outstanding": 77749.0
    },
    {
        "calculationDate": "20161004",
        "outstanding": 0.0
    },
    {
        "calculationDate": "20181011",
        "outstanding": 35315.0
    },
    {
        "calculationDate": "20170516",
        "outstanding": 9513.0
    },
    {
        "calculationDate": "20140424",
        "outstanding": 96782.0
    },
    {
        "calculationDate": "20190103",
        "outstanding": 136300.0
    },
    {
        "calculationDate": "20140213",
        "outstanding": 132535.0
    },
    {
        "calculationDate": "20200706",
        "outstanding": 0.0
    },
    {
        "calculationDate": "20200323",
        "outstanding": 0.0
    },
    {
        "calculationDate": "20180426",
        "outstanding": 550.0
    },
    {
        "calculationDate": "20170703",
        "outstanding": 29975.0
    },
    {
        "calculationDate": "20200928",
        "outstanding": 0.0
    },
    {
        "calculationDate": "20170129",
        "outstanding": 9050.0
    },
    {
        "calculationDate": "20180429",
        "outstanding": 0.0
    },
    {
        "calculationDate": "20150828",
        "outstanding": 98756.0
    },
    {
        "calculationDate": "20181014",
        "outstanding": 10245.0
    },
    {
        "calculationDate": "20200401",
        "outstanding": 0.0
    },
    {
        "calculationDate": "20160907",
        "outstanding": 0.0
    },
    {
        "calculationDate": "20171016",
        "outstanding": 93028.0
    },
    {
        "calculationDate": "20181117",
        "outstanding": 55425.0
    },
    {
        "calculationDate": "20180802",
        "outstanding": 47199.0
    },
    {
        "calculationDate": "20140611",
        "outstanding": 1725.0
    },
    {
        "calculationDate": "20151209",
        "outstanding": 26198.0
    },
    {
        "calculationDate": "20141201",
        "outstanding": 6551.0
    },
    {
        "calculationDate": "20180321",
        "outstanding": 0.0
    },
    {
        "calculationDate": "20190202",
        "outstanding": 63935.0
    },
    {
        "calculationDate": "20160211",
        "outstanding": 0.0
    },
    {
        "calculationDate": "20150801",
        "outstanding": 186327.0
    },
    {
        "calculationDate": "20150918",
        "outstanding": 110452.0
    },
    {
        "calculationDate": "20121127",
        "outstanding": 0.0
    },
    {
        "calculationDate": "20151225",
        "outstanding": 0.0
    },
    {
        "calculationDate": "20190106",
        "outstanding": 3116.0
    },
    {
        "calculationDate": "20200603",
        "outstanding": 0.0
    },
    {
        "calculationDate": "20201010",
        "outstanding": 0.0
    },
    {
        "calculationDate": "20171031",
        "outstanding": 125911.0
    },
    {
        "calculationDate": "20181102",
        "outstanding": 2817.0
    },
    {
        "calculationDate": "20170204",
        "outstanding": 0.0
    },
    {
        "calculationDate": "20181004",
        "outstanding": 29143.0
    },
    {
        "calculationDate": "20191204",
        "outstanding": 0.0
    },
    {
        "calculationDate": "20200904",
        "outstanding": 0.0
    },
    {
        "calculationDate": "20180411",
        "outstanding": 103325.0
    },
    {
        "calculationDate": "20190410",
        "outstanding": 567.0
    },
    {
        "calculationDate": "20160803",
        "outstanding": 0.0
    },
    {
        "calculationDate": "20171203",
        "outstanding": 181997.0
    },
    {
        "calculationDate": "20160703",
        "outstanding": 0.0
    },
    {
        "calculationDate": "20191103",
        "outstanding": 7842.0
    },
    {
        "calculationDate": "20200416",
        "outstanding": 0.0
    },
    {
        "calculationDate": "20190401",
        "outstanding": 72327.0
    },
    {
        "calculationDate": "20201103",
        "outstanding": 0.0
    },
    {
        "calculationDate": "20180111",
        "outstanding": 240603.0
    },
    {
        "calculationDate": "20170829",
        "outstanding": 61665.0
    },
    {
        "calculationDate": "20190127",
        "outstanding": 49885.0
    },
    {
        "calculationDate": "20170913",
        "outstanding": 78789.0
    },
    {
        "calculationDate": "20190704",
        "outstanding": 34874.0
    },
    {
        "calculationDate": "20190413",
        "outstanding": 0.0
    }
]