[
    {
        "calculationDate": "20180427",
        "outstanding": 9880.0
    },
    {
        "calculationDate": "20180822",
        "outstanding": 34599.0
    },
    {
        "calculationDate": "20181024",
        "outstanding": 15055.0
    },
    {
        "calculationDate": "20160323",
        "outstanding": 57640.0
    },
    {
        "calculationDate": "20200115",
        "outstanding": 11650.0
    },
    {
        "calculationDate": "20220123",
        "outstanding": 44280.0
    },
    {
        "calculationDate": "20190404",
        "outstanding": 0.0
    },
    {
        "calculationDate": "20180725",
        "outstanding": 0.0
    },
    {
        "calculationDate": "20221018",
        "outstanding": 2810.0
    },
    {
        "calculationDate": "20160223",
        "outstanding": 96.0
    },
    {
        "calculationDate": "20210806",
        "outstanding": 12923.0
    },
    {
        "calculationDate": "20211003",
        "outstanding": 98725.0
    },
    {
        "calculationDate": "20221019",
        "outstanding": 12025.0
    },
    {
        "calculationDate": "20210804",
        "outstanding": 5554.0
    },
    {
        "calculationDate": "20170217",
        "outstanding": 89.0
    },
    {
        "calculationDate": "20220610",
        "outstanding": 60513.0
    },
    {
        "calculationDate": "20190603",
        "outstanding": 0.0
    },
    {
        "calculationDate": "20220721",
        "outstanding": 117384.0
    },
    {
        "calculationDate": "20211130",
        "outstanding": 54764.0
    },
    {
        "calculationDate": "20230310",
        "outstanding": 40807.85
    },
    {
        "calculationDate": "20211122",
        "outstanding": 15764.0
    },
    {
        "calculationDate": "20221011",
        "outstanding": 0.0
    },
    {
        "calculationDate": "20220816",
        "outstanding": 0.0
    },
    {
        "calculationDate": "20210423",
        "outstanding": 0.0
    },
    {
        "calculationDate": "20210225",
        "outstanding": 38435.0
    },
    {
        "calculationDate": "20170828",
        "outstanding": 0.0
    },
    {
        "calculationDate": "20171024",
        "outstanding": 17682.0
    },
    {
        "calculationDate": "20200127",
        "outstanding": 6488.0
    },
    {
        "calculationDate": "20161114",
        "outstanding": 0.0
    },
    {
        "calculationDate": "20191112",
        "outstanding": 4048.0
    },
    {
        "calculationDate": "20230324",
        "outstanding": 42867.77
    },
    {
        "calculationDate": "20230426",
        "outstanding": 2864.16
    },
    {
        "calculationDate": "20160410",
        "outstanding": 48.0
    },
    {
        "calculationDate": "20211124",
        "outstanding": 46369.0
    },
    {
        "calculationDate": "20171123",
        "outstanding": 1194.0
    },
    {
        "calculationDate": "20210824",
        "outstanding": 1825.0
    },
    {
        "calculationDate": "20211116",
        "outstanding": 9027.0
    },
    {
        "calculationDate": "20160924",
        "outstanding": 0.0
    },
    {
        "calculationDate": "20141019",
        "outstanding": 39.0
    },
    {
        "calculationDate": "20191229",
        "outstanding": 24763.0
    },
    {
        "calculationDate": "20230210",
        "outstanding": 20868.47
    },
    {
        "calculationDate": "20211128",
        "outstanding": 52088.0
    },
    {
        "calculationDate": "20190724",
        "outstanding": 12134.0
    },
    {
        "calculationDate": "20201210",
        "outstanding": 20379.0
    },
    {
        "calculationDate": "20160723",
        "outstanding": 0.0
    },
    {
        "calculationDate": "20210911",
        "outstanding": 55508.0
    },
    {
        "calculationDate": "20210729",
        "outstanding": 2737.0
    },
    {
        "calculationDate": "20210713",
        "outstanding": 34377.0
    },
    {
        "calculationDate": "20210717",
        "outstanding": 0.0
    },
    {
        "calculationDate": "20221221",
        "outstanding": 29286.25
    },
    {
        "calculationDate": "20220423",
        "outstanding": 40593.0
    },
    {
        "calculationDate": "20230613",
        "outstanding": 45336.47
    },
    {
        "calculationDate": "20200326",
        "outstanding": 3905.0
    },
    {
        "calculationDate": "20211214",
        "outstanding": 83352.0
    },
    {
        "calculationDate": "20220326",
        "outstanding": 44537.0
    },
    {
        "calculationDate": "20210913",
        "outstanding": 66108.0
    },
    {
        "calculationDate": "20161126",
        "outstanding": 4465.0
    },
    {
        "calculationDate": "20220125",
        "outstanding": 44280.0
    },
    {
        "calculationDate": "20200627",
        "outstanding": 38902.0
    },
    {
        "calculationDate": "20140623",
        "outstanding": 25470.0
    },
    {
        "calculationDate": "20190826",
        "outstanding": 12537.0
    },
    {
        "calculationDate": "20190624",
        "outstanding": 18909.0
    },
    {
        "calculationDate": "20180712",
        "outstanding": 5807.0
    },
    {
        "calculationDate": "20180304",
        "outstanding": 48.0
    },
    {
        "calculationDate": "20211021",
        "outstanding": 49076.0
    },
    {
        "calculationDate": "20230222",
        "outstanding": 17480.3
    },
    {
        "calculationDate": "20160521",
        "outstanding": 0.0
    },
    {
        "calculationDate": "20190823",
        "outstanding": 13537.0
    },
    {
        "calculationDate": "20200107",
        "outstanding": 24520.0
    },
    {
        "calculationDate": "20220917",
        "outstanding": 25114.0
    },
    {
        "calculationDate": "20220722",
        "outstanding": 117785.0
    },
    {
        "calculationDate": "20210810",
        "outstanding": 18254.0
    },
    {
        "calculationDate": "20210905",
        "outstanding": 49944.0
    },
    {
        "calculationDate": "20220831",
        "outstanding": 1799.0
    },
    {
        "calculationDate": "20181130",
        "outstanding": 12501.0
    },
    {
        "calculationDate": "20190913",
        "outstanding": 0.0
    },
    {
        "calculationDate": "20200913",
        "outstanding": 27428.0
    },
    {
        "calculationDate": "20151213",
        "outstanding": 15599.0
    },
    {
        "calculationDate": "20180909",
        "outstanding": 0.0
    },
    {
        "calculationDate": "20190811",
        "outstanding": 12748.0
    },
    {
        "calculationDate": "20160623",
        "outstanding": 0.0
    },
    {
        "calculationDate": "20211216",
        "outstanding": 0.0
    },
    {
        "calculationDate": "20160424",
        "outstanding": 7005.0
    },
    {
        "calculationDate": "20210114",
        "outstanding": 61620.0
    },
    {
        "calculationDate": "20200112",
        "outstanding": 24260.0
    },
    {
        "calculationDate": "20151220",
        "outstanding": 15702.0
    },
    {
        "calculationDate": "20151203",
        "outstanding": 5141.0
    },
    {
        "calculationDate": "20210907",
        "outstanding": 52004.0
    },
    {
        "calculationDate": "20220304",
        "outstanding": 25905.0
    },
    {
        "calculationDate": "20191128",
        "outstanding": 0.0
    },
    {
        "calculationDate": "20220302",
        "outstanding": 6685.0
    },
    {
        "calculationDate": "20171223",
        "outstanding": 16970.0
    },
    {
        "calculationDate": "20201112",
        "outstanding": 19247.0
    },
    {
        "calculationDate": "20171120",
        "outstanding": 0.0
    },
    {
        "calculationDate": "20180524",
        "outstanding": 27016.0
    },
    {
        "calculationDate": "20220226",
        "outstanding": 6316.0
    },
    {
        "calculationDate": "20211017",
        "outstanding": 63984.0
    },
    {
        "calculationDate": "20180602",
        "outstanding": 0.0
    },
    {
        "calculationDate": "20210711",
        "outstanding": 34293.0
    },
    {
        "calculationDate": "20200823",
        "outstanding": 28443.0
    },
    {
        "calculationDate": "20220507",
        "outstanding": 0.0
    },
    {
        "calculationDate": "20220618",
        "outstanding": 88767.0
    },
    {
        "calculationDate": "20200419",
        "outstanding": 0.0
    },
    {
        "calculationDate": "20230213",
        "outstanding": 16072.98
    },
    {
        "calculationDate": "20211029",
        "outstanding": 45983.0
    },
    {
        "calculationDate": "20200323",
        "outstanding": 5900.0
    },
    {
        "calculationDate": "20200919",
        "outstanding": 0.0
    },
    {
        "calculationDate": "20181215",
        "outstanding": 0.0
    },
    {
        "calculationDate": "20220413",
        "outstanding": 40388.0
    },
    {
        "calculationDate": "20220316",
        "outstanding": 45915.0
    },
    {
        "calculationDate": "20180125",
        "outstanding": 43463.0
    },
    {
        "calculationDate": "20220529",
        "outstanding": 42004.0
    },
    {
        "calculationDate": "20220208",
        "outstanding": 5620.0
    },
    {
        "calculationDate": "20190712",
        "outstanding": 7909.0
    },
    {
        "calculationDate": "20191122",
        "outstanding": 4231.0
    },
    {
        "calculationDate": "20160826",
        "outstanding": 0.0
    },
    {
        "calculationDate": "20201106",
        "outstanding": 26213.0
    },
    {
        "calculationDate": "20200727",
        "outstanding": 28038.0
    },
    {
        "calculationDate": "20171226",
        "outstanding": 0.0
    },
    {
        "calculationDate": "20210715",
        "outstanding": 34627.0
    },
    {
        "calculationDate": "20200531",
        "outstanding": 45073.0
    },
    {
        "calculationDate": "20200224",
        "outstanding": 3167.0
    },
    {
        "calculationDate": "20180424",
        "outstanding": 19876.0
    },
    {
        "calculationDate": "20230122",
        "outstanding": 28957.0
    },
    {
        "calculationDate": "20200522",
        "outstanding": 27023.0
    },
    {
        "calculationDate": "20211126",
        "outstanding": 48710.0
    },
    {
        "calculationDate": "20190124",
        "outstanding": 31846.0
    },
    {
        "calculationDate": "20190926",
        "outstanding": 8034.0
    },
    {
        "calculationDate": "20210523",
        "outstanding": 64746.0
    },
    {
        "calculationDate": "20190923",
        "outstanding": 11964.0
    },
    {
        "calculationDate": "20180503",
        "outstanding": 4.0
    },
    {
        "calculationDate": "20190127",
        "outstanding": 23195.0
    },
    {
        "calculationDate": "20200712",
        "outstanding": 29072.0
    },
    {
        "calculationDate": "20220813",
        "outstanding": 2127.0
    },
    {
        "calculationDate": "20170623",
        "outstanding": 0.0
    },
    {
        "calculationDate": "20200308",
        "outstanding": 3567.0
    },
    {
        "calculationDate": "20150925",
        "outstanding": 0.0
    },
    {
        "calculationDate": "20170205",
        "outstanding": 7004.0
    },
    {
        "calculationDate": "20161024",
        "outstanding": 0.0
    },
    {
        "calculationDate": "20210917",
        "outstanding": 74345.0
    },
    {
        "calculationDate": "20210123",
        "outstanding": 61620.0
    },
    {
        "calculationDate": "20180110",
        "outstanding": 35676.0
    },
    {
        "calculationDate": "20210814",
        "outstanding": 27045.0
    },
    {
        "calculationDate": "20190708",
        "outstanding": 17909.0
    },
    {
        "calculationDate": "20200525",
        "outstanding": 27023.0
    },
    {
        "calculationDate": "20210708",
        "outstanding": 33868.0
    },
    {
        "calculationDate": "20211202",
        "outstanding": 58573.0
    },
    {
        "calculationDate": "20131224",
        "outstanding": 0.0
    },
    {
        "calculationDate": "20171229"
    },
    {
        "calculationDate": "20210808",
        "outstanding": 16817.0
    },
    {
        "calculationDate": "20190323",
        "outstanding": 0.0
    },
    {
        "calculationDate": "20161123",
        "outstanding": 14465.0
    },
    {
        "calculationDate": "20191023",
        "outstanding": 8389.0
    },
    {
        "calculationDate": "20170720",
        "outstanding": 0.0
    },
    {
        "calculationDate": "20221022",
        "outstanding": 14908.0
    },
    {
        "calculationDate": "20140219",
        "outstanding": 26252.0
    },
    {
        "calculationDate": "20181222",
        "outstanding": 5730.0
    },
    {
        "calculationDate": "20190426",
        "outstanding": 12580.0
    },
    {
        "calculationDate": "20151029",
        "outstanding": 0.0
    },
    {
        "calculationDate": "20210723",
        "outstanding": 2737.0
    },
    {
        "calculationDate": "20190610",
        "outstanding": 0.0
    },
    {
        "calculationDate": "20220830",
        "outstanding": 36799.0
    },
    {
        "calculationDate": "20171018",
        "outstanding": 13880.0
    },
    {
        "calculationDate": "20210828",
        "outstanding": 42181.0
    },
    {
        "calculationDate": "20180623",
        "outstanding": 0.0
    },
    {
        "calculationDate": "20171027",
        "outstanding": 0.0
    },
    {
        "calculationDate": "20200124",
        "outstanding": 11689.0
    },
    {
        "calculationDate": "20181228",
        "outstanding": 11078.0
    },
    {
        "calculationDate": "20220314",
        "outstanding": 48970.0
    },
    {
        "calculationDate": "20211013",
        "outstanding": 83897.0
    },
    {
        "calculationDate": "20220909",
        "outstanding": 0.0
    },
    {
        "calculationDate": "20221002",
        "outstanding": 34710.0
    },
    {
        "calculationDate": "20181123",
        "outstanding": 13480.0
    },
    {
        "calculationDate": "20170424",
        "outstanding": 0.0
    },
    {
        "calculationDate": "20160524",
        "outstanding": 0.0
    },
    {
        "calculationDate": "20200425",
        "outstanding": 0.0
    },
    {
        "calculationDate": "20170418",
        "outstanding": 0.0
    },
    {
        "calculationDate": "20211102",
        "outstanding": 46025.0
    },
    {
        "calculationDate": "20200214",
        "outstanding": 0.0
    },
    {
        "calculationDate": "20230610",
        "outstanding": 45252.1
    },
    {
        "calculationDate": "20220310",
        "outstanding": 49138.0
    },
    {
        "calculationDate": "20160126",
        "outstanding": 33903.0
    },
    {
        "calculationDate": "20170825",
        "outstanding": 6178.0
    },
    {
        "calculationDate": "20210613",
        "outstanding": 0.0
    },
    {
        "calculationDate": "20140821",
        "outstanding": 10456.0
    },
    {
        "calculationDate": "20170304",
        "outstanding": 10669.0
    },
    {
        "calculationDate": "20211114",
        "outstanding": 3652.0
    },
    {
        "calculationDate": "20190523",
        "outstanding": 0.0
    },
    {
        "calculationDate": "20220608",
        "outstanding": 52443.0
    },
    {
        "calculationDate": "20191226",
        "outstanding": 25863.0
    },
    {
        "calculationDate": "20221006",
        "outstanding": 9396.0
    },
    {
        "calculationDate": "20210721",
        "outstanding": 2337.0
    },
    {
        "calculationDate": "20160209",
        "outstanding": 96.0
    },
    {
        "calculationDate": "20211112",
        "outstanding": 0.0
    },
    {
        "calculationDate": "20181120",
        "outstanding": 13467.0
    },
    {
        "calculationDate": "20170223",
        "outstanding": 12117.0
    },
    {
        "calculationDate": "20220501",
        "outstanding": 40777.0
    },
    {
        "calculationDate": "20140226",
        "outstanding": 26348.0
    },
    {
        "calculationDate": "20190308",
        "outstanding": 89.0
    },
    {
        "calculationDate": "20190808",
        "outstanding": 335.0
    },
    {
        "calculationDate": "20180223",
        "outstanding": 9562.0
    },
    {
        "calculationDate": "20211118",
        "outstanding": 14558.0
    },
    {
        "calculationDate": "20170415",
        "outstanding": 134.0
    },
    {
        "calculationDate": "20170322",
        "outstanding": 134.0
    },
    {
        "calculationDate": "20161204",
        "outstanding": 0.0
    },
    {
        "calculationDate": "20180322",
        "outstanding": 9209.0
    },
    {
        "calculationDate": "20210925",
        "outstanding": 72115.0
    },
    {
        "calculationDate": "20170924",
        "outstanding": 0.0
    },
    {
        "calculationDate": "20211212",
        "outstanding": 82849.0
    },
    {
        "calculationDate": "20220708",
        "outstanding": 86104.0
    },
    {
        "calculationDate": "20210214",
        "outstanding": 38264.0
    },
    {
        "calculationDate": "20160129",
        "outstanding": 31938.0
    },
    {
        "calculationDate": "20160326",
        "outstanding": 16182.0
    },
    {
        "calculationDate": "20201224",
        "outstanding": 13431.0
    },
    {
        "calculationDate": "20180530",
        "outstanding": 4.0
    },
    {
        "calculationDate": "20230331",
        "outstanding": 25897.57
    },
    {
        "calculationDate": "20210622",
        "outstanding": 7399.0
    },
    {
        "calculationDate": "20210126",
        "outstanding": 59772.0
    },
    {
        "calculationDate": "20190727",
        "outstanding": 16.0
    },
    {
        "calculationDate": "20200612",
        "outstanding": 40073.0
    },
    {
        "calculationDate": "20170915",
        "outstanding": 19809.0
    },
    {
        "calculationDate": "20210909",
        "outstanding": 52446.0
    },
    {
        "calculationDate": "20210816",
        "outstanding": 27858.0
    },
    {
        "calculationDate": "20201014",
        "outstanding": 24138.0
    },
    {
        "calculationDate": "20230612",
        "outstanding": 45961.13
    },
    {
        "calculationDate": "20211204",
        "outstanding": 63732.0
    },
    {
        "calculationDate": "20220811",
        "outstanding": 0.0
    },
    {
        "calculationDate": "20170524",
        "outstanding": 0.0
    },
    {
        "calculationDate": "20200329",
        "outstanding": 0.0
    },
    {
        "calculationDate": "20210830",
        "outstanding": 48181.0
    },
    {
        "calculationDate": "20230114",
        "outstanding": 28890.59
    },
    {
        "calculationDate": "20220409",
        "outstanding": 39537.0
    },
    {
        "calculationDate": "20201213",
        "outstanding": 0.0
    },
    {
        "calculationDate": "20170723",
        "outstanding": 0.0
    },
    {
        "calculationDate": "20211228",
        "outstanding": 45649.0
    },
    {
        "calculationDate": "20220129",
        "outstanding": 0.0
    },
    {
        "calculationDate": "20210313",
        "outstanding": 0.0
    },
    {
        "calculationDate": "20190401",
        "outstanding": 3577.0
    },
    {
        "calculationDate": "20180825",
        "outstanding": 19599.0
    },
    {
        "calculationDate": "20180924",
        "outstanding": 0.0
    },
    {
        "calculationDate": "20220525",
        "outstanding": 40472.0
    },
    {
        "calculationDate": "20191005",
        "outstanding": 5034.0
    },
    {
        "calculationDate": "20180724",
        "outstanding": 7807.0
    },
    {
        "calculationDate": "20210903",
        "outstanding": 49625.0
    },
    {
        "calculationDate": "20141124",
        "outstanding": 0.0
    },
    {
        "calculationDate": "20140416",
        "outstanding": 1660.0
    },
    {
        "calculationDate": "20200724",
        "outstanding": 29693.0
    },
    {
        "calculationDate": "20190225",
        "outstanding": 13865.0
    },
    {
        "calculationDate": "20220801",
        "outstanding": 88513.0
    },
    {
        "calculationDate": "20170226",
        "outstanding": 11269.0
    },
    {
        "calculationDate": "20211208",
        "outstanding": 77891.0
    },
    {
        "calculationDate": "20210812",
        "outstanding": 24369.0
    },
    {
        "calculationDate": "20151223",
        "outstanding": 15226.0
    },
    {
        "calculationDate": "20180206",
        "outstanding": 28677.0
    },
    {
        "calculationDate": "20180209",
        "outstanding": 28427.0
    },
    {
        "calculationDate": "20210826",
        "outstanding": 28879.0
    },
    {
        "calculationDate": "20211120",
        "outstanding": 14790.0
    },
    {
        "calculationDate": "20200624",
        "outstanding": 40609.0
    },
    {
        "calculationDate": "20211206",
        "outstanding": 65549.0
    },
    {
        "calculationDate": "20211011",
        "outstanding": 88725.0
    },
    {
        "calculationDate": "20171126",
        "outstanding": 0.0
    },
    {
        "calculationDate": "20201025",
        "outstanding": 27134.0
    },
    {
        "calculationDate": "20201124",
        "outstanding": 19660.0
    },
    {
        "calculationDate": "20220714",
        "outstanding": 87870.0
    },
    {
        "calculationDate": "20170124",
        "outstanding": 7504.0
    },
    {
        "calculationDate": "20221005",
        "outstanding": 9096.0
    },
    {
        "calculationDate": "20210802",
        "outstanding": 5054.0
    },
    {
        "calculationDate": "20220306",
        "outstanding": 32260.0
    },
    {
        "calculationDate": "20220308",
        "outstanding": 37321.0
    },
    {
        "calculationDate": "20211023",
        "outstanding": 49087.0
    },
    {
        "calculationDate": "20230510",
        "outstanding": 1235.77
    },
    {
        "calculationDate": "20190314",
        "outstanding": 14995.0
    },
    {
        "calculationDate": "20220930",
        "outstanding": 27861.0
    },
    {
        "calculationDate": "20161225",
        "outstanding": 9241.0
    },
    {
        "calculationDate": "20220920",
        "outstanding": 27861.0
    },
    {
        "calculationDate": "20180214",
        "outstanding": 18440.0
    },
    {
        "calculationDate": "20221026",
        "outstanding": 0.0
    },
    {
        "calculationDate": "20200925",
        "outstanding": 11530.0
    },
    {
        "calculationDate": "20210325",
        "outstanding": 0.0
    }
]