[
    {
        "calculationDate": "20220513",
        "outstanding": 0.0
    },
    {
        "calculationDate": "20230307",
        "outstanding": 50000.0
    },
    {
        "calculationDate": "20230316",
        "outstanding": 35000.0
    },
    {
        "calculationDate": "20230425",
        "outstanding": 0.0
    },
    {
        "calculationDate": "20230221",
        "outstanding": 55348.0
    },
    {
        "calculationDate": "20220202",
        "outstanding": 0.0
    },
    {
        "calculationDate": "20221004",
        "outstanding": 0.0
    },
    {
        "calculationDate": "20220118",
        "outstanding": 0.0
    },
    {
        "calculationDate": "20220924",
        "outstanding": 100000.0
    },
    {
        "calculationDate": "20220602",
        "outstanding": 0.0
    },
    {
        "calculationDate": "20220103",
        "outstanding": 0.0
    },
    {
        "calculationDate": "20220524",
        "outstanding": 9380.0
    },
    {
        "calculationDate": "20211021",
        "outstanding": 23190.0
    },
    {
        "calculationDate": "20220701",
        "outstanding": 0.0
    },
    {
        "calculationDate": "20220128",
        "outstanding": 1199.0
    },
    {
        "calculationDate": "20220824",
        "outstanding": 100000.0
    },
    {
        "calculationDate": "20211215",
        "outstanding": 0.0
    },
    {
        "calculationDate": "20211025",
        "outstanding": 23190.0
    },
    {
        "calculationDate": "20210923",
        "outstanding": 0.0
    },
    {
        "calculationDate": "20220422",
        "outstanding": 0.0
    },
    {
        "calculationDate": "20220722",
        "outstanding": 141664.0
    },
    {
        "calculationDate": "20230323",
        "outstanding": 15000.0
    },
    {
        "calculationDate": "20220520",
        "outstanding": 9380.0
    },
    {
        "calculationDate": "20230223",
        "outstanding": 50000.0
    },
    {
        "calculationDate": "20220131",
        "outstanding": 2120.0
    },
    {
        "calculationDate": "20220624",
        "outstanding": 1920.0
    },
    {
        "calculationDate": "20220603",
        "outstanding": 0.0
    },
    {
        "calculationDate": "20220405",
        "outstanding": 0.0
    },
    {
        "calculationDate": "20230430",
        "outstanding": 0.0
    },
    {
        "calculationDate": "20230319",
        "outstanding": 35000.0
    },
    {
        "calculationDate": "20230604",
        "outstanding": 0.0
    },
    {
        "calculationDate": "20220309",
        "outstanding": 0.0
    },
    {
        "calculationDate": "20230423",
        "outstanding": 0.0
    },
    {
        "calculationDate": "20220518",
        "outstanding": 7380.0
    },
    {
        "calculationDate": "20211217",
        "outstanding": 0.0
    },
    {
        "calculationDate": "20211211",
        "outstanding": 3341.0
    },
    {
        "calculationDate": "20230226",
        "outstanding": 50000.0
    },
    {
        "calculationDate": "20230326",
        "outstanding": 15000.0
    },
    {
        "calculationDate": "20220606",
        "outstanding": 0.0
    },
    {
        "calculationDate": "20211116",
        "outstanding": 23190.0
    },
    {
        "calculationDate": "20220511",
        "outstanding": 0.0
    },
    {
        "calculationDate": "20210927",
        "outstanding": 73190.0
    },
    {
        "calculationDate": "20211203",
        "outstanding": 0.0
    },
    {
        "calculationDate": "20220615",
        "outstanding": 1920.0
    },
    {
        "calculationDate": "20220705",
        "outstanding": 0.0
    },
    {
        "calculationDate": "20220926",
        "outstanding": 101190.0
    },
    {
        "calculationDate": "20211207",
        "outstanding": 29341.0
    },
    {
        "calculationDate": "20211007",
        "outstanding": 23190.0
    },
    {
        "calculationDate": "20220503",
        "outstanding": 0.0
    },
    {
        "calculationDate": "20220815",
        "outstanding": 141220.0
    },
    {
        "calculationDate": "20230406",
        "outstanding": 0.0
    },
    {
        "calculationDate": "20220725",
        "outstanding": 141664.0
    },
    {
        "calculationDate": "20220914",
        "outstanding": 100000.0
    },
    {
        "calculationDate": "20220721",
        "outstanding": 7814.0
    },
    {
        "calculationDate": "20230214",
        "outstanding": 55348.0
    }
]