[
    {
        "calculationDate": "20220317",
        "outstanding": 5903.0
    },
    {
        "calculationDate": "20180313",
        "outstanding": 1524.0
    },
    {
        "calculationDate": "20180417",
        "outstanding": 2381.0
    },
    {
        "calculationDate": "20191007",
        "outstanding": 4396.0
    },
    {
        "calculationDate": "20220811",
        "outstanding": 618.0
    },
    {
        "calculationDate": "20201101",
        "outstanding": 6290.0
    },
    {
        "calculationDate": "20220214",
        "outstanding": 0.0
    },
    {
        "calculationDate": "20210920",
        "outstanding": 0.0
    },
    {
        "calculationDate": "20201209",
        "outstanding": 4997.0
    },
    {
        "calculationDate": "20180902",
        "outstanding": 2395.0
    },
    {
        "calculationDate": "20220311",
        "outstanding": 903.0
    },
    {
        "calculationDate": "20181005",
        "outstanding": 2206.0
    },
    {
        "calculationDate": "20220831",
        "outstanding": 0.0
    },
    {
        "calculationDate": "20180402",
        "outstanding": 0.0
    },
    {
        "calculationDate": "20190813",
        "outstanding": 0.0
    },
    {
        "calculationDate": "20180301",
        "outstanding": 1953.0
    },
    {
        "calculationDate": "20190630",
        "outstanding": 2077.0
    },
    {
        "calculationDate": "20181209",
        "outstanding": 0.0
    },
    {
        "calculationDate": "20190909",
        "outstanding": 3732.0
    },
    {
        "calculationDate": "20200930",
        "outstanding": 7812.0
    },
    {
        "calculationDate": "20200201",
        "outstanding": 0.0
    },
    {
        "calculationDate": "20220322",
        "outstanding": 9518.0
    },
    {
        "calculationDate": "20190131",
        "outstanding": 714.0
    },
    {
        "calculationDate": "20210408",
        "outstanding": 9197.0
    },
    {
        "calculationDate": "20220308",
        "outstanding": 552.0
    },
    {
        "calculationDate": "20200420",
        "outstanding": 0.0
    },
    {
        "calculationDate": "20210406",
        "outstanding": 6597.0
    },
    {
        "calculationDate": "20210812",
        "outstanding": 0.0
    },
    {
        "calculationDate": "20210512",
        "outstanding": 0.0
    },
    {
        "calculationDate": "20180731",
        "outstanding": 7090.0
    },
    {
        "calculationDate": "20220306",
        "outstanding": 274.0
    },
    {
        "calculationDate": "20190412",
        "outstanding": 0.0
    },
    {
        "calculationDate": "20201102",
        "outstanding": 8727.0
    },
    {
        "calculationDate": "20201207",
        "outstanding": 3533.0
    },
    {
        "calculationDate": "20190925",
        "outstanding": 1565.0
    },
    {
        "calculationDate": "20220428",
        "outstanding": 9124.0
    },
    {
        "calculationDate": "20220826",
        "outstanding": 4718.0
    },
    {
        "calculationDate": "20180302",
        "outstanding": 0.0
    },
    {
        "calculationDate": "20211104",
        "outstanding": 9813.0
    },
    {
        "calculationDate": "20181029",
        "outstanding": 9759.0
    },
    {
        "calculationDate": "20190321",
        "outstanding": 1440.0
    },
    {
        "calculationDate": "20211216",
        "outstanding": 9857.0
    },
    {
        "calculationDate": "20220531",
        "outstanding": 6055.0
    },
    {
        "calculationDate": "20191202",
        "outstanding": 1761.0
    },
    {
        "calculationDate": "20191101",
        "outstanding": 4059.0
    },
    {
        "calculationDate": "20190323",
        "outstanding": 8360.0
    },
    {
        "calculationDate": "20210518",
        "outstanding": 673.0
    },
    {
        "calculationDate": "20180226",
        "outstanding": 111.0
    },
    {
        "calculationDate": "20210717",
        "outstanding": 521.0
    },
    {
        "calculationDate": "20200417",
        "outstanding": 308.0
    },
    {
        "calculationDate": "20201001",
        "outstanding": 8426.0
    },
    {
        "calculationDate": "20211005",
        "outstanding": 5328.0
    },
    {
        "calculationDate": "20180529",
        "outstanding": 2701.0
    },
    {
        "calculationDate": "20190930",
        "outstanding": 1569.0
    },
    {
        "calculationDate": "20180227",
        "outstanding": 1428.0
    },
    {
        "calculationDate": "20180127",
        "outstanding": 0.0
    },
    {
        "calculationDate": "20190504",
        "outstanding": 188.0
    },
    {
        "calculationDate": "20191009",
        "outstanding": 5737.0
    },
    {
        "calculationDate": "20201104",
        "outstanding": 9590.0
    },
    {
        "calculationDate": "20210528",
        "outstanding": 9791.0
    },
    {
        "calculationDate": "20220829",
        "outstanding": 7945.0
    },
    {
        "calculationDate": "20210820",
        "outstanding": 0.0
    },
    {
        "calculationDate": "20200317",
        "outstanding": 259.0
    },
    {
        "calculationDate": "20180610",
        "outstanding": 0.0
    },
    {
        "calculationDate": "20210430",
        "outstanding": 7117.0
    },
    {
        "calculationDate": "20200415",
        "outstanding": 249.0
    },
    {
        "calculationDate": "20180828",
        "outstanding": 17.0
    },
    {
        "calculationDate": "20180526",
        "outstanding": 1698.0
    },
    {
        "calculationDate": "20210419",
        "outstanding": 1536.0
    },
    {
        "calculationDate": "20211006",
        "outstanding": 5923.0
    },
    {
        "calculationDate": "20210524",
        "outstanding": 4123.0
    },
    {
        "calculationDate": "20201026",
        "outstanding": 4486.0
    },
    {
        "calculationDate": "20180717",
        "outstanding": 3635.0
    },
    {
        "calculationDate": "20211208",
        "outstanding": 7167.0
    },
    {
        "calculationDate": "20181004",
        "outstanding": 1968.0
    },
    {
        "calculationDate": "20210921",
        "outstanding": 702.0
    },
    {
        "calculationDate": "20181020",
        "outstanding": 2760.0
    },
    {
        "calculationDate": "20210407",
        "outstanding": 6797.0
    },
    {
        "calculationDate": "20191028",
        "outstanding": 1202.0
    },
    {
        "calculationDate": "20220421",
        "outstanding": 9894.0
    },
    {
        "calculationDate": "20211102",
        "outstanding": 4943.0
    },
    {
        "calculationDate": "20190512",
        "outstanding": 0.0
    },
    {
        "calculationDate": "20211206",
        "outstanding": 1084.0
    },
    {
        "calculationDate": "20220323",
        "outstanding": 9638.0
    },
    {
        "calculationDate": "20190522",
        "outstanding": 5363.0
    },
    {
        "calculationDate": "20190127",
        "outstanding": 780.0
    },
    {
        "calculationDate": "20210520",
        "outstanding": 2923.0
    },
    {
        "calculationDate": "20200112",
        "outstanding": 1026.0
    },
    {
        "calculationDate": "20220125",
        "outstanding": 8126.0
    },
    {
        "calculationDate": "20210401",
        "outstanding": 0.0
    },
    {
        "calculationDate": "20220602",
        "outstanding": 6747.0
    },
    {
        "calculationDate": "20210111",
        "outstanding": 0.0
    },
    {
        "calculationDate": "20190205",
        "outstanding": 1753.0
    },
    {
        "calculationDate": "20180728",
        "outstanding": 6588.0
    },
    {
        "calculationDate": "20200228",
        "outstanding": 1312.0
    },
    {
        "calculationDate": "20190902",
        "outstanding": 2682.0
    },
    {
        "calculationDate": "20191031",
        "outstanding": 2708.0
    },
    {
        "calculationDate": "20201205",
        "outstanding": 436.0
    },
    {
        "calculationDate": "20220521",
        "outstanding": 0.0
    },
    {
        "calculationDate": "20210527",
        "outstanding": 5751.0
    },
    {
        "calculationDate": "20181023",
        "outstanding": 7811.0
    },
    {
        "calculationDate": "20220331",
        "outstanding": 9936.0
    },
    {
        "calculationDate": "20180710",
        "outstanding": 0.0
    },
    {
        "calculationDate": "20191209",
        "outstanding": 0.0
    },
    {
        "calculationDate": "20190520",
        "outstanding": 860.0
    },
    {
        "calculationDate": "20180719",
        "outstanding": 4298.0
    },
    {
        "calculationDate": "20190309",
        "outstanding": 0.0
    },
    {
        "calculationDate": "20180315",
        "outstanding": 1767.0
    },
    {
        "calculationDate": "20210712",
        "outstanding": 0.0
    },
    {
        "calculationDate": "20190507",
        "outstanding": 529.0
    },
    {
        "calculationDate": "20180427"
    },
    {
        "calculationDate": "20180801",
        "outstanding": 7640.0
    },
    {
        "calculationDate": "20200720",
        "outstanding": 0.0
    },
    {
        "calculationDate": "20220114",
        "outstanding": 0.0
    },
    {
        "calculationDate": "20191012",
        "outstanding": 0.0
    },
    {
        "calculationDate": "20190831",
        "outstanding": 1632.0
    },
    {
        "calculationDate": "20200410",
        "outstanding": 0.0
    },
    {
        "calculationDate": "20201030",
        "outstanding": 5241.0
    },
    {
        "calculationDate": "20200127",
        "outstanding": 3036.0
    },
    {
        "calculationDate": "20201031",
        "outstanding": 5251.0
    },
    {
        "calculationDate": "20191010",
        "outstanding": 6107.0
    },
    {
        "calculationDate": "20171201",
        "outstanding": 0.0
    },
    {
        "calculationDate": "20181031",
        "outstanding": 9774.0
    },
    {
        "calculationDate": "20180904",
        "outstanding": 4428.0
    },
    {
        "calculationDate": "20210713",
        "outstanding": 213.0
    },
    {
        "calculationDate": "20200104",
        "outstanding": 592.0
    },
    {
        "calculationDate": "20200302",
        "outstanding": 3776.0
    },
    {
        "calculationDate": "20211209",
        "outstanding": 9594.0
    },
    {
        "calculationDate": "20171223",
        "outstanding": 3006.0
    },
    {
        "calculationDate": "20190510",
        "outstanding": 1000.0
    },
    {
        "calculationDate": "20181109",
        "outstanding": 0.0
    },
    {
        "calculationDate": "20211016",
        "outstanding": 9562.0
    },
    {
        "calculationDate": "20180725",
        "outstanding": 4059.0
    },
    {
        "calculationDate": "20210731",
        "outstanding": 9688.0
    },
    {
        "calculationDate": "20210413",
        "outstanding": 0.0
    },
    {
        "calculationDate": "20180831",
        "outstanding": 1245.0
    },
    {
        "calculationDate": "20220128",
        "outstanding": 9961.0
    },
    {
        "calculationDate": "20191030",
        "outstanding": 2388.0
    },
    {
        "calculationDate": "20180316",
        "outstanding": 2904.0
    },
    {
        "calculationDate": "20210924",
        "outstanding": 1241.0
    },
    {
        "calculationDate": "20190826",
        "outstanding": 1628.0
    },
    {
        "calculationDate": "20220320",
        "outstanding": 6753.0
    },
    {
        "calculationDate": "20180601",
        "outstanding": 3442.0
    },
    {
        "calculationDate": "20180523",
        "outstanding": 270.0
    },
    {
        "calculationDate": "20200307",
        "outstanding": 0.0
    },
    {
        "outstanding": 5442.0
    },
    {
        "calculationDate": "20201211",
        "outstanding": 0.0
    },
    {
        "calculationDate": "20180716",
        "outstanding": 297.0
    },
    {
        "calculationDate": "20220319",
        "outstanding": 6095.0
    },
    {
        "calculationDate": "20201210",
        "outstanding": 5948.0
    },
    {
        "calculationDate": "20211210",
        "outstanding": 9798.0
    },
    {
        "calculationDate": "20190920",
        "outstanding": 515.0
    },
    {
        "calculationDate": "20180729",
        "outstanding": 7081.0
    },
    {
        "calculationDate": "20211229",
        "outstanding": 0.0
    },
    {
        "calculationDate": "20180528",
        "outstanding": 2578.0
    },
    {
        "calculationDate": "20181006",
        "outstanding": 7326.0
    },
    {
        "calculationDate": "20220324",
        "outstanding": 9835.0
    },
    {
        "calculationDate": "20200224",
        "outstanding": 221.0
    },
    {
        "outstanding": 8423.0
    },
    {
        "calculationDate": "20180727",
        "outstanding": 4161.0
    },
    {
        "calculationDate": "20210409",
        "outstanding": 9546.0
    },
    {
        "calculationDate": "20211001",
        "outstanding": 3904.0
    },
    {
        "calculationDate": "20191005",
        "outstanding": 2729.0
    },
    {
        "calculationDate": "20190713",
        "outstanding": 0.0
    },
    {
        "calculationDate": "20190620",
        "outstanding": 818.0
    },
    {
        "calculationDate": "20200517",
        "outstanding": 59.0
    },
    {
        "calculationDate": "20181017",
        "outstanding": 843.0
    },
    {
        "calculationDate": "20180503",
        "outstanding": 4550.0
    },
    {
        "calculationDate": "20211101",
        "outstanding": 3043.0
    },
    {
        "calculationDate": "20191011",
        "outstanding": 6767.0
    },
    {
        "calculationDate": "20210817",
        "outstanding": 59.0
    },
    {
        "calculationDate": "20200520",
        "outstanding": 0.0
    },
    {
        "calculationDate": "20181021",
        "outstanding": 3242.0
    },
    {
        "calculationDate": "20210930",
        "outstanding": 1604.0
    },
    {
        "calculationDate": "20190209",
        "outstanding": 0.0
    },
    {
        "calculationDate": "20210525",
        "outstanding": 4446.0
    },
    {
        "calculationDate": "20220228",
        "outstanding": 5.0
    },
    {
        "calculationDate": "20210729",
        "outstanding": 9670.0
    },
    {
        "calculationDate": "20211103",
        "outstanding": 6243.0
    },
    {
        "calculationDate": "20210612",
        "outstanding": 0.0
    },
    {
        "calculationDate": "20200118",
        "outstanding": 1764.0
    },
    {
        "calculationDate": "20180323",
        "outstanding": 7250.0
    },
    {
        "calculationDate": "20191102",
        "outstanding": 4509.0
    },
    {
        "calculationDate": "20211002",
        "outstanding": 3964.0
    },
    {
        "calculationDate": "20220611",
        "outstanding": 0.0
    },
    {
        "calculationDate": "20201005",
        "outstanding": 8559.0
    },
    {
        "calculationDate": "20191208",
        "outstanding": 2486.0
    },
    {
        "calculationDate": "20220424",
        "outstanding": 9065.0
    },
    {
        "calculationDate": "20220328",
        "outstanding": 9894.0
    },
    {
        "calculationDate": "20180829",
        "outstanding": 1244.0
    },
    {
        "calculationDate": "20211219",
        "outstanding": 9594.0
    },
    {
        "calculationDate": "20190707",
        "outstanding": 3337.0
    },
    {
        "calculationDate": "20191104",
        "outstanding": 5952.0
    },
    {
        "calculationDate": "20180331",
        "outstanding": 7269.0
    },
    {
        "calculationDate": "20210201",
        "outstanding": 0.0
    },
    {
        "calculationDate": "20220430",
        "outstanding": 9142.0
    },
    {
        "calculationDate": "20200918",
        "outstanding": 2362.0
    },
    {
        "calculationDate": "20190109",
        "outstanding": 0.0
    },
    {
        "calculationDate": "20190521",
        "outstanding": 4110.0
    },
    {
        "calculationDate": "20191003",
        "outstanding": 2514.0
    },
    {
        "calculationDate": "20211031",
        "outstanding": 0.0
    },
    {
        "calculationDate": "20211010",
        "outstanding": 9503.0
    },
    {
        "calculationDate": "20220105",
        "outstanding": 234.0
    },
    {
        "calculationDate": "20201024",
        "outstanding": 2616.0
    },
    {
        "calculationDate": "20200113",
        "outstanding": 0.0
    },
    {
        "calculationDate": "20210420",
        "outstanding": 7093.0
    },
    {
        "calculationDate": "20220827",
        "outstanding": 7825.0
    },
    {
        "calculationDate": "20200305",
        "outstanding": 4484.0
    },
    {
        "calculationDate": "20220310",
        "outstanding": 678.0
    },
    {
        "calculationDate": "20210726",
        "outstanding": 9611.0
    },
    {
        "calculationDate": "20220606",
        "outstanding": 9580.0
    },
    {
        "calculationDate": "20181027",
        "outstanding": 8512.0
    },
    {
        "calculationDate": "20201206",
        "outstanding": 1772.0
    },
    {
        "calculationDate": "20200229",
        "outstanding": 3330.0
    },
    {
        "calculationDate": "20180903",
        "outstanding": 4278.0
    },
    {
        "calculationDate": "20190322",
        "outstanding": 4658.0
    },
    {
        "calculationDate": "20180605",
        "outstanding": 6465.0
    },
    {
        "calculationDate": "20200620",
        "outstanding": 0.0
    },
    {
        "calculationDate": "20180421",
        "outstanding": 3482.0
    },
    {
        "calculationDate": "20201116",
        "outstanding": 0.0
    },
    {
        "calculationDate": "20190820",
        "outstanding": 368.0
    },
    {
        "calculationDate": "20220321",
        "outstanding": 8718.0
    },
    {
        "calculationDate": "20220711",
        "outstanding": 0.0
    },
    {
        "calculationDate": "20191112",
        "outstanding": 0.0
    },
    {
        "calculationDate": "20211203",
        "outstanding": 965.0
    },
    {
        "calculationDate": "20191201",
        "outstanding": 501.0
    },
    {
        "calculationDate": "20211113",
        "outstanding": 0.0
    },
    {
        "calculationDate": "20210531",
        "outstanding": 9811.0
    },
    {
        "calculationDate": "20180228",
        "outstanding": 1773.0
    },
    {
        "calculationDate": "20181026",
        "outstanding": 7802.0
    },
    {
        "calculationDate": "20220131",
        "outstanding": 9842.0
    },
    {
        "calculationDate": "20220130",
        "outstanding": 9780.0
    },
    {
        "calculationDate": "20210301",
        "outstanding": 0.0
    },
    {
        "calculationDate": "20220122",
        "outstanding": 3894.0
    },
    {
        "calculationDate": "20200926",
        "outstanding": 5839.0
    },
    {
        "calculationDate": "20220127",
        "outstanding": 9412.0
    },
    {
        "calculationDate": "20201204",
        "outstanding": 136.0
    },
    {
        "calculationDate": "20190326",
        "outstanding": 9076.0
    },
    {
        "calculationDate": "20220405",
        "outstanding": 9894.0
    },
    {
        "calculationDate": "20210519",
        "outstanding": 2673.0
    },
    {
        "calculationDate": "20200131",
        "outstanding": 3045.0
    },
    {
        "calculationDate": "20190912",
        "outstanding": 0.0
    },
    {
        "calculationDate": "20200331",
        "outstanding": 261.0
    },
    {
        "calculationDate": "20211207",
        "outstanding": 1965.0
    },
    {
        "calculationDate": "20180906",
        "outstanding": 0.0
    },
    {
        "calculationDate": "20211029",
        "outstanding": 9621.0
    },
    {
        "calculationDate": "20190331",
        "outstanding": 9101.0
    },
    {
        "calculationDate": "20190621",
        "outstanding": 2071.0
    },
    {
        "calculationDate": "20200820",
        "outstanding": 0.0
    },
    {
        "calculationDate": "20180804",
        "outstanding": 0.0
    },
    {
        "calculationDate": "20201016",
        "outstanding": 0.0
    },
    {
        "calculationDate": "20200913",
        "outstanding": 0.0
    },
    {
        "calculationDate": "20180531",
        "outstanding": 2705.0
    },
    {
        "calculationDate": "20180430",
        "outstanding": 3450.0
    },
    {
        "calculationDate": "20210929",
        "outstanding": 1600.0
    },
    {
        "calculationDate": "20210606",
        "outstanding": 9781.0
    },
    {
        "calculationDate": "20200628",
        "outstanding": 0.0
    },
    {
        "calculationDate": "20220126",
        "outstanding": 8850.0
    },
    {
        "calculationDate": "20180525",
        "outstanding": 1155.0
    },
    {
        "calculationDate": "20181007",
        "outstanding": 0.0
    },
    {
        "calculationDate": "20200920",
        "outstanding": 3459.0
    },
    {
        "calculationDate": "20181002",
        "outstanding": 1029.0
    },
    {
        "calculationDate": "20220604",
        "outstanding": 9247.0
    },
    {
        "calculationDate": "20190129",
        "outstanding": 714.0
    },
    {
        "calculationDate": "20200927",
        "outstanding": 6589.0
    },
    {
        "calculationDate": "20211003",
        "outstanding": 4514.0
    },
    {
        "calculationDate": "20220603",
        "outstanding": 7147.0
    },
    {
        "calculationDate": "20190526",
        "outstanding": 0.0
    },
    {
        "calculationDate": "20171227",
        "outstanding": 0.0
    },
    {
        "calculationDate": "20200919",
        "outstanding": 2949.0
    },
    {
        "calculationDate": "20180905",
        "outstanding": 4485.0
    },
    {
        "calculationDate": "20220530",
        "outstanding": 3712.0
    },
    {
        "calculationDate": "20180504",
        "outstanding": 0.0
    },
    {
        "calculationDate": "20201023",
        "outstanding": 1726.0
    },
    {
        "calculationDate": "20200923",
        "outstanding": 4687.0
    }
]