[
    {
        "calculationDate": "20221214",
        "outstanding": 8900.0
    },
    {
        "calculationDate": "20230423",
        "outstanding": 3118.96
    },
    {
        "calculationDate": "20221004",
        "outstanding": 9500.0
    },
    {
        "calculationDate": "20221119",
        "outstanding": 9200.0
    },
    {
        "calculationDate": "20230422",
        "outstanding": 1672.01
    },
    {
        "calculationDate": "20230502",
        "outstanding": 7923.92
    },
    {
        "calculationDate": "20230228",
        "outstanding": 8715.64
    },
    {
        "calculationDate": "20230313",
        "outstanding": 0.0
    },
    {
        "calculationDate": "20230421",
        "outstanding": 1438.21
    },
    {
        "calculationDate": "20230429",
        "outstanding": 6493.62
    },
    {
        "calculationDate": "20221012",
        "outstanding": 9500.0
    },
    {
        "calculationDate": "20230512",
        "outstanding": 9782.01
    },
    {
        "calculationDate": "20230430",
        "outstanding": 6783.59
    },
    {
        "calculationDate": "20221005",
        "outstanding": 0.0
    },
    {
        "calculationDate": "20230505",
        "outstanding": 9526.05
    },
    {
        "calculationDate": "20230425",
        "outstanding": 6048.62
    },
    {
        "calculationDate": "20230501",
        "outstanding": 7608.42
    },
    {
        "calculationDate": "20230424",
        "outstanding": 5540.16
    },
    {
        "calculationDate": "20230506",
        "outstanding": 9982.01
    },
    {
        "calculationDate": "20230420",
        "outstanding": 652.1
    },
    {
        "calculationDate": "20230131",
        "outstanding": 10090.16
    },
    {
        "calculationDate": "20230215",
        "outstanding": 8390.16
    }
]