[
    {
        "calculationDate": "20200504",
        "outstanding": 45501.0
    },
    {
        "calculationDate": "20200917",
        "outstanding": 37099.0
    },
    {
        "calculationDate": "20200720",
        "outstanding": 49199.0
    },
    {
        "calculationDate": "20200207",
        "outstanding": 0.0
    },
    {
        "calculationDate": "20191021",
        "outstanding": 83358.0
    },
    {
        "calculationDate": "20200423",
        "outstanding": 85501.0
    },
    {
        "calculationDate": "20200116",
        "outstanding": 0.0
    },
    {
        "calculationDate": "20191209",
        "outstanding": 51000.0
    },
    {
        "calculationDate": "20201126",
        "outstanding": 0.0
    },
    {
        "calculationDate": "20190923",
        "outstanding": 83358.0
    },
    {
        "calculationDate": "20200227",
        "outstanding": 68656.0
    },
    {
        "calculationDate": "20190805",
        "outstanding": 0.0
    },
    {
        "calculationDate": "20200820",
        "outstanding": 37000.0
    },
    {
        "calculationDate": "20200817",
        "outstanding": 0.0
    },
    {
        "calculationDate": "20191224",
        "outstanding": 41000.0
    },
    {
        "calculationDate": "20201210",
        "outstanding": 0.0
    },
    {
        "calculationDate": "20190722",
        "outstanding": 0.0
    },
    {
        "calculationDate": "20200217",
        "outstanding": 0.0
    },
    {
        "calculationDate": "20201026",
        "outstanding": 0.0
    },
    {
        "calculationDate": "20201012",
        "outstanding": 85999.0
    },
    {
        "calculationDate": "20190725",
        "outstanding": 0.0
    },
    {
        "calculationDate": "20200416",
        "outstanding": 89401.0
    },
    {
        "calculationDate": "20200224",
        "outstanding": 37328.0
    },
    {
        "calculationDate": "20200420",
        "outstanding": 89284.0
    },
    {
        "calculationDate": "20190729",
        "outstanding": 800.0
    },
    {
        "calculationDate": "20200810",
        "outstanding": 49789.0
    },
    {
        "calculationDate": "20190912",
        "outstanding": 86499.0
    },
    {
        "calculationDate": "20200304",
        "outstanding": 42287.0
    },
    {
        "calculationDate": "20200528",
        "outstanding": 0.0
    },
    {
        "calculationDate": "20201019",
        "outstanding": 86098.0
    },
    {
        "calculationDate": "20200406",
        "outstanding": 87000.0
    },
    {
        "calculationDate": "20191215",
        "outstanding": 41000.0
    },
    {
        "calculationDate": "20200413",
        "outstanding": 89401.0
    },
    {
        "calculationDate": "20190909",
        "outstanding": 86499.0
    },
    {
        "calculationDate": "20200213",
        "outstanding": 6831.0
    },
    {
        "calculationDate": "20200113",
        "outstanding": 71000.0
    },
    {
        "calculationDate": "20190919",
        "outstanding": 87190.0
    },
    {
        "calculationDate": "20190801",
        "outstanding": 10810.0
    },
    {
        "calculationDate": "20200910",
        "outstanding": 37000.0
    },
    {
        "calculationDate": "20200123",
        "outstanding": 31000.0
    },
    {
        "calculationDate": "20200316",
        "outstanding": 76466.0
    },
    {
        "calculationDate": "20190926",
        "outstanding": 83358.0
    },
    {
        "calculationDate": "20200305",
        "outstanding": 74229.0
    },
    {
        "calculationDate": "20200618",
        "outstanding": 0.0
    },
    {
        "calculationDate": "20190819",
        "outstanding": 76499.0
    },
    {
        "calculationDate": "20191130",
        "outstanding": 47458.0
    },
    {
        "calculationDate": "20191010",
        "outstanding": 83358.0
    },
    {
        "calculationDate": "20201008",
        "outstanding": 85999.0
    },
    {
        "calculationDate": "20200103",
        "outstanding": 71000.0
    },
    {
        "calculationDate": "20191024",
        "outstanding": 0.0
    },
    {
        "calculationDate": "20191124",
        "outstanding": 49858.0
    },
    {
        "calculationDate": "20200713",
        "outstanding": 49100.0
    },
    {
        "calculationDate": "20200323",
        "outstanding": 81630.0
    },
    {
        "calculationDate": "20190822",
        "outstanding": 90499.0
    },
    {
        "calculationDate": "20200210",
        "outstanding": 5000.0
    },
    {
        "calculationDate": "20200309",
        "outstanding": 76466.0
    },
    {
        "calculationDate": "20200727",
        "outstanding": 49789.0
    },
    {
        "calculationDate": "20200430",
        "outstanding": 45501.0
    },
    {
        "calculationDate": "20200511",
        "outstanding": 45501.0
    },
    {
        "calculationDate": "20190812",
        "outstanding": 76499.0
    },
    {
        "calculationDate": "20200521",
        "outstanding": 0.0
    },
    {
        "calculationDate": "20200204",
        "outstanding": 0.0
    },
    {
        "calculationDate": "20200326",
        "outstanding": 86856.0
    },
    {
        "calculationDate": "20191031",
        "outstanding": 49858.0
    },
    {
        "calculationDate": "20200319",
        "outstanding": 76510.0
    },
    {
        "calculationDate": "20200921",
        "outstanding": 35999.0
    },
    {
        "calculationDate": "20200330",
        "outstanding": 87478.0
    },
    {
        "calculationDate": "20200409",
        "outstanding": 88157.0
    }
]