[
    {
        "calculationDate": "20220313",
        "outstanding": 0.0
    },
    {
        "calculationDate": "20230402",
        "outstanding": 43063.44
    },
    {
        "calculationDate": "20220715",
        "outstanding": 16658.0
    },
    {
        "calculationDate": "20230219",
        "outstanding": 42510.0
    },
    {
        "calculationDate": "20220419",
        "outstanding": 10746.0
    },
    {
        "calculationDate": "20220709",
        "outstanding": 10248.0
    },
    {
        "calculationDate": "20201231",
        "outstanding": 0.0
    },
    {
        "calculationDate": "20220309",
        "outstanding": 0.0
    },
    {
        "calculationDate": "20210510",
        "outstanding": 4325.0
    },
    {
        "calculationDate": "20201207",
        "outstanding": 0.0
    },
    {
        "calculationDate": "20210308",
        "outstanding": 5000.0
    },
    {
        "calculationDate": "20200330",
        "outstanding": 0.0
    },
    {
        "calculationDate": "20220119",
        "outstanding": 39275.0
    },
    {
        "calculationDate": "20221218",
        "outstanding": 29109.21
    },
    {
        "calculationDate": "20230417",
        "outstanding": 44571.26
    },
    {
        "calculationDate": "20220725",
        "outstanding": 15864.0
    },
    {
        "calculationDate": "20210218",
        "outstanding": 110.0
    },
    {
        "calculationDate": "20220721",
        "outstanding": 15665.0
    },
    {
        "calculationDate": "20211203",
        "outstanding": 7228.0
    },
    {
        "calculationDate": "20220722",
        "outstanding": 15794.0
    },
    {
        "calculationDate": "20220503",
        "outstanding": 11157.0
    },
    {
        "calculationDate": "20220620",
        "outstanding": 0.0
    },
    {
        "calculationDate": "20210201",
        "outstanding": 4528.0
    },
    {
        "calculationDate": "20210325",
        "outstanding": 4272.0
    },
    {
        "calculationDate": "20220131",
        "outstanding": 34275.0
    },
    {
        "calculationDate": "20211220",
        "outstanding": 20311.0
    },
    {
        "calculationDate": "20210322",
        "outstanding": 8272.0
    },
    {
        "calculationDate": "20220518",
        "outstanding": 13567.0
    },
    {
        "calculationDate": "20190418",
        "outstanding": 18989.0
    },
    {
        "calculationDate": "20190423",
        "outstanding": 19181.0
    },
    {
        "calculationDate": "20190225",
        "outstanding": 28700.0
    },
    {
        "calculationDate": "20220706",
        "outstanding": 8771.0
    },
    {
        "calculationDate": "20221206",
        "outstanding": 54554.87
    },
    {
        "calculationDate": "20210624",
        "outstanding": 0.0
    },
    {
        "calculationDate": "20190801",
        "outstanding": 0.0
    },
    {
        "calculationDate": "20181220",
        "outstanding": 0.0
    },
    {
        "calculationDate": "20220126",
        "outstanding": 39275.0
    },
    {
        "calculationDate": "20200210",
        "outstanding": 0.0
    },
    {
        "calculationDate": "20220805",
        "outstanding": 18084.0
    },
    {
        "calculationDate": "20220214",
        "outstanding": 14275.0
    },
    {
        "calculationDate": "20220701",
        "outstanding": 2574.0
    },
    {
        "calculationDate": "20190319",
        "outstanding": 28700.0
    },
    {
        "calculationDate": "20200326",
        "outstanding": 200.0
    },
    {
        "calculationDate": "20221127",
        "outstanding": 54554.87
    },
    {
        "calculationDate": "20220629",
        "outstanding": 508.0
    },
    {
        "calculationDate": "20211123",
        "outstanding": 0.0
    },
    {
        "calculationDate": "20211118",
        "outstanding": 71.0
    },
    {
        "calculationDate": "20210125",
        "outstanding": 2000.0
    },
    {
        "calculationDate": "20211101",
        "outstanding": 0.0
    },
    {
        "calculationDate": "20210311",
        "outstanding": 5000.0
    },
    {
        "calculationDate": "20200204",
        "outstanding": 781.0
    },
    {
        "calculationDate": "20220209",
        "outstanding": 24275.0
    },
    {
        "calculationDate": "20220218",
        "outstanding": 14461.0
    },
    {
        "calculationDate": "20230409",
        "outstanding": 43998.44
    },
    {
        "calculationDate": "20201221",
        "outstanding": 1190.0
    },
    {
        "calculationDate": "20220207",
        "outstanding": 24275.0
    },
    {
        "calculationDate": "20220328",
        "outstanding": 8276.0
    },
    {
        "calculationDate": "20220401",
        "outstanding": 10608.0
    },
    {
        "calculationDate": "20220729",
        "outstanding": 15997.0
    },
    {
        "calculationDate": "20220817",
        "outstanding": 58372.0
    },
    {
        "calculationDate": "20201214",
        "outstanding": 0.0
    },
    {
        "calculationDate": "20220815",
        "outstanding": 58337.0
    },
    {
        "calculationDate": "20220321",
        "outstanding": 2737.0
    },
    {
        "calculationDate": "20220112",
        "outstanding": 38194.0
    },
    {
        "calculationDate": "20211215",
        "outstanding": 16495.0
    },
    {
        "calculationDate": "20220919",
        "outstanding": 0.0
    },
    {
        "calculationDate": "20190903",
        "outstanding": 0.0
    },
    {
        "calculationDate": "20210215",
        "outstanding": 0.0
    },
    {
        "calculationDate": "20220829",
        "outstanding": 62941.0
    },
    {
        "calculationDate": "20190322",
        "outstanding": 20989.0
    },
    {
        "calculationDate": "20190412",
        "outstanding": 18989.0
    },
    {
        "calculationDate": "20220812",
        "outstanding": 38860.0
    },
    {
        "calculationDate": "20221004",
        "outstanding": 0.0
    },
    {
        "calculationDate": "20230328",
        "outstanding": 43063.44
    },
    {
        "calculationDate": "20221124",
        "outstanding": 54554.87
    },
    {
        "calculationDate": "20210520",
        "outstanding": 3879.0
    },
    {
        "calculationDate": "20220718",
        "outstanding": 17630.0
    },
    {
        "calculationDate": "20221024",
        "outstanding": 37969.0
    },
    {
        "calculationDate": "20190509",
        "outstanding": 19181.0
    },
    {
        "calculationDate": "20210128",
        "outstanding": 3982.0
    },
    {
        "calculationDate": "20220110",
        "outstanding": 34586.0
    },
    {
        "calculationDate": "20220808",
        "outstanding": 35302.0
    },
    {
        "calculationDate": "20230511",
        "outstanding": 43951.24
    },
    {
        "calculationDate": "20190329",
        "outstanding": 18989.0
    },
    {
        "calculationDate": "20220804"
    },
    {
        "calculationDate": "20191209",
        "outstanding": 0.0
    },
    {
        "calculationDate": "20181231",
        "outstanding": 0.0
    },
    {
        "calculationDate": "20230507",
        "outstanding": 43571.26
    },
    {
        "calculationDate": "20210603",
        "outstanding": 0.0
    },
    {
        "calculationDate": "20210315",
        "outstanding": 8000.0
    },
    {
        "calculationDate": "20220608",
        "outstanding": 10567.0
    },
    {
        "calculationDate": "20220530",
        "outstanding": 10567.0
    },
    {
        "calculationDate": "20200102",
        "outstanding": 1190.0
    },
    {
        "calculationDate": "20220118",
        "outstanding": 38770.0
    },
    {
        "calculationDate": "20221208",
        "outstanding": 28735.11
    },
    {
        "calculationDate": "20221120",
        "outstanding": 54554.87
    },
    {
        "calculationDate": "20220909",
        "outstanding": 62941.0
    },
    {
        "calculationDate": "20190521",
        "outstanding": 0.0
    },
    {
        "calculationDate": "20230418",
        "outstanding": 44571.26
    },
    {
        "calculationDate": "20210802",
        "outstanding": 0.0
    },
    {
        "calculationDate": "20201026",
        "outstanding": 0.0
    },
    {
        "calculationDate": "20220408",
        "outstanding": 10608.0
    },
    {
        "calculationDate": "20220713",
        "outstanding": 16592.0
    },
    {
        "calculationDate": "20220705",
        "outstanding": 3986.0
    },
    {
        "calculationDate": "20211207",
        "outstanding": 10721.0
    },
    {
        "calculationDate": "20221225",
        "outstanding": 29109.21
    },
    {
        "calculationDate": "20211004",
        "outstanding": 0.0
    },
    {
        "calculationDate": "20230319",
        "outstanding": 43063.44
    },
    {
        "calculationDate": "20220513",
        "outstanding": 13393.0
    },
    {
        "calculationDate": "20220820",
        "outstanding": 58986.0
    },
    {
        "calculationDate": "20230110",
        "outstanding": 28299.21
    },
    {
        "calculationDate": "20201005",
        "outstanding": 0.0
    },
    {
        "calculationDate": "20220711",
        "outstanding": 16173.0
    },
    {
        "calculationDate": "20200416",
        "outstanding": 0.0
    },
    {
        "calculationDate": "20210419",
        "outstanding": 4325.0
    },
    {
        "calculationDate": "20210408",
        "outstanding": 4272.0
    },
    {
        "calculationDate": "20221117",
        "outstanding": 37968.75
    },
    {
        "calculationDate": "20220505",
        "outstanding": 13393.0
    },
    {
        "calculationDate": "20190208",
        "outstanding": 0.0
    },
    {
        "calculationDate": "20220822",
        "outstanding": 61081.0
    },
    {
        "calculationDate": "20200907",
        "outstanding": 0.0
    },
    {
        "calculationDate": "20230521",
        "outstanding": 0.0
    },
    {
        "calculationDate": "20210222",
        "outstanding": 0.0
    },
    {
        "calculationDate": "20200706",
        "outstanding": 0.0
    },
    {
        "calculationDate": "20230514",
        "outstanding": 23951.24
    },
    {
        "calculationDate": "20211211",
        "outstanding": 13308.0
    },
    {
        "calculationDate": "20221201",
        "outstanding": 54554.87
    },
    {
        "calculationDate": "20191010",
        "outstanding": 0.0
    },
    {
        "calculationDate": "20200106",
        "outstanding": 0.0
    },
    {
        "outstanding": 24128.0
    },
    {
        "calculationDate": "20220425",
        "outstanding": 9746.0
    },
    {
        "calculationDate": "20210211",
        "outstanding": 0.0
    },
    {
        "calculationDate": "20220824",
        "outstanding": 61406.0
    },
    {
        "calculationDate": "20210906",
        "outstanding": 0.0
    },
    {
        "calculationDate": "20230509",
        "outstanding": 43951.24
    },
    {
        "calculationDate": "20191111",
        "outstanding": 0.0
    },
    {
        "calculationDate": "20210531",
        "outstanding": 62652.0
    },
    {
        "calculationDate": "20220324",
        "outstanding": 4276.0
    },
    {
        "calculationDate": "20201102",
        "outstanding": 0.0
    },
    {
        "calculationDate": "20230518",
        "outstanding": 24263.06
    },
    {
        "calculationDate": "20220106",
        "outstanding": 25798.0
    },
    {
        "calculationDate": "20211217",
        "outstanding": 18876.0
    },
    {
        "calculationDate": "20200511",
        "outstanding": 0.0
    },
    {
        "calculationDate": "20220303",
        "outstanding": 0.0
    },
    {
        "calculationDate": "20200803",
        "outstanding": 0.0
    },
    {
        "calculationDate": "20220826",
        "outstanding": 61871.0
    },
    {
        "calculationDate": "20190402",
        "outstanding": 18989.0
    },
    {
        "calculationDate": "20210318",
        "outstanding": 8171.0
    },
    {
        "calculationDate": "20191224",
        "outstanding": 1190.0
    },
    {
        "calculationDate": "20210104",
        "outstanding": 0.0
    },
    {
        "calculationDate": "20190702",
        "outstanding": 0.0
    }
]