[
    {
        "calculationDate": "20200618",
        "outstanding": 41818.0
    },
    {
        "calculationDate": "20200827",
        "outstanding": 45999.0
    },
    {
        "calculationDate": "20220622",
        "outstanding": 14369.0
    },
    {
        "calculationDate": "20200625",
        "outstanding": 49795.0
    },
    {
        "calculationDate": "20220513",
        "outstanding": 88717.0
    },
    {
        "calculationDate": "20200824",
        "outstanding": 44511.0
    },
    {
        "calculationDate": "20220413",
        "outstanding": 42757.0
    },
    {
        "calculationDate": "20220919",
        "outstanding": 60202.0
    },
    {
        "calculationDate": "20220615",
        "outstanding": 6159.0
    },
    {
        "calculationDate": "20210208",
        "outstanding": 20611.0
    },
    {
        "calculationDate": "20201210",
        "outstanding": 0.0
    },
    {
        "calculationDate": "20220218",
        "outstanding": 0.0
    },
    {
        "calculationDate": "20210308",
        "outstanding": 0.0
    },
    {
        "calculationDate": "20200713",
        "outstanding": 51147.0
    },
    {
        "calculationDate": "20210222",
        "outstanding": 38762.0
    },
    {
        "calculationDate": "20220812",
        "outstanding": 34148.0
    },
    {
        "calculationDate": "20220722",
        "outstanding": 0.0
    },
    {
        "calculationDate": "20210729",
        "outstanding": 72720.0
    },
    {
        "calculationDate": "20220713",
        "outstanding": 0.0
    },
    {
        "calculationDate": "20210201",
        "outstanding": 10761.0
    },
    {
        "calculationDate": "20210318",
        "outstanding": 9188.0
    },
    {
        "calculationDate": "20220916",
        "outstanding": 60003.0
    },
    {
        "calculationDate": "20201120",
        "outstanding": 9891.0
    },
    {
        "calculationDate": "20201224",
        "outstanding": 3832.0
    },
    {
        "calculationDate": "20220527",
        "outstanding": 16236.0
    },
    {
        "calculationDate": "20220907",
        "outstanding": 57871.0
    },
    {
        "calculationDate": "20211018",
        "outstanding": 205731.0
    },
    {
        "calculationDate": "20220819",
        "outstanding": 55803.0
    },
    {
        "calculationDate": "20220520"
    },
    {
        "calculationDate": "20220603",
        "outstanding": 41550.0
    },
    {
        "calculationDate": "20210104",
        "outstanding": 0.0
    },
    {
        "calculationDate": "20210422",
        "outstanding": 99.0
    },
    {
        "calculationDate": "20210916",
        "outstanding": 7901.0
    },
    {
        "calculationDate": "20211118",
        "outstanding": 11310.0
    },
    {
        "calculationDate": "20221021",
        "outstanding": 416563.0
    },
    {
        "calculationDate": "20211215",
        "outstanding": 0.0
    },
    {
        "calculationDate": "20220808",
        "outstanding": 22408.0
    },
    {
        "calculationDate": "20200806",
        "outstanding": 36705.0
    },
    {
        "calculationDate": "20220119",
        "outstanding": 0.0
    },
    {
        "calculationDate": "20210830",
        "outstanding": 0.0
    },
    {
        "calculationDate": "20220613",
        "outstanding": 3330.0
    },
    {
        "calculationDate": "20220928",
        "outstanding": 87424.0
    },
    {
        "calculationDate": "20200608",
        "outstanding": 11515.0
    },
    {
        "calculationDate": "20210408",
        "outstanding": 0.0
    },
    {
        "calculationDate": "20211207",
        "outstanding": 30887.0
    },
    {
        "calculationDate": "20221014",
        "outstanding": 416563.0
    },
    {
        "calculationDate": "20210311",
        "outstanding": 5489.0
    },
    {
        "calculationDate": "20200813",
        "outstanding": 60974.0
    },
    {
        "calculationDate": "20220126",
        "outstanding": 0.0
    },
    {
        "calculationDate": "20210816",
        "outstanding": 370.0
    },
    {
        "calculationDate": "20210524",
        "outstanding": 6320.0
    },
    {
        "calculationDate": "20210215",
        "outstanding": 27170.0
    },
    {
        "calculationDate": "20211111",
        "outstanding": 5122.0
    },
    {
        "calculationDate": "20210531",
        "outstanding": 13256.0
    },
    {
        "calculationDate": "20220309",
        "outstanding": 89106.0
    },
    {
        "calculationDate": "20210513",
        "outstanding": 99.0
    },
    {
        "calculationDate": "20220427",
        "outstanding": 20289.0
    },
    {
        "calculationDate": "20210527",
        "outstanding": 8852.0
    },
    {
        "calculationDate": "20220328",
        "outstanding": 228042.0
    },
    {
        "calculationDate": "20210125",
        "outstanding": 10061.0
    },
    {
        "calculationDate": "20220415",
        "outstanding": 59909.0
    },
    {
        "calculationDate": "20210118",
        "outstanding": 4782.0
    },
    {
        "calculationDate": "20220110",
        "outstanding": 0.0
    },
    {
        "calculationDate": "20210503",
        "outstanding": 0.0
    },
    {
        "calculationDate": "20220627",
        "outstanding": 20370.0
    },
    {
        "calculationDate": "20220831",
        "outstanding": 56371.0
    },
    {
        "calculationDate": "20220818",
        "outstanding": 55803.0
    },
    {
        "calculationDate": "20201105",
        "outstanding": 0.0
    },
    {
        "calculationDate": "20211014",
        "outstanding": 171043.0
    },
    {
        "calculationDate": "20200601",
        "outstanding": 1190.0
    },
    {
        "calculationDate": "20211203",
        "outstanding": 24877.0
    },
    {
        "calculationDate": "20220725",
        "outstanding": 400.0
    },
    {
        "calculationDate": "20200810",
        "outstanding": 40935.0
    },
    {
        "calculationDate": "20211220",
        "outstanding": 43838.0
    },
    {
        "calculationDate": "20220822",
        "outstanding": 56002.0
    },
    {
        "calculationDate": "20200928",
        "outstanding": 0.0
    },
    {
        "calculationDate": "20220306",
        "outstanding": 60042.0
    },
    {
        "calculationDate": "20210819",
        "outstanding": 7349.0
    },
    {
        "calculationDate": "20220802",
        "outstanding": 14214.0
    },
    {
        "calculationDate": "20210429",
        "outstanding": 99.0
    },
    {
        "calculationDate": "20201217",
        "outstanding": 0.0
    },
    {
        "calculationDate": "20220202",
        "outstanding": 0.0
    },
    {
        "calculationDate": "20220303",
        "outstanding": 52377.0
    },
    {
        "calculationDate": "20220709",
        "outstanding": 54088.0
    },
    {
        "calculationDate": "20220121",
        "outstanding": 0.0
    },
    {
        "calculationDate": "20220701",
        "outstanding": 26691.0
    },
    {
        "calculationDate": "20220530",
        "outstanding": 24333.0
    },
    {
        "calculationDate": "20201019",
        "outstanding": 5643.0
    },
    {
        "calculationDate": "20201113",
        "outstanding": 99.0
    },
    {
        "calculationDate": "20210624",
        "outstanding": 56373.0
    },
    {
        "calculationDate": "20220509",
        "outstanding": 76952.0
    },
    {
        "calculationDate": "20220125",
        "outstanding": 0.0
    },
    {
        "calculationDate": "20220214",
        "outstanding": 79323.0
    },
    {
        "calculationDate": "20210304",
        "outstanding": 22769.0
    },
    {
        "calculationDate": "20220228",
        "outstanding": 50333.0
    },
    {
        "calculationDate": "20210628",
        "outstanding": 56727.0
    },
    {
        "calculationDate": "20230110",
        "outstanding": 0.0
    },
    {
        "calculationDate": "20210902",
        "outstanding": 11262.0
    },
    {
        "calculationDate": "20210701",
        "outstanding": 55000.0
    },
    {
        "calculationDate": "20210225",
        "outstanding": 56076.0
    },
    {
        "calculationDate": "20220314",
        "outstanding": 90370.0
    },
    {
        "calculationDate": "20201015",
        "outstanding": 4949.0
    },
    {
        "calculationDate": "20210715",
        "outstanding": 72720.0
    },
    {
        "calculationDate": "20220924",
        "outstanding": 64506.0
    },
    {
        "calculationDate": "20210823",
        "outstanding": 30387.0
    },
    {
        "calculationDate": "20200820",
        "outstanding": 68224.0
    },
    {
        "calculationDate": "20220128",
        "outstanding": 0.0
    },
    {
        "calculationDate": "20220318",
        "outstanding": 98533.0
    },
    {
        "calculationDate": "20220909",
        "outstanding": 58545.0
    },
    {
        "calculationDate": "20210621",
        "outstanding": 44357.0
    },
    {
        "calculationDate": "20220610",
        "outstanding": 0.0
    },
    {
        "calculationDate": "20220926",
        "outstanding": 67523.0
    },
    {
        "calculationDate": "20211227",
        "outstanding": 59169.0
    },
    {
        "calculationDate": "20210826",
        "outstanding": 87296.0
    },
    {
        "calculationDate": "20200723",
        "outstanding": 0.0
    },
    {
        "calculationDate": "20200921",
        "outstanding": 41518.0
    },
    {
        "calculationDate": "20220721",
        "outstanding": 0.0
    },
    {
        "calculationDate": "20210920",
        "outstanding": 12441.0
    },
    {
        "calculationDate": "20210405",
        "outstanding": 0.0
    },
    {
        "calculationDate": "20210909",
        "outstanding": 21852.0
    },
    {
        "calculationDate": "20220804",
        "outstanding": 19603.0
    },
    {
        "calculationDate": "20221012",
        "outstanding": 94563.0
    },
    {
        "calculationDate": "20220118",
        "outstanding": 0.0
    },
    {
        "calculationDate": "20220511",
        "outstanding": 84420.0
    },
    {
        "calculationDate": "20220727",
        "outstanding": 3563.0
    },
    {
        "calculationDate": "20220204",
        "outstanding": 5381.0
    },
    {
        "calculationDate": "20220209",
        "outstanding": 61217.0
    },
    {
        "calculationDate": "20220103",
        "outstanding": 76091.0
    },
    {
        "calculationDate": "20220321",
        "outstanding": 108996.0
    },
    {
        "calculationDate": "20210415",
        "outstanding": 99.0
    },
    {
        "calculationDate": "20220930",
        "outstanding": 87424.0
    },
    {
        "calculationDate": "20220617",
        "outstanding": 10791.0
    },
    {
        "calculationDate": "20220131",
        "outstanding": 0.0
    },
    {
        "calculationDate": "20220820",
        "outstanding": 55803.0
    },
    {
        "calculationDate": "20220313",
        "outstanding": 88455.0
    },
    {
        "calculationDate": "20220425",
        "outstanding": 12864.0
    },
    {
        "calculationDate": "20210927",
        "outstanding": 40873.0
    },
    {
        "calculationDate": "20210114",
        "outstanding": 99.0
    },
    {
        "calculationDate": "20210708",
        "outstanding": 72121.0
    },
    {
        "calculationDate": "20220629",
        "outstanding": 23923.0
    },
    {
        "calculationDate": "20210301",
        "outstanding": 57107.0
    },
    {
        "calculationDate": "20220216",
        "outstanding": 83889.0
    },
    {
        "calculationDate": "20220503",
        "outstanding": 44707.0
    },
    {
        "calculationDate": "20210322",
        "outstanding": 9597.0
    },
    {
        "calculationDate": "20220624",
        "outstanding": 18647.0
    },
    {
        "calculationDate": "20220106",
        "outstanding": 0.0
    },
    {
        "calculationDate": "20210705",
        "outstanding": 58856.0
    },
    {
        "calculationDate": "20201008",
        "outstanding": 3529.0
    },
    {
        "calculationDate": "20220526",
        "outstanding": 16236.0
    },
    {
        "calculationDate": "20220407",
        "outstanding": 10842.0
    },
    {
        "calculationDate": "20210107",
        "outstanding": 0.0
    },
    {
        "calculationDate": "20201026",
        "outstanding": 24806.0
    },
    {
        "calculationDate": "20211223",
        "outstanding": 52104.0
    },
    {
        "calculationDate": "20201106",
        "outstanding": 0.0
    },
    {
        "calculationDate": "20220411",
        "outstanding": 35149.0
    },
    {
        "calculationDate": "20210617",
        "outstanding": 39585.0
    },
    {
        "calculationDate": "20201221",
        "outstanding": 0.0
    },
    {
        "calculationDate": "20220829",
        "outstanding": 56201.0
    },
    {
        "calculationDate": "20220620",
        "outstanding": 14296.0
    },
    {
        "calculationDate": "20200611",
        "outstanding": 11515.0
    },
    {
        "calculationDate": "20201130",
        "outstanding": 9891.0
    },
    {
        "calculationDate": "20210722",
        "outstanding": 72720.0
    },
    {
        "calculationDate": "20201207",
        "outstanding": 9999.0
    },
    {
        "calculationDate": "20220805",
        "outstanding": 21866.0
    },
    {
        "calculationDate": "20220606",
        "outstanding": 56045.0
    },
    {
        "calculationDate": "20211028",
        "outstanding": 0.0
    },
    {
        "calculationDate": "20210802",
        "outstanding": 0.0
    },
    {
        "calculationDate": "20210204",
        "outstanding": 10461.0
    },
    {
        "calculationDate": "20220207",
        "outstanding": 41664.0
    },
    {
        "calculationDate": "20210913",
        "outstanding": 99.0
    },
    {
        "calculationDate": "20220211",
        "outstanding": 69050.0
    },
    {
        "calculationDate": "20211004",
        "outstanding": 76336.0
    },
    {
        "calculationDate": "20210812",
        "outstanding": 0.0
    },
    {
        "calculationDate": "20210401",
        "outstanding": 31924.0
    },
    {
        "calculationDate": "20210607",
        "outstanding": 16018.0
    },
    {
        "calculationDate": "20211025",
        "outstanding": 236902.0
    },
    {
        "calculationDate": "20211211",
        "outstanding": 33388.0
    },
    {
        "calculationDate": "20201102",
        "outstanding": 0.0
    },
    {
        "calculationDate": "20220815",
        "outstanding": 52239.0
    },
    {
        "calculationDate": "20220112",
        "outstanding": 0.0
    },
    {
        "calculationDate": "20220706",
        "outstanding": 51943.0
    },
    {
        "calculationDate": "20211007",
        "outstanding": 92572.0
    },
    {
        "calculationDate": "20200727",
        "outstanding": 6326.0
    },
    {
        "calculationDate": "20220914",
        "outstanding": 59343.0
    },
    {
        "calculationDate": "20200702",
        "outstanding": 46622.0
    },
    {
        "calculationDate": "20220711",
        "outstanding": 69226.0
    },
    {
        "calculationDate": "20220516",
        "outstanding": 98245.0
    },
    {
        "calculationDate": "20211108",
        "outstanding": 2699.0
    },
    {
        "calculationDate": "20210906",
        "outstanding": 14210.0
    },
    {
        "calculationDate": "20220921",
        "outstanding": 62881.0
    },
    {
        "calculationDate": "20220705",
        "outstanding": 48622.0
    },
    {
        "calculationDate": "20200622",
        "outstanding": 47103.0
    },
    {
        "calculationDate": "20210603",
        "outstanding": 16018.0
    },
    {
        "calculationDate": "20211230",
        "outstanding": 69476.0
    },
    {
        "calculationDate": "20220221",
        "outstanding": 0.0
    },
    {
        "calculationDate": "20220505",
        "outstanding": 48079.0
    },
    {
        "calculationDate": "20211021",
        "outstanding": 229475.0
    },
    {
        "calculationDate": "20211217",
        "outstanding": 10550.0
    },
    {
        "calculationDate": "20200720",
        "outstanding": 0.0
    },
    {
        "calculationDate": "20220524",
        "outstanding": 7324.0
    },
    {
        "calculationDate": "20221010",
        "outstanding": 91085.0
    },
    {
        "calculationDate": "20201029",
        "outstanding": 22021.0
    },
    {
        "calculationDate": "20200907",
        "outstanding": 40000.0
    },
    {
        "calculationDate": "20200914",
        "outstanding": 40099.0
    },
    {
        "calculationDate": "20210121",
        "outstanding": 9711.0
    },
    {
        "calculationDate": "20200831",
        "outstanding": 45999.0
    },
    {
        "calculationDate": "20220408",
        "outstanding": 23828.0
    },
    {
        "calculationDate": "20210923",
        "outstanding": 37218.0
    },
    {
        "calculationDate": "20200615",
        "outstanding": 40241.0
    },
    {
        "calculationDate": "20220506",
        "outstanding": 58359.0
    },
    {
        "calculationDate": "20201022",
        "outstanding": 14768.0
    },
    {
        "calculationDate": "20220422",
        "outstanding": 3092.0
    },
    {
        "calculationDate": "20200629",
        "outstanding": 51977.0
    },
    {
        "calculationDate": "20210325",
        "outstanding": 18119.0
    },
    {
        "calculationDate": "20200817",
        "outstanding": 68224.0
    },
    {
        "calculationDate": "20200706",
        "outstanding": 51048.0
    },
    {
        "calculationDate": "20220421",
        "outstanding": 0.0
    },
    {
        "calculationDate": "20220715",
        "outstanding": 200.0
    },
    {
        "calculationDate": "20201228",
        "outstanding": 32969.0
    },
    {
        "calculationDate": "20220429",
        "outstanding": 37664.0
    },
    {
        "calculationDate": "20200730",
        "outstanding": 23656.0
    },
    {
        "calculationDate": "20220518",
        "outstanding": 0.0
    },
    {
        "calculationDate": "20220419",
        "outstanding": 0.0
    },
    {
        "calculationDate": "20220602",
        "outstanding": 35381.0
    },
    {
        "calculationDate": "20211116",
        "outstanding": 10810.0
    },
    {
        "calculationDate": "20220718",
        "outstanding": 15441.0
    },
    {
        "calculationDate": "20220608",
        "outstanding": 60797.0
    },
    {
        "calculationDate": "20201231",
        "outstanding": 35210.0
    },
    {
        "calculationDate": "20220324",
        "outstanding": 184788.0
    },
    {
        "calculationDate": "20201012",
        "outstanding": 4850.0
    },
    {
        "calculationDate": "20200803",
        "outstanding": 33826.0
    },
    {
        "calculationDate": "20201214",
        "outstanding": 99.0
    },
    {
        "calculationDate": "20220729",
        "outstanding": 5604.0
    },
    {
        "calculationDate": "20220905",
        "outstanding": 56871.0
    },
    {
        "calculationDate": "20211011",
        "outstanding": 141528.0
    },
    {
        "calculationDate": "20220405",
        "outstanding": 4638.0
    },
    {
        "calculationDate": "20211101",
        "outstanding": 0.0
    },
    {
        "calculationDate": "20201005",
        "outstanding": 192.0
    },
    {
        "calculationDate": "20220401",
        "outstanding": 0.0
    },
    {
        "calculationDate": "20210329",
        "outstanding": 25573.0
    },
    {
        "calculationDate": "20220912",
        "outstanding": 58963.0
    },
    {
        "calculationDate": "20210315",
        "outstanding": 5599.0
    },
    {
        "calculationDate": "20211129",
        "outstanding": 21728.0
    },
    {
        "calculationDate": "20210930",
        "outstanding": 66073.0
    },
    {
        "calculationDate": "20221102",
        "outstanding": 427643.0
    }
]