[
    {
        "calculationDate": "20190809",
        "outstanding": 29629.0
    },
    {
        "calculationDate": "20190507",
        "outstanding": 0.0
    },
    {
        "calculationDate": "20191102",
        "outstanding": 0.0
    },
    {
        "calculationDate": "20191216",
        "outstanding": 4057.0
    },
    {
        "calculationDate": "20200218",
        "outstanding": 0.0
    },
    {
        "calculationDate": "20191205",
        "outstanding": 6986.0
    },
    {
        "calculationDate": "20191024",
        "outstanding": 5750.0
    },
    {
        "calculationDate": "20190718",
        "outstanding": 59629.0
    },
    {
        "calculationDate": "20200123",
        "outstanding": 0.0
    },
    {
        "calculationDate": "20200116",
        "outstanding": 0.0
    },
    {
        "calculationDate": "20191219",
        "outstanding": 0.0
    },
    {
        "calculationDate": "20190613",
        "outstanding": 58421.0
    },
    {
        "calculationDate": "20190912",
        "outstanding": 3491.0
    },
    {
        "calculationDate": "20190815",
        "outstanding": 255.0
    },
    {
        "calculationDate": "20190818",
        "outstanding": 0.0
    }
]