[
    {
        "calculationDate": "20230414",
        "outstanding": 138522.28
    },
    {
        "calculationDate": "20220704",
        "outstanding": 55482.0
    },
    {
        "calculationDate": "20230106",
        "outstanding": 0.0
    },
    {
        "calculationDate": "20220515",
        "outstanding": 45320.0
    },
    {
        "calculationDate": "20230228",
        "outstanding": 36079.98
    },
    {
        "calculationDate": "20230605",
        "outstanding": 98631.99
    },
    {
        "calculationDate": "20230505",
        "outstanding": 104240.95
    },
    {
        "calculationDate": "20230331",
        "outstanding": 27678.08
    },
    {
        "calculationDate": "20230412",
        "outstanding": 95562.28
    },
    {
        "calculationDate": "20220908",
        "outstanding": 0.0
    },
    {
        "calculationDate": "20221106",
        "outstanding": 64.52
    },
    {
        "calculationDate": "20221003",
        "outstanding": 0.0
    },
    {
        "calculationDate": "20230306",
        "outstanding": 36395.61
    },
    {
        "calculationDate": "20220529",
        "outstanding": 54961.0
    },
    {
        "calculationDate": "20220523",
        "outstanding": 51843.0
    },
    {
        "calculationDate": "20220531",
        "outstanding": 63302.0
    },
    {
        "calculationDate": "20230606",
        "outstanding": 98631.99
    },
    {
        "calculationDate": "20220520",
        "outstanding": 46796.0
    },
    {
        "calculationDate": "20220705",
        "outstanding": 45459.0
    },
    {
        "calculationDate": "20220808",
        "outstanding": 596.0
    },
    {
        "calculationDate": "20220521",
        "outstanding": 50525.0
    },
    {
        "calculationDate": "20220604",
        "outstanding": 76054.0
    },
    {
        "calculationDate": "20220612",
        "outstanding": 31692.0
    },
    {
        "calculationDate": "20221114",
        "outstanding": 64.52
    },
    {
        "calculationDate": "20220904",
        "outstanding": 0.0
    },
    {
        "calculationDate": "20221010",
        "outstanding": 1006.0
    },
    {
        "calculationDate": "20220522",
        "outstanding": 50803.0
    },
    {
        "calculationDate": "20220508",
        "outstanding": 2235.0
    },
    {
        "calculationDate": "20230531",
        "outstanding": 97893.83
    },
    {
        "calculationDate": "20220610",
        "outstanding": 27704.0
    },
    {
        "calculationDate": "20220629",
        "outstanding": 54167.0
    },
    {
        "calculationDate": "20220507",
        "outstanding": 0.0
    },
    {
        "calculationDate": "20220613",
        "outstanding": 37012.0
    },
    {
        "calculationDate": "20230105",
        "outstanding": 0.0
    },
    {
        "calculationDate": "20220603",
        "outstanding": 66813.0
    },
    {
        "calculationDate": "20220703",
        "outstanding": 55482.0
    },
    {
        "calculationDate": "20230405",
        "outstanding": 27936.28
    },
    {
        "calculationDate": "20220607",
        "outstanding": 77312.0
    },
    {
        "calculationDate": "20220707",
        "outstanding": 45483.0
    },
    {
        "calculationDate": "20220620",
        "outstanding": 45541.0
    },
    {
        "calculationDate": "20220606",
        "outstanding": 77312.0
    },
    {
        "calculationDate": "20230425",
        "outstanding": 102767.0
    },
    {
        "calculationDate": "20230205",
        "outstanding": 0.0
    },
    {
        "calculationDate": "20230406",
        "outstanding": 27936.28
    },
    {
        "calculationDate": "20230506",
        "outstanding": 104240.95
    },
    {
        "calculationDate": "20220626",
        "outstanding": 51016.0
    },
    {
        "calculationDate": "20220602",
        "outstanding": 65889.0
    },
    {
        "calculationDate": "20220806",
        "outstanding": 527.0
    },
    {
        "calculationDate": "20230112",
        "outstanding": 0.0
    },
    {
        "calculationDate": "20230424",
        "outstanding": 140162.28
    },
    {
        "calculationDate": "20230206",
        "outstanding": 0.0
    },
    {
        "calculationDate": "20220617",
        "outstanding": 39290.0
    },
    {
        "calculationDate": "20230104",
        "outstanding": 0.0
    },
    {
        "calculationDate": "20220616",
        "outstanding": 38176.0
    },
    {
        "calculationDate": "20220526",
        "outstanding": 54042.0
    },
    {
        "calculationDate": "20230305",
        "outstanding": 36395.61
    },
    {
        "calculationDate": "20220618",
        "outstanding": 40903.0
    },
    {
        "calculationDate": "20221105",
        "outstanding": 64.52
    },
    {
        "calculationDate": "20220609",
        "outstanding": 67649.0
    }
]