[
    {
        "calculationDate": "20200723",
        "outstanding": 0.0
    },
    {
        "calculationDate": "20200623",
        "outstanding": 1050.0
    },
    {
        "calculationDate": "20200325",
        "outstanding": 0.0
    },
    {
        "calculationDate": "20191025",
        "outstanding": 0.0
    },
    {
        "calculationDate": "20200423",
        "outstanding": 561.0
    },
    {
        "calculationDate": "20200703",
        "outstanding": 159.0
    },
    {
        "calculationDate": "20200508",
        "outstanding": 0.0
    },
    {
        "calculationDate": "20191108",
        "outstanding": 0.0
    },
    {
        "calculationDate": "20200603",
        "outstanding": 0.0
    },
    {
        "calculationDate": "20200503",
        "outstanding": 596.0
    },
    {
        "calculationDate": "20191231",
        "outstanding": 0.0
    },
    {
        "calculationDate": "20200506",
        "outstanding": 2935.0
    },
    {
        "calculationDate": "20200601",
        "outstanding": 821.0
    },
    {
        "calculationDate": "20200625",
        "outstanding": 0.0
    },
    {
        "calculationDate": "20200528",
        "outstanding": 893.0
    },
    {
        "calculationDate": "20200709",
        "outstanding": 10597.0
    },
    {
        "calculationDate": "20200422",
        "outstanding": 152.0
    },
    {
        "calculationDate": "20200221",
        "outstanding": 0.0
    },
    {
        "calculationDate": "20200710",
        "outstanding": 0.0
    },
    {
        "calculationDate": "20200310",
        "outstanding": 0.0
    },
    {
        "calculationDate": "20191021",
        "outstanding": 40.0
    },
    {
        "calculationDate": "20200424",
        "outstanding": 0.0
    },
    {
        "calculationDate": "20200131",
        "outstanding": 0.0
    },
    {
        "calculationDate": "20200410",
        "outstanding": 0.0
    },
    {
        "calculationDate": "20200831",
        "outstanding": 0.0
    },
    {
        "calculationDate": "20191107",
        "outstanding": 158.0
    },
    {
        "calculationDate": "20191119",
        "outstanding": 944.0
    },
    {
        "calculationDate": "20200324",
        "outstanding": 689.0
    },
    {
        "calculationDate": "20200306",
        "outstanding": 39.0
    },
    {
        "calculationDate": "20191125",
        "outstanding": 0.0
    },
    {
        "calculationDate": "20200721",
        "outstanding": 545.0
    },
    {
        "calculationDate": "20200210",
        "outstanding": 0.0
    },
    {
        "calculationDate": "20200218",
        "outstanding": 507.0
    },
    {
        "calculationDate": "20200406",
        "outstanding": 896.0
    },
    {
        "calculationDate": "20200622",
        "outstanding": 728.0
    },
    {
        "calculationDate": "20200204",
        "outstanding": 393.0
    },
    {
        "calculationDate": "20200403",
        "outstanding": 63.0
    },
    {
        "calculationDate": "20200707",
        "outstanding": 1997.0
    }
]