[
    {
        "calculationDate": "20200112",
        "outstanding": 41634.0
    },
    {
        "calculationDate": "20191121",
        "outstanding": 7000.0
    },
    {
        "calculationDate": "20200129",
        "outstanding": 0.0
    },
    {
        "calculationDate": "20200125",
        "outstanding": 35000.0
    },
    {
        "calculationDate": "20190930",
        "outstanding": 56000.0
    },
    {
        "calculationDate": "20191005",
        "outstanding": 17000.0
    },
    {
        "calculationDate": "20191003",
        "outstanding": 20000.0
    },
    {
        "calculationDate": "20200121",
        "outstanding": 42186.0
    },
    {
        "calculationDate": "20191209",
        "outstanding": 20000.0
    },
    {
        "calculationDate": "20200122",
        "outstanding": 40203.0
    },
    {
        "calculationDate": "20191125",
        "outstanding": 0.0
    },
    {
        "calculationDate": "20200313",
        "outstanding": 67342.0
    },
    {
        "calculationDate": "20191112",
        "outstanding": 7286.0
    },
    {
        "calculationDate": "20200304",
        "outstanding": 10761.0
    },
    {
        "calculationDate": "20200127",
        "outstanding": 30000.0
    },
    {
        "calculationDate": "20191120",
        "outstanding": 11799.0
    },
    {
        "outstanding": 12000.0
    },
    {
        "calculationDate": "20200302",
        "outstanding": 13191.0
    },
    {
        "calculationDate": "20200118",
        "outstanding": 50124.0
    },
    {
        "calculationDate": "20200312",
        "outstanding": 65924.0
    },
    {
        "calculationDate": "20200430",
        "outstanding": 0.0
    },
    {
        "calculationDate": "20200109",
        "outstanding": 37282.0
    },
    {
        "calculationDate": "20200321",
        "outstanding": 42753.0
    },
    {
        "calculationDate": "20190924",
        "outstanding": 18539.0
    },
    {
        "calculationDate": "20191123",
        "outstanding": 5000.0
    },
    {
        "calculationDate": "20191109",
        "outstanding": 9013.0
    },
    {
        "calculationDate": "20191203",
        "outstanding": 27000.0
    },
    {
        "calculationDate": "20200128",
        "outstanding": 30940.0
    },
    {
        "calculationDate": "20191111",
        "outstanding": 7744.0
    },
    {
        "calculationDate": "20200323",
        "outstanding": 0.0
    },
    {
        "calculationDate": "20191114",
        "outstanding": 12169.0
    },
    {
        "calculationDate": "20191007",
        "outstanding": 0.0
    },
    {
        "calculationDate": "20191014",
        "outstanding": 10000.0
    },
    {
        "calculationDate": "20190923",
        "outstanding": 25542.0
    },
    {
        "calculationDate": "20200316",
        "outstanding": 66222.0
    },
    {
        "calculationDate": "20191108",
        "outstanding": 10010.0
    },
    {
        "calculationDate": "20191212",
        "outstanding": 0.0
    },
    {
        "calculationDate": "20200212",
        "outstanding": 26940.0
    },
    {
        "calculationDate": "20200215",
        "outstanding": 25700.0
    },
    {
        "calculationDate": "20191016",
        "outstanding": 0.0
    },
    {
        "calculationDate": "20190927",
        "outstanding": 30000.0
    },
    {
        "calculationDate": "20191115",
        "outstanding": 13082.0
    }
]