[
    {
        "calculationDate": "20171116",
        "outstanding": 43665.0
    },
    {
        "calculationDate": "20180528",
        "outstanding": 0.0
    },
    {
        "calculationDate": "20160929",
        "outstanding": 5436.0
    },
    {
        "calculationDate": "20180810",
        "outstanding": 6895.0
    },
    {
        "calculationDate": "20180118",
        "outstanding": 14885.0
    },
    {
        "calculationDate": "20180611",
        "outstanding": 0.0
    },
    {
        "calculationDate": "20170201",
        "outstanding": 0.0
    },
    {
        "calculationDate": "20190201",
        "outstanding": 0.0
    },
    {
        "calculationDate": "20190104",
        "outstanding": 0.0
    },
    {
        "calculationDate": "20180219",
        "outstanding": 7792.0
    },
    {
        "calculationDate": "20160901",
        "outstanding": 9859.0
    },
    {
        "calculationDate": "20171030",
        "outstanding": 58265.0
    },
    {
        "calculationDate": "20180807",
        "outstanding": 13895.0
    },
    {
        "calculationDate": "20170803",
        "outstanding": 4111.0
    },
    {
        "calculationDate": "20160915",
        "outstanding": 5176.0
    },
    {
        "calculationDate": "20180129",
        "outstanding": 14952.0
    },
    {
        "calculationDate": "20180402",
        "outstanding": 0.0
    },
    {
        "calculationDate": "20180702",
        "outstanding": 0.0
    },
    {
        "calculationDate": "20161201",
        "outstanding": 0.0
    },
    {
        "calculationDate": "20180831",
        "outstanding": 6895.0
    },
    {
        "calculationDate": "20170302",
        "outstanding": 0.0
    },
    {
        "calculationDate": "20170501",
        "outstanding": 0.0
    },
    {
        "calculationDate": "20180507",
        "outstanding": 0.0
    },
    {
        "calculationDate": "20171214",
        "outstanding": 39824.0
    },
    {
        "calculationDate": "20170629",
        "outstanding": 0.0
    },
    {
        "calculationDate": "20180503",
        "outstanding": 1738.0
    },
    {
        "calculationDate": "20180803",
        "outstanding": 12030.0
    },
    {
        "calculationDate": "20180628",
        "outstanding": 0.0
    },
    {
        "calculationDate": "20160728",
        "outstanding": 551.0
    },
    {
        "calculationDate": "20180531",
        "outstanding": 5480.0
    },
    {
        "calculationDate": "20170831",
        "outstanding": 0.0
    },
    {
        "calculationDate": "20161229",
        "outstanding": 0.0
    },
    {
        "calculationDate": "20161006",
        "outstanding": 7169.0
    },
    {
        "calculationDate": "20160801"
    },
    {
        "calculationDate": "20170331",
        "outstanding": 0.0
    },
    {
        "calculationDate": "20161121",
        "outstanding": 0.0
    },
    {
        "calculationDate": "20170928",
        "outstanding": 0.0
    },
    {
        "calculationDate": "20180801",
        "outstanding": 5223.0
    },
    {
        "calculationDate": "20181002",
        "outstanding": 0.0
    },
    {
        "calculationDate": "20171207",
        "outstanding": 39724.0
    },
    {
        "calculationDate": "20171019",
        "outstanding": 58265.0
    },
    {
        "calculationDate": "20170828",
        "outstanding": 0.0
    },
    {
        "calculationDate": "20161017",
        "outstanding": 5998.0
    },
    {
        "calculationDate": "20180312",
        "outstanding": 0.0
    },
    {
        "calculationDate": "20171130",
        "outstanding": 43724.0
    },
    {
        "calculationDate": "20161117",
        "outstanding": 0.0
    },
    {
        "calculationDate": "20180618",
        "outstanding": 0.0
    },
    {
        "calculationDate": "20180724",
        "outstanding": 806.0
    },
    {
        "calculationDate": "20181009",
        "outstanding": 0.0
    },
    {
        "calculationDate": "20180215",
        "outstanding": 18792.0
    },
    {
        "calculationDate": "20171113",
        "outstanding": 54665.0
    },
    {
        "calculationDate": "20161128",
        "outstanding": 0.0
    },
    {
        "calculationDate": "20180302",
        "outstanding": 7855.0
    },
    {
        "calculationDate": "20181130",
        "outstanding": 0.0
    },
    {
        "calculationDate": "20161212",
        "outstanding": 0.0
    },
    {
        "calculationDate": "20180621",
        "outstanding": 0.0
    },
    {
        "calculationDate": "20171229",
        "outstanding": 29885.0
    },
    {
        "calculationDate": "20170731",
        "outstanding": 843.0
    },
    {
        "calculationDate": "20161031",
        "outstanding": 6302.0
    },
    {
        "calculationDate": "20171221",
        "outstanding": 29824.0
    },
    {
        "calculationDate": "20170529",
        "outstanding": 0.0
    },
    {
        "calculationDate": "20170807",
        "outstanding": 0.0
    },
    {
        "calculationDate": "20160905",
        "outstanding": 10176.0
    },
    {
        "calculationDate": "20160829",
        "outstanding": 6531.0
    },
    {
        "calculationDate": "20180907",
        "outstanding": 0.0
    },
    {
        "calculationDate": "20181030",
        "outstanding": 0.0
    },
    {
        "calculationDate": "20180727",
        "outstanding": 2663.0
    },
    {
        "calculationDate": "20170112",
        "outstanding": 0.0
    },
    {
        "calculationDate": "20180101",
        "outstanding": 29885.0
    }
]