[
    {
        "calculationDate": "20230111",
        "outstanding": 16923.38
    },
    {
        "calculationDate": "20230315",
        "outstanding": 27000.0
    },
    {
        "calculationDate": "20230216",
        "outstanding": 14963.52
    },
    {
        "calculationDate": "20230605",
        "outstanding": 0.0
    },
    {
        "calculationDate": "20230210",
        "outstanding": 0.0
    },
    {
        "calculationDate": "20230420",
        "outstanding": 26740.3
    },
    {
        "calculationDate": "20230608",
        "outstanding": 9708.12
    },
    {
        "calculationDate": "20230613",
        "outstanding": 26708.12
    },
    {
        "calculationDate": "20230609",
        "outstanding": 16708.12
    },
    {
        "calculationDate": "20221229",
        "outstanding": 25923.38
    },
    {
        "calculationDate": "20230414",
        "outstanding": 26740.3
    },
    {
        "calculationDate": "20230106",
        "outstanding": 18923.38
    },
    {
        "calculationDate": "20221230",
        "outstanding": 23923.38
    },
    {
        "calculationDate": "20230425",
        "outstanding": 28488.21
    },
    {
        "calculationDate": "20230325",
        "outstanding": 27240.3
    },
    {
        "calculationDate": "20230209",
        "outstanding": 23813.52
    },
    {
        "calculationDate": "20230412",
        "outstanding": 14740.3
    },
    {
        "calculationDate": "20221215",
        "outstanding": 23873.38
    },
    {
        "calculationDate": "20230125",
        "outstanding": 17133.52
    },
    {
        "calculationDate": "20230223",
        "outstanding": 0.0
    },
    {
        "calculationDate": "20230131",
        "outstanding": 26933.52
    },
    {
        "calculationDate": "20221218",
        "outstanding": 26323.38
    },
    {
        "calculationDate": "20230327",
        "outstanding": 24740.3
    },
    {
        "calculationDate": "20230525",
        "outstanding": 17849.12
    },
    {
        "calculationDate": "20221221",
        "outstanding": 26923.38
    },
    {
        "calculationDate": "20230523",
        "outstanding": 16188.21
    },
    {
        "calculationDate": "20230518",
        "outstanding": 26188.21
    }
]