[
    {
        "calculationDate": "20221004",
        "outstanding": 5700.0
    },
    {
        "calculationDate": "20220601",
        "outstanding": 0.0
    },
    {
        "calculationDate": "20220701",
        "outstanding": 36916.0
    },
    {
        "calculationDate": "20220615",
        "outstanding": 13749.0
    },
    {
        "calculationDate": "20220810",
        "outstanding": 43698.0
    },
    {
        "calculationDate": "20220903",
        "outstanding": 0.0
    },
    {
        "calculationDate": "20220728",
        "outstanding": 29850.0
    },
    {
        "calculationDate": "20220830",
        "outstanding": 118.0
    },
    {
        "calculationDate": "20220721",
        "outstanding": 29868.0
    },
    {
        "calculationDate": "20220822",
        "outstanding": 1593.0
    },
    {
        "calculationDate": "20220311",
        "outstanding": 31075.0
    },
    {
        "calculationDate": "20220204",
        "outstanding": 0.0
    },
    {
        "calculationDate": "20220609",
        "outstanding": 14340.0
    },
    {
        "calculationDate": "20220817",
        "outstanding": 0.0
    },
    {
        "calculationDate": "20230510",
        "outstanding": 9347.88
    },
    {
        "calculationDate": "20220807",
        "outstanding": 41490.0
    },
    {
        "calculationDate": "20220823",
        "outstanding": 3981.0
    },
    {
        "calculationDate": "20220414",
        "outstanding": 19272.0
    },
    {
        "calculationDate": "20220719",
        "outstanding": 33210.0
    },
    {
        "calculationDate": "20221019",
        "outstanding": 9598.0
    },
    {
        "calculationDate": "20220502",
        "outstanding": 19272.0
    },
    {
        "calculationDate": "20220816",
        "outstanding": 34953.0
    },
    {
        "calculationDate": "20230608",
        "outstanding": 5692.01
    },
    {
        "calculationDate": "20220522",
        "outstanding": 0.0
    },
    {
        "calculationDate": "20220402",
        "outstanding": 29272.0
    },
    {
        "calculationDate": "20220722",
        "outstanding": 30160.0
    },
    {
        "calculationDate": "20220819",
        "outstanding": 528.0
    },
    {
        "calculationDate": "20220729",
        "outstanding": 30163.0
    },
    {
        "calculationDate": "20220723",
        "outstanding": 32033.0
    },
    {
        "calculationDate": "20220806",
        "outstanding": 41187.0
    },
    {
        "calculationDate": "20230301",
        "outstanding": 238.0
    },
    {
        "calculationDate": "20220725",
        "outstanding": 33575.0
    },
    {
        "calculationDate": "20230522",
        "outstanding": 8604.59
    },
    {
        "calculationDate": "20220731",
        "outstanding": 31588.0
    },
    {
        "calculationDate": "20221227",
        "outstanding": 790.8
    },
    {
        "calculationDate": "20220811",
        "outstanding": 43965.0
    },
    {
        "calculationDate": "20220829",
        "outstanding": 67.0
    },
    {
        "calculationDate": "20230603",
        "outstanding": 5945.47
    },
    {
        "calculationDate": "20220524",
        "outstanding": 4754.0
    },
    {
        "calculationDate": "20220711",
        "outstanding": 38786.0
    },
    {
        "calculationDate": "20220815",
        "outstanding": 34782.0
    },
    {
        "calculationDate": "20220805",
        "outstanding": 40823.0
    },
    {
        "calculationDate": "20220717",
        "outstanding": 30326.0
    },
    {
        "calculationDate": "20220724",
        "outstanding": 32129.0
    },
    {
        "calculationDate": "20211211",
        "outstanding": 0.0
    },
    {
        "calculationDate": "20220705"
    },
    {
        "calculationDate": "20221022",
        "outstanding": 10386.0
    },
    {
        "calculationDate": "20220808",
        "outstanding": 40729.0
    },
    {
        "calculationDate": "20230501",
        "outstanding": 10001.0
    },
    {
        "calculationDate": "20220813",
        "outstanding": 9668.0
    },
    {
        "calculationDate": "20230530",
        "outstanding": 6459.49
    },
    {
        "calculationDate": "20220715",
        "outstanding": 30115.0
    },
    {
        "calculationDate": "20220814",
        "outstanding": 34621.0
    },
    {
        "calculationDate": "20220707",
        "outstanding": 37606.0
    },
    {
        "calculationDate": "20221027",
        "outstanding": 12151.0
    },
    {
        "calculationDate": "20220611",
        "outstanding": 13279.0
    },
    {
        "calculationDate": "20220820",
        "outstanding": 1193.0
    },
    {
        "calculationDate": "20220613",
        "outstanding": 13279.0
    },
    {
        "calculationDate": "20221005",
        "outstanding": 5932.0
    },
    {
        "calculationDate": "20220301",
        "outstanding": 0.0
    },
    {
        "calculationDate": "20230201",
        "outstanding": 238.0
    },
    {
        "calculationDate": "20220713",
        "outstanding": 29594.0
    },
    {
        "calculationDate": "20220827",
        "outstanding": 0.0
    },
    {
        "calculationDate": "20221217",
        "outstanding": 15215.5
    },
    {
        "calculationDate": "20221021",
        "outstanding": 10258.0
    },
    {
        "calculationDate": "20220102",
        "outstanding": 0.0
    },
    {
        "calculationDate": "20220619",
        "outstanding": 14818.0
    },
    {
        "calculationDate": "20221025",
        "outstanding": 11360.0
    },
    {
        "calculationDate": "20220627",
        "outstanding": 35782.0
    },
    {
        "calculationDate": "20220901",
        "outstanding": 118.0
    },
    {
        "calculationDate": "20220906",
        "outstanding": 0.0
    },
    {
        "calculationDate": "20220818",
        "outstanding": 262.0
    },
    {
        "calculationDate": "20220623",
        "outstanding": 34931.0
    },
    {
        "calculationDate": "20220824",
        "outstanding": 7263.0
    },
    {
        "calculationDate": "20230222",
        "outstanding": 2726.1
    },
    {
        "calculationDate": "20220607",
        "outstanding": 2092.0
    },
    {
        "calculationDate": "20230519",
        "outstanding": 10021.81
    },
    {
        "calculationDate": "20220801",
        "outstanding": 32003.0
    },
    {
        "calculationDate": "20221023",
        "outstanding": 10519.0
    },
    {
        "calculationDate": "20220313",
        "outstanding": 29075.0
    },
    {
        "calculationDate": "20220621",
        "outstanding": 16504.0
    },
    {
        "calculationDate": "20220315",
        "outstanding": 29272.0
    },
    {
        "calculationDate": "20220809",
        "outstanding": 43575.0
    },
    {
        "calculationDate": "20220305",
        "outstanding": 30290.0
    },
    {
        "calculationDate": "20220825",
        "outstanding": 7416.0
    },
    {
        "calculationDate": "20220727",
        "outstanding": 35178.0
    },
    {
        "calculationDate": "20220821",
        "outstanding": 1399.0
    },
    {
        "calculationDate": "20221029",
        "outstanding": 5543.0
    },
    {
        "calculationDate": "20220703",
        "outstanding": 36954.0
    },
    {
        "calculationDate": "20220730",
        "outstanding": 31346.0
    },
    {
        "calculationDate": "20220803",
        "outstanding": 39279.0
    },
    {
        "calculationDate": "20220605",
        "outstanding": 1592.0
    },
    {
        "calculationDate": "20220709",
        "outstanding": 38117.0
    },
    {
        "calculationDate": "20220804",
        "outstanding": 40230.0
    },
    {
        "calculationDate": "20230503",
        "outstanding": 5614.0
    },
    {
        "calculationDate": "20220625",
        "outstanding": 35051.0
    },
    {
        "calculationDate": "20220826",
        "outstanding": 8248.0
    }
]