[
    {
        "calculationDate": "20210920",
        "outstanding": 2995.0
    },
    {
        "calculationDate": "20210811",
        "outstanding": 0.0
    },
    {
        "calculationDate": "20211012",
        "outstanding": 0.0
    },
    {
        "calculationDate": "20211101",
        "outstanding": 0.0
    },
    {
        "calculationDate": "20210815",
        "outstanding": 722.0
    },
    {
        "calculationDate": "20210807",
        "outstanding": 0.0
    },
    {
        "calculationDate": "20210902",
        "outstanding": 0.0
    },
    {
        "calculationDate": "20211002",
        "outstanding": 0.0
    },
    {
        "calculationDate": "20210813",
        "outstanding": 690.0
    },
    {
        "calculationDate": "20210829",
        "outstanding": 2600.0
    },
    {
        "calculationDate": "20210817",
        "outstanding": 0.0
    },
    {
        "calculationDate": "20211010",
        "outstanding": 0.0
    },
    {
        "calculationDate": "20210930",
        "outstanding": 0.0
    },
    {
        "calculationDate": "20210924",
        "outstanding": 4000.0
    },
    {
        "calculationDate": "20210912",
        "outstanding": 2766.0
    },
    {
        "calculationDate": "20210926",
        "outstanding": 5000.0
    },
    {
        "calculationDate": "20210918",
        "outstanding": 2940.0
    },
    {
        "calculationDate": "20210819",
        "outstanding": 0.0
    },
    {
        "calculationDate": "20210922",
        "outstanding": 3937.0
    },
    {
        "calculationDate": "20210914",
        "outstanding": 0.0
    },
    {
        "calculationDate": "20211008",
        "outstanding": 3000.0
    },
    {
        "calculationDate": "20210831",
        "outstanding": 2600.0
    }
]