[
    {
        "calculationDate": "20191005",
        "outstanding": 0.0
    },
    {
        "calculationDate": "20200130",
        "outstanding": 0.0
    },
    {
        "calculationDate": "20190712",
        "outstanding": 33531.0
    },
    {
        "calculationDate": "20181215",
        "outstanding": 0.0
    },
    {
        "calculationDate": "20190901",
        "outstanding": 0.0
    },
    {
        "calculationDate": "20190616",
        "outstanding": 15900.0
    },
    {
        "calculationDate": "20190706",
        "outstanding": 33038.0
    },
    {
        "calculationDate": "20200826",
        "outstanding": 0.0
    },
    {
        "calculationDate": "20200413",
        "outstanding": 0.0
    },
    {
        "calculationDate": "20200202",
        "outstanding": 0.0
    },
    {
        "calculationDate": "20200715",
        "outstanding": 0.0
    },
    {
        "calculationDate": "20200305",
        "outstanding": 0.0
    },
    {
        "calculationDate": "20181212",
        "outstanding": 3000.0
    },
    {
        "calculationDate": "20181114",
        "outstanding": 0.0
    },
    {
        "calculationDate": "20191113",
        "outstanding": 0.0
    },
    {
        "calculationDate": "20181014",
        "outstanding": 0.0
    },
    {
        "calculationDate": "20200214",
        "outstanding": 4000.0
    },
    {
        "calculationDate": "20191103",
        "outstanding": 0.0
    },
    {
        "calculationDate": "20200314",
        "outstanding": 0.0
    },
    {
        "calculationDate": "20200712",
        "outstanding": 0.0
    },
    {
        "calculationDate": "20190413",
        "outstanding": 0.0
    },
    {
        "calculationDate": "20200814",
        "outstanding": 0.0
    },
    {
        "calculationDate": "20181003",
        "outstanding": 0.0
    },
    {
        "calculationDate": "20190721",
        "outstanding": 0.0
    },
    {
        "calculationDate": "20190214",
        "outstanding": 0.0
    },
    {
        "calculationDate": "20200615"
    },
    {
        "calculationDate": "20200219",
        "outstanding": 2536.0
    },
    {
        "calculationDate": "20190314",
        "outstanding": 0.0
    },
    {
        "calculationDate": "20190112",
        "outstanding": 0.0
    },
    {
        "calculationDate": "20190926",
        "outstanding": 9990.0
    },
    {
        "calculationDate": "20190613",
        "outstanding": 0.0
    },
    {
        "calculationDate": "20200329",
        "outstanding": 0.0
    },
    {
        "calculationDate": "20190703",
        "outstanding": 35000.0
    },
    {
        "calculationDate": "20190715",
        "outstanding": 33531.0
    },
    {
        "calculationDate": "20190814",
        "outstanding": 0.0
    },
    {
        "calculationDate": "20200211",
        "outstanding": 0.0
    },
    {
        "calculationDate": "20191220",
        "outstanding": 0.0
    },
    {
        "calculationDate": "20190512",
        "outstanding": 0.0
    },
    {
        "calculationDate": "20191213",
        "outstanding": 0.0
    },
    {
        "calculationDate": "20191014",
        "outstanding": 0.0
    },
    {
        "calculationDate": "20200118",
        "outstanding": 0.0
    },
    {
        "calculationDate": "20200115",
        "outstanding": 2000.0
    },
    {
        "calculationDate": "20191128",
        "outstanding": 0.0
    },
    {
        "calculationDate": "20190913",
        "outstanding": 0.0
    },
    {
        "calculationDate": "20200513",
        "outstanding": 0.0
    },
    {
        "calculationDate": "20190621",
        "outstanding": 38710.0
    }
]