[
    {
        "calculationDate": "20160523",
        "outstanding": 10870.0
    },
    {
        "calculationDate": "20150720"
    },
    {
        "calculationDate": "20160530",
        "outstanding": 4992.0
    },
    {
        "calculationDate": "20151001",
        "outstanding": 14983.0
    },
    {
        "calculationDate": "20160328",
        "outstanding": 14685.0
    },
    {
        "calculationDate": "20160606",
        "outstanding": 0.0
    },
    {
        "calculationDate": "20150611",
        "outstanding": 11966.0
    },
    {
        "calculationDate": "20160512",
        "outstanding": 13217.0
    },
    {
        "calculationDate": "20150921",
        "outstanding": 0.0
    },
    {
        "calculationDate": "20150525",
        "outstanding": 13667.0
    },
    {
        "calculationDate": "20150727",
        "outstanding": 13215.0
    },
    {
        "calculationDate": "20150810",
        "outstanding": 12915.0
    },
    {
        "calculationDate": "20151019",
        "outstanding": 15561.0
    },
    {
        "calculationDate": "20160201",
        "outstanding": 0.0
    },
    {
        "calculationDate": "20160526",
        "outstanding": 4745.0
    },
    {
        "calculationDate": "20150618",
        "outstanding": 13120.0
    },
    {
        "calculationDate": "20151119",
        "outstanding": 12953.0
    },
    {
        "calculationDate": "20160411",
        "outstanding": 0.0
    },
    {
        "calculationDate": "20160321",
        "outstanding": 0.0
    },
    {
        "calculationDate": "20160317",
        "outstanding": 0.0
    },
    {
        "calculationDate": "20160728",
        "outstanding": 0.0
    },
    {
        "calculationDate": "20160627",
        "outstanding": 12638.0
    },
    {
        "calculationDate": "20150903",
        "outstanding": 0.0
    },
    {
        "calculationDate": "20160630",
        "outstanding": 13747.0
    },
    {
        "calculationDate": "20160519",
        "outstanding": 0.0
    },
    {
        "calculationDate": "20160118",
        "outstanding": 11267.0
    },
    {
        "calculationDate": "20160620",
        "outstanding": 0.0
    },
    {
        "calculationDate": "20150918",
        "outstanding": 305.0
    },
    {
        "calculationDate": "20151224",
        "outstanding": 12624.0
    },
    {
        "calculationDate": "20160114",
        "outstanding": 10624.0
    },
    {
        "calculationDate": "20151221",
        "outstanding": 13624.0
    },
    {
        "calculationDate": "20160711",
        "outstanding": 12979.0
    },
    {
        "calculationDate": "20150820",
        "outstanding": 11989.0
    },
    {
        "calculationDate": "20151102",
        "outstanding": 13961.0
    },
    {
        "calculationDate": "20150924",
        "outstanding": 13176.0
    },
    {
        "calculationDate": "20160430",
        "outstanding": 0.0
    },
    {
        "calculationDate": "20160516",
        "outstanding": 0.0
    },
    {
        "calculationDate": "20160718",
        "outstanding": 13517.0
    },
    {
        "calculationDate": "20160226",
        "outstanding": 0.0
    },
    {
        "calculationDate": "20160218",
        "outstanding": 201.0
    },
    {
        "calculationDate": "20150608",
        "outstanding": 12066.0
    },
    {
        "calculationDate": "20150629",
        "outstanding": 0.0
    },
    {
        "calculationDate": "20150817",
        "outstanding": 13370.0
    }
]