[
    {
        "calculationDate": "20221018",
        "outstanding": 15612.0
    },
    {
        "calculationDate": "20230330",
        "outstanding": 11578.34
    },
    {
        "calculationDate": "20220707",
        "outstanding": 6620.0
    },
    {
        "calculationDate": "20220826",
        "outstanding": 14217.0
    },
    {
        "calculationDate": "20220916",
        "outstanding": 14415.0
    },
    {
        "calculationDate": "20220810",
        "outstanding": 12970.0
    },
    {
        "calculationDate": "20220804",
        "outstanding": 10550.0
    },
    {
        "calculationDate": "20221019",
        "outstanding": 15782.0
    },
    {
        "calculationDate": "20230501",
        "outstanding": 17538.32
    },
    {
        "calculationDate": "20220928",
        "outstanding": 15909.0
    },
    {
        "calculationDate": "20230518",
        "outstanding": 17869.43
    },
    {
        "calculationDate": "20221005",
        "outstanding": 16273.0
    },
    {
        "calculationDate": "20220708",
        "outstanding": 8583.0
    },
    {
        "calculationDate": "20220902",
        "outstanding": 14616.0
    },
    {
        "calculationDate": "20221130",
        "outstanding": 15874.0
    },
    {
        "calculationDate": "20220726",
        "outstanding": 1424.0
    },
    {
        "calculationDate": "20220927",
        "outstanding": 14928.0
    },
    {
        "calculationDate": "20221113",
        "outstanding": 14740.41
    },
    {
        "calculationDate": "20220929",
        "outstanding": 16108.0
    },
    {
        "calculationDate": "20220907",
        "outstanding": 14765.0
    },
    {
        "calculationDate": "20220705",
        "outstanding": 0.0
    },
    {
        "calculationDate": "20221011",
        "outstanding": 15273.0
    },
    {
        "calculationDate": "20230424",
        "outstanding": 14270.32
    },
    {
        "calculationDate": "20230209",
        "outstanding": 12209.81
    },
    {
        "calculationDate": "20220818",
        "outstanding": 13586.0
    },
    {
        "calculationDate": "20221205",
        "outstanding": 16089.06
    },
    {
        "calculationDate": "20230205",
        "outstanding": 13485.02
    },
    {
        "calculationDate": "20230111",
        "outstanding": 12985.42
    },
    {
        "calculationDate": "20230109",
        "outstanding": 14417.89
    },
    {
        "calculationDate": "20220714",
        "outstanding": 0.0
    },
    {
        "calculationDate": "20230403",
        "outstanding": 11857.15
    },
    {
        "calculationDate": "20230131",
        "outstanding": 13286.46
    },
    {
        "calculationDate": "20220913",
        "outstanding": 15871.0
    },
    {
        "calculationDate": "20220817",
        "outstanding": 14133.0
    },
    {
        "calculationDate": "20221031",
        "outstanding": 16265.17
    },
    {
        "calculationDate": "20221231",
        "outstanding": 14160.19
    },
    {
        "calculationDate": "20230425",
        "outstanding": 15158.32
    },
    {
        "calculationDate": "20220729",
        "outstanding": 4428.0
    },
    {
        "calculationDate": "20220823",
        "outstanding": 14177.0
    },
    {
        "calculationDate": "20221123",
        "outstanding": 15802.54
    },
    {
        "calculationDate": "20230423",
        "outstanding": 13508.38
    },
    {
        "calculationDate": "20220722",
        "outstanding": 0.0
    },
    {
        "calculationDate": "20220830",
        "outstanding": 14417.0
    },
    {
        "calculationDate": "20220905",
        "outstanding": 14616.0
    },
    {
        "calculationDate": "20221004",
        "outstanding": 16108.0
    },
    {
        "calculationDate": "20221028",
        "outstanding": 16254.0
    },
    {
        "calculationDate": "20230302",
        "outstanding": 12456.4
    },
    {
        "calculationDate": "20220805",
        "outstanding": 10650.0
    },
    {
        "calculationDate": "20230531",
        "outstanding": 19610.68
    },
    {
        "calculationDate": "20230305",
        "outstanding": 12621.99
    },
    {
        "calculationDate": "20220921",
        "outstanding": 14520.0
    },
    {
        "calculationDate": "20220727",
        "outstanding": 2466.0
    },
    {
        "calculationDate": "20221106",
        "outstanding": 16440.96
    },
    {
        "calculationDate": "20220809",
        "outstanding": 12620.0
    },
    {
        "calculationDate": "20230402",
        "outstanding": 11657.34
    },
    {
        "calculationDate": "20230228",
        "outstanding": 12434.38
    },
    {
        "calculationDate": "20230612",
        "outstanding": 10610.71
    },
    {
        "calculationDate": "20230418",
        "outstanding": 10535.15
    },
    {
        "calculationDate": "20220706",
        "outstanding": 4054.0
    },
    {
        "calculationDate": "20230511",
        "outstanding": 16370.93
    },
    {
        "calculationDate": "20221209",
        "outstanding": 13673.89
    },
    {
        "calculationDate": "20220807",
        "outstanding": 11180.0
    },
    {
        "calculationDate": "20220811",
        "outstanding": 13085.0
    },
    {
        "calculationDate": "20220728",
        "outstanding": 2561.0
    },
    {
        "calculationDate": "20220801",
        "outstanding": 5131.0
    },
    {
        "calculationDate": "20230605",
        "outstanding": 19810.71
    },
    {
        "calculationDate": "20220709",
        "outstanding": 0.0
    },
    {
        "calculationDate": "20230503",
        "outstanding": 17692.93
    },
    {
        "calculationDate": "20230306",
        "outstanding": 10311.0
    },
    {
        "calculationDate": "20230321",
        "outstanding": 0.0
    }
]