[
    {
        "calculationDate": "20181203",
        "outstanding": 0.0
    },
    {
        "calculationDate": "20190512",
        "outstanding": 9.0
    },
    {
        "calculationDate": "20190718",
        "outstanding": 0.0
    },
    {
        "calculationDate": "20191103",
        "outstanding": 1255.0
    },
    {
        "calculationDate": "20200301",
        "outstanding": 39.0
    },
    {
        "calculationDate": "20170203",
        "outstanding": 0.0
    },
    {
        "calculationDate": "20190530",
        "outstanding": 1061.0
    },
    {
        "calculationDate": "20181022",
        "outstanding": 0.0
    },
    {
        "calculationDate": "20180731",
        "outstanding": 0.0
    },
    {
        "calculationDate": "20180303",
        "outstanding": 0.0
    },
    {
        "calculationDate": "20191106",
        "outstanding": 3426.0
    },
    {
        "calculationDate": "20190214",
        "outstanding": 3.0
    },
    {
        "calculationDate": "20190408",
        "outstanding": 1.0
    },
    {
        "calculationDate": "20190122",
        "outstanding": 0.0
    },
    {
        "calculationDate": "20190831",
        "outstanding": 1.0
    },
    {
        "calculationDate": "20180819",
        "outstanding": 0.0
    },
    {
        "calculationDate": "20190716",
        "outstanding": 447.0
    },
    {
        "calculationDate": "20190706",
        "outstanding": 1221.0
    },
    {
        "calculationDate": "20191107",
        "outstanding": 3955.0
    },
    {
        "calculationDate": "20180309",
        "outstanding": 4352.0
    },
    {
        "calculationDate": "20190106",
        "outstanding": 3695.0
    },
    {
        "calculationDate": "20181127",
        "outstanding": 266.0
    },
    {
        "calculationDate": "20190121",
        "outstanding": 0.0
    },
    {
        "calculationDate": "20180331",
        "outstanding": 11.0
    },
    {
        "calculationDate": "20190531",
        "outstanding": 14.0
    },
    {
        "calculationDate": "20190419",
        "outstanding": 1728.0
    },
    {
        "calculationDate": "20190822",
        "outstanding": 0.0
    },
    {
        "calculationDate": "20190820",
        "outstanding": 742.0
    },
    {
        "calculationDate": "20190705",
        "outstanding": 776.0
    },
    {
        "calculationDate": "20200214",
        "outstanding": 39.0
    },
    {
        "calculationDate": "20190131",
        "outstanding": 3.0
    },
    {
        "calculationDate": "20190920",
        "outstanding": 0.0
    },
    {
        "calculationDate": "20180103",
        "outstanding": 0.0
    },
    {
        "calculationDate": "20191105",
        "outstanding": 2964.0
    },
    {
        "calculationDate": "20190807",
        "outstanding": 6.0
    },
    {
        "calculationDate": "20180420",
        "outstanding": 0.0
    },
    {
        "calculationDate": "20171203",
        "outstanding": 0.0
    },
    {
        "calculationDate": "20190509",
        "outstanding": 4393.0
    },
    {
        "calculationDate": "20180503",
        "outstanding": 0.0
    },
    {
        "calculationDate": "20191101",
        "outstanding": 217.0
    },
    {
        "calculationDate": "20190510",
        "outstanding": 4677.0
    },
    {
        "calculationDate": "20190508",
        "outstanding": 3512.0
    },
    {
        "calculationDate": "20180603",
        "outstanding": 0.0
    },
    {
        "calculationDate": "20180930",
        "outstanding": 1.0
    },
    {
        "calculationDate": "20170803",
        "outstanding": 0.0
    },
    {
        "calculationDate": "20180310",
        "outstanding": 0.0
    },
    {
        "calculationDate": "20180703",
        "outstanding": 0.0
    },
    {
        "calculationDate": "20181216",
        "outstanding": 0.0
    },
    {
        "calculationDate": "20191108",
        "outstanding": 0.0
    },
    {
        "calculationDate": "20170503",
        "outstanding": 0.0
    },
    {
        "calculationDate": "20200229",
        "outstanding": 39.0
    },
    {
        "calculationDate": "20171103",
        "outstanding": 0.0
    },
    {
        "calculationDate": "20181130",
        "outstanding": 1230.0
    },
    {
        "calculationDate": "20190620",
        "outstanding": 0.0
    },
    {
        "calculationDate": "20180308",
        "outstanding": 4123.0
    },
    {
        "calculationDate": "20171003",
        "outstanding": 0.0
    },
    {
        "calculationDate": "20170903",
        "outstanding": 0.0
    },
    {
        "calculationDate": "20190717",
        "outstanding": 576.0
    },
    {
        "calculationDate": "20190731",
        "outstanding": 6.0
    },
    {
        "calculationDate": "20200120",
        "outstanding": 0.0
    },
    {
        "calculationDate": "20191004",
        "outstanding": 0.0
    },
    {
        "calculationDate": "20180203",
        "outstanding": 0.0
    },
    {
        "calculationDate": "20170603",
        "outstanding": 0.0
    },
    {
        "calculationDate": "20190708",
        "outstanding": 3114.0
    },
    {
        "calculationDate": "20190421",
        "outstanding": 1.0
    },
    {
        "calculationDate": "20190430",
        "outstanding": 9.0
    },
    {
        "calculationDate": "20191220",
        "outstanding": 0.0
    },
    {
        "calculationDate": "20170303",
        "outstanding": 0.0
    },
    {
        "calculationDate": "20180928",
        "outstanding": 1273.0
    },
    {
        "calculationDate": "20190406",
        "outstanding": 3692.0
    },
    {
        "calculationDate": "20191104",
        "outstanding": 2791.0
    },
    {
        "calculationDate": "20181231",
        "outstanding": 6.0
    },
    {
        "calculationDate": "20190220",
        "outstanding": 0.0
    },
    {
        "calculationDate": "20190304",
        "outstanding": 5.0
    },
    {
        "calculationDate": "20180307",
        "outstanding": 3093.0
    },
    {
        "calculationDate": "20190422",
        "outstanding": 0.0
    },
    {
        "calculationDate": "20190320",
        "outstanding": 0.0
    },
    {
        "calculationDate": "20181122",
        "outstanding": 0.0
    },
    {
        "calculationDate": "20190420",
        "outstanding": 2362.0
    },
    {
        "calculationDate": "20190302",
        "outstanding": 805.0
    },
    {
        "calculationDate": "20190709",
        "outstanding": 0.0
    },
    {
        "calculationDate": "20170403",
        "outstanding": 0.0
    },
    {
        "calculationDate": "20190927",
        "outstanding": 0.0
    },
    {
        "calculationDate": "20190520",
        "outstanding": 0.0
    },
    {
        "calculationDate": "20170703",
        "outstanding": 0.0
    },
    {
        "calculationDate": "20180919",
        "outstanding": 0.0
    },
    {
        "calculationDate": "20180306",
        "outstanding": 2874.0
    },
    {
        "calculationDate": "20190806",
        "outstanding": 84.0
    },
    {
        "calculationDate": "20200311",
        "outstanding": 0.0
    },
    {
        "calculationDate": "20190107",
        "outstanding": 6.0
    },
    {
        "calculationDate": "20191130",
        "outstanding": 12.0
    },
    {
        "calculationDate": "20190213",
        "outstanding": 6093.0
    },
    {
        "calculationDate": "20190331",
        "outstanding": 1.0
    },
    {
        "calculationDate": "20191102",
        "outstanding": 1096.0
    },
    {
        "calculationDate": "20180929",
        "outstanding": 0.0
    },
    {
        "calculationDate": "20190228",
        "outstanding": 5.0
    },
    {
        "calculationDate": "20200312",
        "outstanding": 0.0
    },
    {
        "calculationDate": "20181128",
        "outstanding": 366.0
    },
    {
        "calculationDate": "20190821",
        "outstanding": 880.0
    },
    {
        "calculationDate": "20181201",
        "outstanding": 3387.0
    },
    {
        "calculationDate": "20181202",
        "outstanding": 3639.0
    }
]