[
    {
        "calculationDate": "20221120",
        "outstanding": 11229.41
    },
    {
        "calculationDate": "20201030",
        "outstanding": 16660.0
    },
    {
        "calculationDate": "20200218",
        "outstanding": 24022.0
    },
    {
        "calculationDate": "20181002",
        "outstanding": 16692.0
    },
    {
        "calculationDate": "20211015",
        "outstanding": 18448.0
    },
    {
        "calculationDate": "20200207",
        "outstanding": 65023.0
    },
    {
        "calculationDate": "20220830",
        "outstanding": 29856.0
    },
    {
        "calculationDate": "20220303",
        "outstanding": 19519.0
    },
    {
        "calculationDate": "20230523",
        "outstanding": 107519.79
    },
    {
        "calculationDate": "20190604",
        "outstanding": 16770.0
    },
    {
        "calculationDate": "20211005",
        "outstanding": 23336.0
    },
    {
        "calculationDate": "20181130",
        "outstanding": 28821.0
    },
    {
        "calculationDate": "20210113",
        "outstanding": 7979.0
    },
    {
        "calculationDate": "20210216",
        "outstanding": 6393.0
    },
    {
        "calculationDate": "20180921",
        "outstanding": 14036.0
    },
    {
        "calculationDate": "20180305",
        "outstanding": 9122.0
    },
    {
        "calculationDate": "20230218",
        "outstanding": 19549.95
    },
    {
        "calculationDate": "20171019",
        "outstanding": 0.0
    },
    {
        "calculationDate": "20201117",
        "outstanding": 36908.0
    },
    {
        "calculationDate": "20220428",
        "outstanding": 42990.0
    },
    {
        "calculationDate": "20210528",
        "outstanding": 37372.0
    },
    {
        "calculationDate": "20171207",
        "outstanding": 388.0
    },
    {
        "calculationDate": "20181228",
        "outstanding": 567.0
    },
    {
        "calculationDate": "20210312",
        "outstanding": 18834.0
    },
    {
        "calculationDate": "20210309",
        "outstanding": 18529.0
    },
    {
        "calculationDate": "20210910",
        "outstanding": 81061.0
    },
    {
        "calculationDate": "20230321",
        "outstanding": 46939.66
    },
    {
        "calculationDate": "20190216",
        "outstanding": 16350.0
    },
    {
        "calculationDate": "20200310",
        "outstanding": 11734.0
    },
    {
        "calculationDate": "20181204",
        "outstanding": 33167.0
    },
    {
        "calculationDate": "20210827",
        "outstanding": 78625.0
    },
    {
        "calculationDate": "20230112",
        "outstanding": 8291.36
    },
    {
        "calculationDate": "20180205",
        "outstanding": 2746.0
    },
    {
        "calculationDate": "20180503",
        "outstanding": 0.0
    },
    {
        "calculationDate": "20180604",
        "outstanding": 1622.0
    },
    {
        "calculationDate": "20180514",
        "outstanding": 0.0
    },
    {
        "calculationDate": "20220707",
        "outstanding": 0.0
    },
    {
        "calculationDate": "20170907",
        "outstanding": 0.0
    },
    {
        "calculationDate": "20181030",
        "outstanding": 4000.0
    },
    {
        "calculationDate": "20220804",
        "outstanding": 14914.0
    },
    {
        "calculationDate": "20200710",
        "outstanding": 7512.0
    },
    {
        "calculationDate": "20210427",
        "outstanding": 9029.0
    },
    {
        "calculationDate": "20191203",
        "outstanding": 407.0
    },
    {
        "calculationDate": "20230211",
        "outstanding": 10831.42
    },
    {
        "calculationDate": "20200922",
        "outstanding": 22923.0
    },
    {
        "calculationDate": "20200115",
        "outstanding": 27764.0
    },
    {
        "calculationDate": "20171109",
        "outstanding": 1836.0
    },
    {
        "calculationDate": "20181113",
        "outstanding": 3418.0
    },
    {
        "calculationDate": "20180524",
        "outstanding": 2506.0
    },
    {
        "calculationDate": "20171214",
        "outstanding": 12268.0
    },
    {
        "calculationDate": "20210601",
        "outstanding": 43231.0
    },
    {
        "calculationDate": "20230530",
        "outstanding": 106737.48
    },
    {
        "calculationDate": "20180319",
        "outstanding": 16841.0
    },
    {
        "calculationDate": "20230202",
        "outstanding": 32037.4
    },
    {
        "calculationDate": "20190910",
        "outstanding": 31552.0
    },
    {
        "calculationDate": "20170918",
        "outstanding": 28799.0
    },
    {
        "calculationDate": "20230314",
        "outstanding": 17597.09
    },
    {
        "calculationDate": "20220906",
        "outstanding": 27046.0
    },
    {
        "calculationDate": "20220331",
        "outstanding": 67921.0
    },
    {
        "calculationDate": "20220308",
        "outstanding": 21167.0
    },
    {
        "calculationDate": "20181116",
        "outstanding": 8269.0
    },
    {
        "calculationDate": "20200609",
        "outstanding": 10855.0
    },
    {
        "calculationDate": "20220426",
        "outstanding": 42610.0
    },
    {
        "calculationDate": "20171229",
        "outstanding": 6913.0
    },
    {
        "calculationDate": "20191224",
        "outstanding": 11671.0
    },
    {
        "calculationDate": "20180607",
        "outstanding": 1839.0
    },
    {
        "calculationDate": "20200103",
        "outstanding": 726.0
    },
    {
        "calculationDate": "20190402",
        "outstanding": 527.0
    },
    {
        "calculationDate": "20230119",
        "outstanding": 46172.31
    },
    {
        "calculationDate": "20230518",
        "outstanding": 101338.55
    },
    {
        "calculationDate": "20221225",
        "outstanding": 42432.64
    },
    {
        "calculationDate": "20190208",
        "outstanding": 0.0
    },
    {
        "calculationDate": "20211109",
        "outstanding": 47804.0
    },
    {
        "calculationDate": "20230207",
        "outstanding": 34684.21
    },
    {
        "calculationDate": "20190709",
        "outstanding": 15803.0
    },
    {
        "calculationDate": "20221129",
        "outstanding": 17609.3
    },
    {
        "calculationDate": "20220825",
        "outstanding": 11862.0
    },
    {
        "calculationDate": "20220820",
        "outstanding": 0.0
    },
    {
        "calculationDate": "20190903",
        "outstanding": 23163.0
    },
    {
        "calculationDate": "20190823",
        "outstanding": 19500.0
    },
    {
        "calculationDate": "20190924",
        "outstanding": 0.0
    },
    {
        "calculationDate": "20171221",
        "outstanding": 0.0
    },
    {
        "calculationDate": "20220301",
        "outstanding": 18280.0
    },
    {
        "calculationDate": "20190927",
        "outstanding": 395.0
    },
    {
        "calculationDate": "20210903",
        "outstanding": 73962.0
    },
    {
        "calculationDate": "20200331",
        "outstanding": 0.0
    },
    {
        "calculationDate": "20191122",
        "outstanding": 7532.0
    },
    {
        "calculationDate": "20220517",
        "outstanding": 15229.0
    },
    {
        "calculationDate": "20200526",
        "outstanding": 11658.0
    },
    {
        "calculationDate": "20180531",
        "outstanding": 241.0
    },
    {
        "calculationDate": "20200904",
        "outstanding": 13805.0
    },
    {
        "calculationDate": "20180209",
        "outstanding": 4802.0
    },
    {
        "calculationDate": "20200403",
        "outstanding": 0.0
    },
    {
        "calculationDate": "20180118",
        "outstanding": 16974.0
    },
    {
        "calculationDate": "20230214",
        "outstanding": 12275.15
    },
    {
        "calculationDate": "20190716",
        "outstanding": 28464.0
    },
    {
        "calculationDate": "20211022",
        "outstanding": 20746.0
    },
    {
        "calculationDate": "20201103",
        "outstanding": 14148.0
    },
    {
        "calculationDate": "20210416",
        "outstanding": 6647.0
    },
    {
        "calculationDate": "20201009",
        "outstanding": 9271.0
    },
    {
        "calculationDate": "20220312",
        "outstanding": 18474.0
    },
    {
        "calculationDate": "20210924",
        "outstanding": 30424.0
    },
    {
        "calculationDate": "20211126",
        "outstanding": 39177.0
    },
    {
        "calculationDate": "20221220",
        "outstanding": 17816.49
    },
    {
        "calculationDate": "20200623",
        "outstanding": 22322.0
    },
    {
        "calculationDate": "20201218",
        "outstanding": 15065.0
    },
    {
        "calculationDate": "20220129",
        "outstanding": 24817.0
    },
    {
        "calculationDate": "20220723",
        "outstanding": 4060.0
    },
    {
        "calculationDate": "20220719",
        "outstanding": 3415.0
    },
    {
        "calculationDate": "20230316",
        "outstanding": 18903.35
    },
    {
        "calculationDate": "20210406",
        "outstanding": 14728.0
    },
    {
        "calculationDate": "20220204",
        "outstanding": 28207.0
    },
    {
        "calculationDate": "20230423",
        "outstanding": 98089.12
    },
    {
        "calculationDate": "20181102",
        "outstanding": 4499.0
    },
    {
        "calculationDate": "20191008",
        "outstanding": 6080.0
    },
    {
        "calculationDate": "20180709",
        "outstanding": 0.0
    },
    {
        "calculationDate": "20190906",
        "outstanding": 30407.0
    },
    {
        "calculationDate": "20180828",
        "outstanding": 23776.0
    },
    {
        "calculationDate": "20210330",
        "outstanding": 9852.0
    },
    {
        "calculationDate": "20190108",
        "outstanding": 26847.0
    },
    {
        "calculationDate": "20221203",
        "outstanding": 21499.01
    },
    {
        "calculationDate": "20221201",
        "outstanding": 18970.9
    },
    {
        "calculationDate": "20220122",
        "outstanding": 23454.0
    },
    {
        "calculationDate": "20181005",
        "outstanding": 0.0
    },
    {
        "calculationDate": "20201127",
        "outstanding": 37374.0
    },
    {
        "calculationDate": "20201201",
        "outstanding": 38515.0
    },
    {
        "calculationDate": "20190222",
        "outstanding": 13739.0
    },
    {
        "calculationDate": "20230420",
        "outstanding": 94849.86
    },
    {
        "calculationDate": "20220806",
        "outstanding": 15455.0
    },
    {
        "calculationDate": "20200703",
        "outstanding": 8388.0
    },
    {
        "calculationDate": "20180409",
        "outstanding": 0.0
    },
    {
        "calculationDate": "20181012",
        "outstanding": 1009.0
    },
    {
        "calculationDate": "20230606",
        "outstanding": 110900.47
    },
    {
        "calculationDate": "20210413",
        "outstanding": 1445.0
    },
    {
        "calculationDate": "20191213",
        "outstanding": 24097.0
    },
    {
        "calculationDate": "20230406",
        "outstanding": 90633.14
    },
    {
        "calculationDate": "20220412",
        "outstanding": 65291.0
    },
    {
        "calculationDate": "20191220",
        "outstanding": 36773.0
    },
    {
        "calculationDate": "20200626",
        "outstanding": 22766.0
    },
    {
        "calculationDate": "20201006",
        "outstanding": 7955.0
    },
    {
        "calculationDate": "20221018",
        "outstanding": 27292.0
    },
    {
        "calculationDate": "20180724",
        "outstanding": 0.0
    },
    {
        "calculationDate": "20180928",
        "outstanding": 14335.0
    },
    {
        "calculationDate": "20211223",
        "outstanding": 32063.0
    },
    {
        "calculationDate": "20190409",
        "outstanding": 225.0
    },
    {
        "calculationDate": "20200630",
        "outstanding": 19992.0
    },
    {
        "calculationDate": "20211218",
        "outstanding": 28495.0
    },
    {
        "calculationDate": "20200721",
        "outstanding": 15039.0
    },
    {
        "calculationDate": "20181211",
        "outstanding": 250.0
    },
    {
        "calculationDate": "20191015",
        "outstanding": 10192.0
    },
    {
        "calculationDate": "20210723",
        "outstanding": 169.0
    },
    {
        "calculationDate": "20210402",
        "outstanding": 13682.0
    },
    {
        "calculationDate": "20190205",
        "outstanding": 12469.0
    },
    {
        "calculationDate": "20191218",
        "outstanding": 33193.0
    },
    {
        "calculationDate": "20221013",
        "outstanding": 22143.0
    },
    {
        "calculationDate": "20201016",
        "outstanding": 6731.0
    },
    {
        "calculationDate": "20221115",
        "outstanding": 8865.81
    },
    {
        "outstanding": 27205.0
    },
    {
        "calculationDate": "20190319",
        "outstanding": 29788.0
    },
    {
        "calculationDate": "20200327",
        "outstanding": 0.0
    },
    {
        "calculationDate": "20180705",
        "outstanding": 884.0
    },
    {
        "calculationDate": "20190809",
        "outstanding": 19225.0
    },
    {
        "calculationDate": "20220215",
        "outstanding": 15913.0
    },
    {
        "calculationDate": "20210806",
        "outstanding": 4311.0
    },
    {
        "calculationDate": "20190621",
        "outstanding": 25942.0
    },
    {
        "calculationDate": "20200407",
        "outstanding": 0.0
    },
    {
        "calculationDate": "20200925",
        "outstanding": 23471.0
    },
    {
        "calculationDate": "20220118",
        "outstanding": 23221.0
    },
    {
        "calculationDate": "20230117",
        "outstanding": 10954.34
    },
    {
        "calculationDate": "20190405",
        "outstanding": 0.0
    },
    {
        "calculationDate": "20211214",
        "outstanding": 47551.0
    },
    {
        "calculationDate": "20210514",
        "outstanding": 28725.0
    },
    {
        "calculationDate": "20220503",
        "outstanding": 18027.0
    },
    {
        "calculationDate": "20230516",
        "outstanding": 67457.45
    },
    {
        "calculationDate": "20210305",
        "outstanding": 16766.0
    },
    {
        "calculationDate": "20220203",
        "outstanding": 28207.0
    },
    {
        "calculationDate": "20180105",
        "outstanding": 24081.0
    },
    {
        "calculationDate": "20230205",
        "outstanding": 33401.62
    },
    {
        "calculationDate": "20210507",
        "outstanding": 28384.0
    },
    {
        "calculationDate": "20180212",
        "outstanding": 5101.0
    },
    {
        "calculationDate": "20190806",
        "outstanding": 18478.0
    },
    {
        "calculationDate": "20180716",
        "outstanding": 2942.0
    },
    {
        "calculationDate": "20220219",
        "outstanding": 19704.0
    },
    {
        "calculationDate": "20191011",
        "outstanding": 9579.0
    },
    {
        "calculationDate": "20230302",
        "outstanding": 47474.38
    },
    {
        "calculationDate": "20210122",
        "outstanding": 46425.0
    },
    {
        "calculationDate": "20180925",
        "outstanding": 14135.0
    },
    {
        "calculationDate": "20220222",
        "outstanding": 25905.0
    },
    {
        "calculationDate": "20210730",
        "outstanding": 467.0
    },
    {
        "calculationDate": "20220319",
        "outstanding": 69687.0
    },
    {
        "calculationDate": "20191029",
        "outstanding": 14241.0
    },
    {
        "calculationDate": "20190426",
        "outstanding": 10155.0
    },
    {
        "calculationDate": "20230525",
        "outstanding": 111038.13
    },
    {
        "calculationDate": "20210224",
        "outstanding": 12013.0
    },
    {
        "calculationDate": "20210430",
        "outstanding": 23575.0
    },
    {
        "calculationDate": "20190430",
        "outstanding": 10330.0
    },
    {
        "calculationDate": "20221222",
        "outstanding": 36551.73
    },
    {
        "calculationDate": "20220305",
        "outstanding": 21081.0
    },
    {
        "calculationDate": "20220607",
        "outstanding": 7355.0
    },
    {
        "calculationDate": "20230521",
        "outstanding": 98981.08
    },
    {
        "calculationDate": "20230601",
        "outstanding": 107457.28
    },
    {
        "calculationDate": "20200717",
        "outstanding": 30329.0
    },
    {
        "calculationDate": "20210921",
        "outstanding": 29086.0
    },
    {
        "calculationDate": "20190104",
        "outstanding": 24423.0
    },
    {
        "calculationDate": "20191210",
        "outstanding": 5958.0
    },
    {
        "calculationDate": "20201013",
        "outstanding": 5901.0
    },
    {
        "calculationDate": "20220315",
        "outstanding": 22285.0
    },
    {
        "calculationDate": "20210420",
        "outstanding": 10669.0
    },
    {
        "calculationDate": "20220421",
        "outstanding": 28468.0
    },
    {
        "calculationDate": "20191129",
        "outstanding": 17268.0
    },
    {
        "calculationDate": "20230226",
        "outstanding": 53782.32
    },
    {
        "calculationDate": "20210813",
        "outstanding": 5091.0
    },
    {
        "calculationDate": "20200225",
        "outstanding": 25426.0
    },
    {
        "calculationDate": "20221110",
        "outstanding": 2955.46
    },
    {
        "calculationDate": "20180702",
        "outstanding": 466.0
    },
    {
        "calculationDate": "20220524",
        "outstanding": 16815.0
    },
    {
        "calculationDate": "20220827",
        "outstanding": 11862.0
    },
    {
        "calculationDate": "20180219",
        "outstanding": 0.0
    },
    {
        "calculationDate": "20210219",
        "outstanding": 8859.0
    },
    {
        "calculationDate": "20180426",
        "outstanding": 1794.0
    },
    {
        "calculationDate": "20170831",
        "outstanding": 769.0
    },
    {
        "calculationDate": "20210423",
        "outstanding": 16504.0
    },
    {
        "calculationDate": "20211029",
        "outstanding": 43173.0
    },
    {
        "calculationDate": "20190705",
        "outstanding": 12705.0
    },
    {
        "calculationDate": "20180101",
        "outstanding": 16319.0
    },
    {
        "calculationDate": "20210625",
        "outstanding": 21559.0
    },
    {
        "calculationDate": "20210702",
        "outstanding": 15310.0
    },
    {
        "calculationDate": "20181019",
        "outstanding": 4410.0
    },
    {
        "calculationDate": "20190827",
        "outstanding": 29690.0
    },
    {
        "calculationDate": "20230126",
        "outstanding": 26182.55
    },
    {
        "calculationDate": "20221229",
        "outstanding": 11887.64
    },
    {
        "calculationDate": "20230330",
        "outstanding": 74269.1
    },
    {
        "calculationDate": "20220507",
        "outstanding": 18187.0
    },
    {
        "calculationDate": "20180406",
        "outstanding": 1729.0
    },
    {
        "calculationDate": "20220614",
        "outstanding": 7017.0
    },
    {
        "calculationDate": "20200320",
        "outstanding": 0.0
    },
    {
        "calculationDate": "20210608",
        "outstanding": 40559.0
    },
    {
        "calculationDate": "20190111",
        "outstanding": 25847.0
    },
    {
        "calculationDate": "20200918",
        "outstanding": 19276.0
    },
    {
        "calculationDate": "20190226",
        "outstanding": 16089.0
    },
    {
        "calculationDate": "20220702",
        "outstanding": 10650.0
    },
    {
        "calculationDate": "20200825",
        "outstanding": 35704.0
    },
    {
        "calculationDate": "20220618",
        "outstanding": 7700.0
    },
    {
        "calculationDate": "20230323",
        "outstanding": 66922.56
    },
    {
        "calculationDate": "20171023",
        "outstanding": 0.0
    },
    {
        "calculationDate": "20220913",
        "outstanding": 29263.0
    },
    {
        "calculationDate": "20190723",
        "outstanding": 17428.0
    },
    {
        "calculationDate": "20180302",
        "outstanding": 7577.0
    },
    {
        "calculationDate": "20211230",
        "outstanding": 20204.0
    },
    {
        "calculationDate": "20180416",
        "outstanding": 3167.0
    },
    {
        "calculationDate": "20220705",
        "outstanding": 0.0
    },
    {
        "calculationDate": "20220113",
        "outstanding": 21266.0
    },
    {
        "calculationDate": "20210525",
        "outstanding": 49461.0
    },
    {
        "calculationDate": "20210319",
        "outstanding": 3493.0
    },
    {
        "calculationDate": "20220405",
        "outstanding": 60726.0
    },
    {
        "calculationDate": "20230114",
        "outstanding": 10388.15
    },
    {
        "calculationDate": "20220212",
        "outstanding": 26354.0
    },
    {
        "calculationDate": "20190625",
        "outstanding": 26964.0
    },
    {
        "calculationDate": "20210316",
        "outstanding": 20072.0
    },
    {
        "calculationDate": "20180911",
        "outstanding": 14670.0
    },
    {
        "calculationDate": "20230312",
        "outstanding": 36496.89
    },
    {
        "calculationDate": "20230514",
        "outstanding": 63992.43
    },
    {
        "calculationDate": "20220602",
        "outstanding": 0.0
    },
    {
        "calculationDate": "20220423",
        "outstanding": 30212.0
    },
    {
        "calculationDate": "20200814",
        "outstanding": 24418.0
    },
    {
        "calculationDate": "20171127",
        "outstanding": 0.0
    },
    {
        "calculationDate": "20230611",
        "outstanding": 84301.93
    },
    {
        "calculationDate": "20191105",
        "outstanding": 22434.0
    },
    {
        "calculationDate": "20191022",
        "outstanding": 10967.0
    },
    {
        "calculationDate": "20220402",
        "outstanding": 45284.0
    },
    {
        "calculationDate": "20190920",
        "outstanding": 32862.0
    },
    {
        "calculationDate": "20220322",
        "outstanding": 72180.0
    },
    {
        "calculationDate": "20221206",
        "outstanding": 21874.87
    },
    {
        "calculationDate": "20220712",
        "outstanding": 2518.0
    },
    {
        "calculationDate": "20211228",
        "outstanding": 19879.0
    },
    {
        "calculationDate": "20180215",
        "outstanding": 13285.0
    },
    {
        "calculationDate": "20210727",
        "outstanding": 0.0
    },
    {
        "calculationDate": "20210511",
        "outstanding": 28675.0
    },
    {
        "calculationDate": "20230427",
        "outstanding": 84519.74
    },
    {
        "calculationDate": "20220419",
        "outstanding": 26418.0
    },
    {
        "calculationDate": "20171225",
        "outstanding": 3003.0
    },
    {
        "calculationDate": "20220205",
        "outstanding": 28461.0
    },
    {
        "calculationDate": "20220823",
        "outstanding": 11862.0
    },
    {
        "calculationDate": "20220811",
        "outstanding": 17133.0
    },
    {
        "calculationDate": "20170904",
        "outstanding": 4905.0
    },
    {
        "calculationDate": "20180108",
        "outstanding": 14441.0
    },
    {
        "calculationDate": "20181221",
        "outstanding": 0.0
    },
    {
        "calculationDate": "20181016",
        "outstanding": 3145.0
    },
    {
        "calculationDate": "20180517",
        "outstanding": 180.0
    },
    {
        "calculationDate": "20200908",
        "outstanding": 8055.0
    },
    {
        "calculationDate": "20190308",
        "outstanding": 23688.0
    },
    {
        "calculationDate": "20220526",
        "outstanding": 17505.0
    },
    {
        "calculationDate": "20230613",
        "outstanding": 86660.27
    },
    {
        "calculationDate": "20211225",
        "outstanding": 37436.0
    },
    {
        "calculationDate": "20221001",
        "outstanding": 32077.0
    },
    {
        "calculationDate": "20190618",
        "outstanding": 25719.0
    },
    {
        "calculationDate": "20180528",
        "outstanding": 8528.0
    },
    {
        "calculationDate": "20220531",
        "outstanding": 27373.0
    },
    {
        "calculationDate": "20190614",
        "outstanding": 24679.0
    },
    {
        "calculationDate": "20180412",
        "outstanding": 0.0
    },
    {
        "calculationDate": "20171204",
        "outstanding": 0.0
    },
    {
        "calculationDate": "20220929",
        "outstanding": 2647.0
    },
    {
        "calculationDate": "20220816",
        "outstanding": 0.0
    },
    {
        "calculationDate": "20230418",
        "outstanding": 89981.23
    },
    {
        "calculationDate": "20170928",
        "outstanding": 41129.0
    },
    {
        "calculationDate": "20221227",
        "outstanding": 42782.64
    },
    {
        "calculationDate": "20211019",
        "outstanding": 21842.0
    },
    {
        "calculationDate": "20220709",
        "outstanding": 1999.0
    },
    {
        "calculationDate": "20220329",
        "outstanding": 67600.0
    },
    {
        "calculationDate": "20181024",
        "outstanding": 4665.0
    },
    {
        "calculationDate": "20191101",
        "outstanding": 17622.0
    },
    {
        "calculationDate": "20221006",
        "outstanding": 36375.0
    },
    {
        "calculationDate": "20220716",
        "outstanding": 683.0
    },
    {
        "calculationDate": "20210504",
        "outstanding": 27885.0
    },
    {
        "calculationDate": "20210622",
        "outstanding": 20552.0
    },
    {
        "calculationDate": "20220414",
        "outstanding": 35742.0
    },
    {
        "calculationDate": "20230129",
        "outstanding": 29774.31
    },
    {
        "calculationDate": "20190122",
        "outstanding": 17982.0
    },
    {
        "calculationDate": "20211116",
        "outstanding": 34622.0
    },
    {
        "calculationDate": "20230228",
        "outstanding": 51208.17
    },
    {
        "calculationDate": "20190419",
        "outstanding": 8571.0
    },
    {
        "calculationDate": "20230504",
        "outstanding": 81835.83
    },
    {
        "calculationDate": "20201222",
        "outstanding": 15552.0
    },
    {
        "calculationDate": "20220120",
        "outstanding": 23340.0
    },
    {
        "calculationDate": "20220317",
        "outstanding": 69355.0
    },
    {
        "calculationDate": "20220224",
        "outstanding": 24063.0
    },
    {
        "calculationDate": "20221105",
        "outstanding": 29004.26
    },
    {
        "calculationDate": "20200605",
        "outstanding": 9115.0
    },
    {
        "outstanding": 0.0
    },
    {
        "calculationDate": "20201113",
        "outstanding": 38008.0
    },
    {
        "calculationDate": "20220726",
        "outstanding": 12783.0
    },
    {
        "calculationDate": "20220625",
        "outstanding": 16397.0
    },
    {
        "calculationDate": "20211026",
        "outstanding": 44649.0
    },
    {
        "calculationDate": "20221108",
        "outstanding": 32002.56
    },
    {
        "calculationDate": "20230502",
        "outstanding": 78702.11
    },
    {
        "calculationDate": "20220326",
        "outstanding": 72330.0
    },
    {
        "calculationDate": "20190816",
        "outstanding": 15716.0
    },
    {
        "calculationDate": "20230222",
        "outstanding": 49525.19
    },
    {
        "calculationDate": "20180326",
        "outstanding": 0.0
    },
    {
        "calculationDate": "20200519",
        "outstanding": 10545.0
    },
    {
        "calculationDate": "20190313",
        "outstanding": 23913.0
    },
    {
        "calculationDate": "20230425",
        "outstanding": 83799.24
    },
    {
        "calculationDate": "20221117",
        "outstanding": 9590.63
    },
    {
        "calculationDate": "20220728",
        "outstanding": 10595.0
    },
    {
        "calculationDate": "20221215",
        "outstanding": 14748.5
    },
    {
        "calculationDate": "20210803",
        "outstanding": 2780.0
    },
    {
        "calculationDate": "20220922",
        "outstanding": 35803.0
    },
    {
        "calculationDate": "20210820",
        "outstanding": 5945.0
    },
    {
        "calculationDate": "20210709",
        "outstanding": 25116.0
    },
    {
        "calculationDate": "20190212",
        "outstanding": 15840.0
    },
    {
        "calculationDate": "20220809",
        "outstanding": 16549.0
    },
    {
        "calculationDate": "20200616",
        "outstanding": 11949.0
    },
    {
        "calculationDate": "20191231",
        "outstanding": 0.0
    },
    {
        "calculationDate": "20230124",
        "outstanding": 49462.19
    },
    {
        "calculationDate": "20190730",
        "outstanding": 19642.0
    },
    {
        "calculationDate": "20230110",
        "outstanding": 7851.36
    },
    {
        "calculationDate": "20200131",
        "outstanding": 84174.0
    },
    {
        "calculationDate": "20170914",
        "outstanding": 43123.0
    },
    {
        "calculationDate": "20220210",
        "outstanding": 32942.0
    },
    {
        "calculationDate": "20220407",
        "outstanding": 61219.0
    },
    {
        "calculationDate": "20190813",
        "outstanding": 10278.0
    },
    {
        "calculationDate": "20220514",
        "outstanding": 21471.0
    },
    {
        "calculationDate": "20220611",
        "outstanding": 8185.0
    },
    {
        "calculationDate": "20181218",
        "outstanding": 3569.0
    },
    {
        "calculationDate": "20180907",
        "outstanding": 17804.0
    },
    {
        "calculationDate": "20220519"
    },
    {
        "calculationDate": "20210206",
        "outstanding": 42810.0
    },
    {
        "calculationDate": "20190521",
        "outstanding": 11735.0
    },
    {
        "calculationDate": "20210209",
        "outstanding": 33265.0
    },
    {
        "calculationDate": "20220917",
        "outstanding": 30365.0
    },
    {
        "calculationDate": "20171211",
        "outstanding": 14976.0
    },
    {
        "calculationDate": "20220813",
        "outstanding": 17812.0
    },
    {
        "calculationDate": "20180814",
        "outstanding": 22430.0
    },
    {
        "calculationDate": "20190115",
        "outstanding": 17651.0
    },
    {
        "calculationDate": "20210202",
        "outstanding": 41970.0
    },
    {
        "calculationDate": "20210914",
        "outstanding": 23082.0
    },
    {
        "calculationDate": "20210212",
        "outstanding": 27680.0
    },
    {
        "calculationDate": "20191206",
        "outstanding": 4195.0
    },
    {
        "calculationDate": "20221211",
        "outstanding": 11011.3
    },
    {
        "calculationDate": "20211012",
        "outstanding": 30535.0
    },
    {
        "calculationDate": "20220226",
        "outstanding": 24155.0
    },
    {
        "calculationDate": "20200306",
        "outstanding": 8552.0
    },
    {
        "calculationDate": "20180419",
        "outstanding": 4919.0
    },
    {
        "calculationDate": "20230407",
        "outstanding": 92494.98
    },
    {
        "calculationDate": "20191018",
        "outstanding": 50.0
    },
    {
        "calculationDate": "20200417",
        "outstanding": 0.0
    },
    {
        "calculationDate": "20230430",
        "outstanding": 76513.61
    },
    {
        "calculationDate": "20201002",
        "outstanding": 12210.0
    },
    {
        "calculationDate": "20221031",
        "outstanding": 28031.36
    },
    {
        "calculationDate": "20190312",
        "outstanding": 23913.0
    },
    {
        "calculationDate": "20221113",
        "outstanding": 8030.81
    },
    {
        "calculationDate": "20230306",
        "outstanding": 56783.88
    },
    {
        "calculationDate": "20180803",
        "outstanding": 0.0
    },
    {
        "calculationDate": "20190423",
        "outstanding": 9430.0
    },
    {
        "calculationDate": "20211130",
        "outstanding": 36234.0
    },
    {
        "calculationDate": "20191227",
        "outstanding": 29756.0
    },
    {
        "calculationDate": "20210615",
        "outstanding": 29989.0
    },
    {
        "calculationDate": "20190118",
        "outstanding": 18119.0
    },
    {
        "calculationDate": "20220217",
        "outstanding": 19037.0
    },
    {
        "calculationDate": "20220604",
        "outstanding": 1905.0
    },
    {
        "calculationDate": "20200821",
        "outstanding": 26100.0
    },
    {
        "calculationDate": "20190129",
        "outstanding": 9267.0
    },
    {
        "calculationDate": "20220623",
        "outstanding": 11599.0
    },
    {
        "calculationDate": "20180720",
        "outstanding": 6585.0
    },
    {
        "calculationDate": "20200929",
        "outstanding": 10911.0
    },
    {
        "calculationDate": "20211124",
        "outstanding": 38425.0
    },
    {
        "calculationDate": "20180611",
        "outstanding": 0.0
    },
    {
        "calculationDate": "20180914",
        "outstanding": 15064.0
    },
    {
        "calculationDate": "20201229",
        "outstanding": 21292.0
    },
    {
        "calculationDate": "20180201",
        "outstanding": 2219.0
    },
    {
        "calculationDate": "20200110",
        "outstanding": 23066.0
    },
    {
        "calculationDate": "20210629",
        "outstanding": 23248.0
    },
    {
        "calculationDate": "20201023",
        "outstanding": 8653.0
    },
    {
        "calculationDate": "20220609",
        "outstanding": 7670.0
    },
    {
        "calculationDate": "20190322",
        "outstanding": 27968.0
    },
    {
        "calculationDate": "20200804",
        "outstanding": 23254.0
    },
    {
        "calculationDate": "20201020",
        "outstanding": 7670.0
    },
    {
        "calculationDate": "20201215",
        "outstanding": 19643.0
    },
    {
        "calculationDate": "20210518",
        "outstanding": 17586.0
    },
    {
        "calculationDate": "20181026",
        "outstanding": 0.0
    },
    {
        "calculationDate": "20200707",
        "outstanding": 7351.0
    },
    {
        "calculationDate": "20181106",
        "outstanding": 5284.0
    },
    {
        "calculationDate": "20180129",
        "outstanding": 0.0
    },
    {
        "calculationDate": "20190917",
        "outstanding": 36857.0
    },
    {
        "calculationDate": "20221208",
        "outstanding": 23297.75
    },
    {
        "calculationDate": "20220920",
        "outstanding": 34485.0
    },
    {
        "calculationDate": "20210119",
        "outstanding": 45194.0
    },
    {
        "calculationDate": "20220111",
        "outstanding": 26282.0
    },
    {
        "calculationDate": "20181207",
        "outstanding": 0.0
    },
    {
        "calculationDate": "20200728",
        "outstanding": 14804.0
    },
    {
        "calculationDate": "20200731",
        "outstanding": 31194.0
    },
    {
        "calculationDate": "20211001",
        "outstanding": 20025.0
    },
    {
        "calculationDate": "20200228",
        "outstanding": 25634.0
    },
    {
        "calculationDate": "20230103",
        "outstanding": 911.42
    },
    {
        "calculationDate": "20230511",
        "outstanding": 17440.68
    },
    {
        "calculationDate": "20230216",
        "outstanding": 15328.12
    },
    {
        "calculationDate": "20230108",
        "outstanding": 7326.36
    },
    {
        "calculationDate": "20230413",
        "outstanding": 76159.56
    },
    {
        "calculationDate": "20180821",
        "outstanding": 19595.0
    },
    {
        "calculationDate": "20230305",
        "outstanding": 56499.4
    },
    {
        "calculationDate": "20200317",
        "outstanding": 18262.0
    },
    {
        "calculationDate": "20210706",
        "outstanding": 25056.0
    },
    {
        "calculationDate": "20200107",
        "outstanding": 2985.0
    },
    {
        "calculationDate": "20210409",
        "outstanding": 15458.0
    },
    {
        "calculationDate": "20211210",
        "outstanding": 42231.0
    },
    {
        "calculationDate": "20211207",
        "outstanding": 41600.0
    },
    {
        "calculationDate": "20210618",
        "outstanding": 18262.0
    },
    {
        "calculationDate": "20200515",
        "outstanding": 9041.0
    },
    {
        "calculationDate": "20180817",
        "outstanding": 23004.0
    },
    {
        "calculationDate": "20220927",
        "outstanding": 0.0
    },
    {
        "calculationDate": "20230319",
        "outstanding": 20976.77
    },
    {
        "calculationDate": "20221216",
        "outstanding": 15512.4
    },
    {
        "calculationDate": "20220409",
        "outstanding": 61582.0
    },
    {
        "calculationDate": "20200303",
        "outstanding": 0.0
    },
    {
        "calculationDate": "20190125",
        "outstanding": 19653.0
    },
    {
        "calculationDate": "20200714",
        "outstanding": 2902.0
    },
    {
        "calculationDate": "20210810",
        "outstanding": 5948.0
    },
    {
        "calculationDate": "20180621",
        "outstanding": 13680.0
    },
    {
        "calculationDate": "20230416",
        "outstanding": 60625.27
    },
    {
        "calculationDate": "20230209",
        "outstanding": 43204.25
    },
    {
        "calculationDate": "20180402",
        "outstanding": 439.0
    },
    {
        "calculationDate": "20201225",
        "outstanding": 22261.0
    },
    {
        "calculationDate": "20191001",
        "outstanding": 752.0
    },
    {
        "calculationDate": "20220528",
        "outstanding": 18164.0
    },
    {
        "calculationDate": "20230105",
        "outstanding": 4022.14
    },
    {
        "calculationDate": "20200204",
        "outstanding": 60625.0
    },
    {
        "calculationDate": "20180727",
        "outstanding": 0.0
    },
    {
        "calculationDate": "20210115",
        "outstanding": 4916.0
    },
    {
        "calculationDate": "20200221",
        "outstanding": 24362.0
    },
    {
        "calculationDate": "20220208",
        "outstanding": 27819.0
    },
    {
        "calculationDate": "20190412",
        "outstanding": 450.0
    },
    {
        "calculationDate": "20210604",
        "outstanding": 44685.0
    },
    {
        "calculationDate": "20190719",
        "outstanding": 16910.0
    },
    {
        "calculationDate": "20201110",
        "outstanding": 14699.0
    },
    {
        "calculationDate": "20190726",
        "outstanding": 19204.0
    },
    {
        "calculationDate": "20220714",
        "outstanding": 0.0
    },
    {
        "calculationDate": "20171005",
        "outstanding": 47372.0
    },
    {
        "calculationDate": "20180122",
        "outstanding": 0.0
    },
    {
        "calculationDate": "20220510",
        "outstanding": 21206.0
    },
    {
        "calculationDate": "20201208",
        "outstanding": 19403.0
    },
    {
        "calculationDate": "20210713",
        "outstanding": 0.0
    },
    {
        "calculationDate": "20210126",
        "outstanding": 48189.0
    },
    {
        "calculationDate": "20230507",
        "outstanding": 71798.8
    },
    {
        "calculationDate": "20180831",
        "outstanding": 27017.0
    },
    {
        "calculationDate": "20190504",
        "outstanding": 10809.0
    },
    {
        "calculationDate": "20220104",
        "outstanding": 24877.0
    },
    {
        "calculationDate": "20211221",
        "outstanding": 29163.0
    },
    {
        "calculationDate": "20180315",
        "outstanding": 16586.0
    },
    {
        "calculationDate": "20191025",
        "outstanding": 13633.0
    },
    {
        "calculationDate": "20190913",
        "outstanding": 33971.0
    },
    {
        "calculationDate": "20180628",
        "outstanding": 0.0
    },
    {
        "calculationDate": "20230526",
        "outstanding": 104990.13
    },
    {
        "calculationDate": "20221122",
        "outstanding": 12065.24
    },
    {
        "calculationDate": "20220125",
        "outstanding": 23674.0
    },
    {
        "calculationDate": "20220924",
        "outstanding": 30225.0
    },
    {
        "calculationDate": "20191115",
        "outstanding": 42106.0
    },
    {
        "calculationDate": "20230411",
        "outstanding": 75399.58
    },
    {
        "calculationDate": "20221020",
        "outstanding": 28846.0
    },
    {
        "calculationDate": "20221022",
        "outstanding": 29358.0
    },
    {
        "calculationDate": "20171012",
        "outstanding": 0.0
    },
    {
        "calculationDate": "20191112",
        "outstanding": 40116.0
    },
    {
        "calculationDate": "20180904",
        "outstanding": 200.0
    },
    {
        "calculationDate": "20190607",
        "outstanding": 17445.0
    },
    {
        "calculationDate": "20200901",
        "outstanding": 14463.0
    },
    {
        "calculationDate": "20220101",
        "outstanding": 22877.0
    },
    {
        "calculationDate": "20200828",
        "outstanding": 14036.0
    },
    {
        "calculationDate": "20211119",
        "outstanding": 34912.0
    },
    {
        "calculationDate": "20221021",
        "outstanding": 28846.0
    },
    {
        "calculationDate": "20220621",
        "outstanding": 10829.0
    },
    {
        "calculationDate": "20201204",
        "outstanding": 19650.0
    },
    {
        "calculationDate": "20190830",
        "outstanding": 31755.0
    },
    {
        "calculationDate": "20221004",
        "outstanding": 32637.0
    },
    {
        "calculationDate": "20230603",
        "outstanding": 109795.33
    },
    {
        "calculationDate": "20200414",
        "outstanding": 1947.0
    },
    {
        "calculationDate": "20170921",
        "outstanding": 9856.0
    },
    {
        "calculationDate": "20190315",
        "outstanding": 24772.0
    },
    {
        "calculationDate": "20200818",
        "outstanding": 25697.0
    },
    {
        "calculationDate": "20210105",
        "outstanding": 7771.0
    },
    {
        "calculationDate": "20180312",
        "outstanding": 10243.0
    },
    {
        "calculationDate": "20180918",
        "outstanding": 13978.0
    },
    {
        "calculationDate": "20210521",
        "outstanding": 22122.0
    },
    {
        "calculationDate": "20171103",
        "outstanding": 59.0
    },
    {
        "calculationDate": "20210824",
        "outstanding": 0.0
    },
    {
        "calculationDate": "20211009",
        "outstanding": 25643.0
    },
    {
        "calculationDate": "20230328",
        "outstanding": 85160.46
    },
    {
        "calculationDate": "20230131",
        "outstanding": 31116.87
    },
    {
        "calculationDate": "20230608",
        "outstanding": 111573.63
    },
    {
        "calculationDate": "20190712",
        "outstanding": 27791.0
    },
    {
        "calculationDate": "20211102",
        "outstanding": 45659.0
    },
    {
        "calculationDate": "20201120",
        "outstanding": 37594.0
    },
    {
        "calculationDate": "20220616",
        "outstanding": 6241.0
    },
    {
        "calculationDate": "20200214",
        "outstanding": 34415.0
    },
    {
        "calculationDate": "20221124",
        "outstanding": 12780.24
    },
    {
        "calculationDate": "20200501",
        "outstanding": 6122.0
    },
    {
        "calculationDate": "20180618",
        "outstanding": 2987.0
    },
    {
        "calculationDate": "20190201",
        "outstanding": 11184.0
    },
    {
        "calculationDate": "20220901",
        "outstanding": 30889.0
    },
    {
        "calculationDate": "20230309",
        "outstanding": 58583.72
    },
    {
        "calculationDate": "20191126",
        "outstanding": 4304.0
    },
    {
        "calculationDate": "20220324",
        "outstanding": 72700.0
    },
    {
        "calculationDate": "20180228",
        "outstanding": 2146.0
    },
    {
        "calculationDate": "20200124",
        "outstanding": 87990.0
    },
    {
        "calculationDate": "20190820",
        "outstanding": 17810.0
    },
    {
        "calculationDate": "20210129",
        "outstanding": 41115.0
    },
    {
        "calculationDate": "20200128",
        "outstanding": 86446.0
    },
    {
        "calculationDate": "20221029",
        "outstanding": 47053.0
    },
    {
        "calculationDate": "20200324",
        "outstanding": 467.0
    },
    {
        "calculationDate": "20190524",
        "outstanding": 12517.0
    },
    {
        "outstanding": 13325.3
    },
    {
        "calculationDate": "20210302",
        "outstanding": 15330.0
    },
    {
        "calculationDate": "20230121",
        "outstanding": 48183.77
    },
    {
        "calculationDate": "20180322",
        "outstanding": 17167.0
    },
    {
        "calculationDate": "20180801",
        "outstanding": 0.0
    },
    {
        "calculationDate": "20200915",
        "outstanding": 8178.0
    },
    {
        "calculationDate": "20190702",
        "outstanding": 6757.0
    },
    {
        "calculationDate": "20190301",
        "outstanding": 22359.0
    },
    {
        "calculationDate": "20190611",
        "outstanding": 23804.0
    },
    {
        "calculationDate": "20211105",
        "outstanding": 46225.0
    },
    {
        "calculationDate": "20180521",
        "outstanding": 1076.0
    },
    {
        "calculationDate": "20190507",
        "outstanding": 12561.0
    },
    {
        "calculationDate": "20221008",
        "outstanding": 37526.0
    },
    {
        "calculationDate": "20181226",
        "outstanding": 6209.0
    },
    {
        "calculationDate": "20220721",
        "outstanding": 3790.0
    },
    {
        "calculationDate": "20190416",
        "outstanding": 0.0
    },
    {
        "calculationDate": "20171030",
        "outstanding": 0.0
    },
    {
        "calculationDate": "20181124",
        "outstanding": 27432.0
    },
    {
        "calculationDate": "20201027",
        "outstanding": 12794.0
    },
    {
        "calculationDate": "20210907",
        "outstanding": 68187.0
    },
    {
        "calculationDate": "20210831",
        "outstanding": 79350.0
    },
    {
        "calculationDate": "20220505",
        "outstanding": 18027.0
    },
    {
        "calculationDate": "20200505",
        "outstanding": 59.0
    },
    {
        "calculationDate": "20230220",
        "outstanding": 48957.19
    },
    {
        "calculationDate": "20170925",
        "outstanding": 11115.0
    },
    {
        "calculationDate": "20181216",
        "outstanding": 690.0
    },
    {
        "calculationDate": "20220416",
        "outstanding": 39086.0
    },
    {
        "calculationDate": "20210323",
        "outstanding": 4435.0
    },
    {
        "calculationDate": "20171106",
        "outstanding": 471.0
    },
    {
        "calculationDate": "20180423",
        "outstanding": 74.0
    },
    {
        "calculationDate": "20200522",
        "outstanding": 11370.0
    },
    {
        "calculationDate": "20211203",
        "outstanding": 38576.0
    },
    {
        "calculationDate": "20200313",
        "outstanding": 15156.0
    },
    {
        "calculationDate": "20200121",
        "outstanding": 79690.0
    },
    {
        "calculationDate": "20220910",
        "outstanding": 27936.0
    },
    {
        "calculationDate": "20211216",
        "outstanding": 48391.0
    },
    {
        "calculationDate": "20201124",
        "outstanding": 36171.0
    },
    {
        "calculationDate": "20171116",
        "outstanding": 2193.0
    },
    {
        "calculationDate": "20190802",
        "outstanding": 0.0
    },
    {
        "calculationDate": "20220802",
        "outstanding": 14404.0
    },
    {
        "calculationDate": "20200602",
        "outstanding": 0.0
    },
    {
        "calculationDate": "20221015",
        "outstanding": 27012.0
    },
    {
        "calculationDate": "20220730",
        "outstanding": 11935.0
    },
    {
        "calculationDate": "20180810",
        "outstanding": 3202.0
    },
    {
        "calculationDate": "20221011",
        "outstanding": 38241.0
    },
    {
        "calculationDate": "20191108",
        "outstanding": 39052.0
    },
    {
        "calculationDate": "20190305",
        "outstanding": 23253.0
    },
    {
        "calculationDate": "20230326",
        "outstanding": 84690.46
    },
    {
        "calculationDate": "20190329",
        "outstanding": 14501.0
    },
    {
        "calculationDate": "20181109",
        "outstanding": 3006.0
    },
    {
        "calculationDate": "20181127",
        "outstanding": 28161.0
    },
    {
        "calculationDate": "20211112",
        "outstanding": 48117.0
    },
    {
        "calculationDate": "20220521",
        "outstanding": 15934.0
    },
    {
        "calculationDate": "20230402",
        "outstanding": 74408.71
    },
    {
        "calculationDate": "20200211",
        "outstanding": 40542.0
    },
    {
        "calculationDate": "20230404",
        "outstanding": 87864.14
    },
    {
        "calculationDate": "20190219",
        "outstanding": 9625.0
    },
    {
        "calculationDate": "20190628",
        "outstanding": 30575.0
    },
    {
        "calculationDate": "20180712",
        "outstanding": 2137.0
    },
    {
        "calculationDate": "20200117",
        "outstanding": 78082.0
    },
    {
        "calculationDate": "20180614",
        "outstanding": 2339.0
    },
    {
        "calculationDate": "20200619",
        "outstanding": 18711.0
    }
]