[
    {
        "calculationDate": "20220316",
        "outstanding": 598.0
    },
    {
        "calculationDate": "20220519",
        "outstanding": 1660.0
    },
    {
        "calculationDate": "20221027",
        "outstanding": 3209.0
    },
    {
        "calculationDate": "20210725",
        "outstanding": 0.0
    },
    {
        "calculationDate": "20191023",
        "outstanding": 1874.0
    },
    {
        "calculationDate": "20220216",
        "outstanding": 1009.0
    },
    {
        "calculationDate": "20220716",
        "outstanding": 3583.0
    },
    {
        "calculationDate": "20200124",
        "outstanding": 0.0
    },
    {
        "calculationDate": "20191020",
        "outstanding": 1874.0
    },
    {
        "calculationDate": "20210414",
        "outstanding": 0.0
    },
    {
        "calculationDate": "20210313",
        "outstanding": 0.0
    },
    {
        "calculationDate": "20220531",
        "outstanding": 8520.0
    },
    {
        "calculationDate": "20210102",
        "outstanding": 8732.0
    },
    {
        "calculationDate": "20210909",
        "outstanding": 2217.0
    },
    {
        "calculationDate": "20190712",
        "outstanding": 1199.0
    },
    {
        "calculationDate": "20230501",
        "outstanding": 5000.0
    },
    {
        "calculationDate": "20220811",
        "outstanding": 3893.0
    },
    {
        "calculationDate": "20200806",
        "outstanding": 3722.0
    },
    {
        "calculationDate": "20220306",
        "outstanding": 1936.0
    },
    {
        "calculationDate": "20200410",
        "outstanding": 1852.0
    },
    {
        "calculationDate": "20201014",
        "outstanding": 2856.0
    },
    {
        "calculationDate": "20220924",
        "outstanding": 7969.0
    },
    {
        "calculationDate": "20220127",
        "outstanding": 3000.0
    },
    {
        "calculationDate": "20220117",
        "outstanding": 3984.0
    },
    {
        "calculationDate": "20221025",
        "outstanding": 3000.0
    },
    {
        "calculationDate": "20220409",
        "outstanding": 1843.0
    },
    {
        "calculationDate": "20200703",
        "outstanding": 2997.0
    },
    {
        "calculationDate": "20220714",
        "outstanding": 2996.0
    },
    {
        "calculationDate": "20210309",
        "outstanding": 0.0
    },
    {
        "calculationDate": "20220909",
        "outstanding": 6859.0
    },
    {
        "calculationDate": "20221119",
        "outstanding": 2028.44
    },
    {
        "calculationDate": "20190706",
        "outstanding": 7591.0
    },
    {
        "calculationDate": "20230209",
        "outstanding": 859.15
    },
    {
        "calculationDate": "20220905",
        "outstanding": 6558.0
    },
    {
        "calculationDate": "20221026",
        "outstanding": 3209.0
    },
    {
        "calculationDate": "20201207",
        "outstanding": 2224.0
    },
    {
        "calculationDate": "20220511",
        "outstanding": 2023.0
    },
    {
        "calculationDate": "20211007",
        "outstanding": 0.0
    },
    {
        "calculationDate": "20191026",
        "outstanding": 0.0
    },
    {
        "calculationDate": "20230301",
        "outstanding": 781.2
    },
    {
        "calculationDate": "20190721",
        "outstanding": 0.0
    },
    {
        "calculationDate": "20210826",
        "outstanding": 0.0
    },
    {
        "calculationDate": "20211011",
        "outstanding": 0.0
    },
    {
        "calculationDate": "20220427",
        "outstanding": 680.0
    },
    {
        "calculationDate": "20210505",
        "outstanding": 6798.0
    },
    {
        "calculationDate": "20201118",
        "outstanding": 0.0
    },
    {
        "calculationDate": "20220608",
        "outstanding": 10957.0
    },
    {
        "calculationDate": "20200731",
        "outstanding": 2158.0
    },
    {
        "calculationDate": "20220823",
        "outstanding": 4894.0
    },
    {
        "calculationDate": "20191106",
        "outstanding": 6560.0
    },
    {
        "calculationDate": "20190820",
        "outstanding": 0.0
    },
    {
        "calculationDate": "20200712",
        "outstanding": 5127.0
    },
    {
        "calculationDate": "20210126",
        "outstanding": 0.0
    },
    {
        "calculationDate": "20200907",
        "outstanding": 1294.0
    },
    {
        "calculationDate": "20190913",
        "outstanding": 0.0
    },
    {
        "calculationDate": "20230127",
        "outstanding": 468.0
    },
    {
        "calculationDate": "20210915",
        "outstanding": 0.0
    },
    {
        "calculationDate": "20200507",
        "outstanding": 0.0
    },
    {
        "calculationDate": "20200221",
        "outstanding": 2857.0
    },
    {
        "calculationDate": "20191223",
        "outstanding": 28.0
    },
    {
        "calculationDate": "20200612",
        "outstanding": 5385.0
    },
    {
        "calculationDate": "20200808",
        "outstanding": 3722.0
    },
    {
        "calculationDate": "20200823",
        "outstanding": 0.0
    },
    {
        "calculationDate": "20230607",
        "outstanding": 4585.3
    },
    {
        "calculationDate": "20200302",
        "outstanding": 5993.0
    },
    {
        "calculationDate": "20200107",
        "outstanding": 4250.0
    },
    {
        "calculationDate": "20220218",
        "outstanding": 0.0
    },
    {
        "calculationDate": "20200811",
        "outstanding": 3722.0
    },
    {
        "calculationDate": "20210901",
        "outstanding": 2217.0
    },
    {
        "calculationDate": "20220308",
        "outstanding": 2598.0
    },
    {
        "calculationDate": "20230525",
        "outstanding": 4807.99
    },
    {
        "calculationDate": "20221117",
        "outstanding": 2241.82
    },
    {
        "calculationDate": "20230207",
        "outstanding": 1459.35
    },
    {
        "calculationDate": "20200115",
        "outstanding": 416.0
    },
    {
        "calculationDate": "20220810",
        "outstanding": 4893.0
    },
    {
        "calculationDate": "20200413",
        "outstanding": 0.0
    },
    {
        "calculationDate": "20220910",
        "outstanding": 2659.0
    },
    {
        "calculationDate": "20220710",
        "outstanding": 2851.0
    },
    {
        "calculationDate": "20221216",
        "outstanding": 2000.0
    },
    {
        "calculationDate": "20220902",
        "outstanding": 5623.0
    },
    {
        "calculationDate": "20210207",
        "outstanding": 0.0
    },
    {
        "calculationDate": "20210409",
        "outstanding": 4968.0
    },
    {
        "calculationDate": "20191119",
        "outstanding": 0.0
    },
    {
        "calculationDate": "20200618",
        "outstanding": 4000.0
    },
    {
        "calculationDate": "20190926",
        "outstanding": 0.0
    },
    {
        "calculationDate": "20200522",
        "outstanding": 815.0
    },
    {
        "calculationDate": "20201115",
        "outstanding": 4679.0
    },
    {
        "calculationDate": "20220729",
        "outstanding": 5579.0
    },
    {
        "calculationDate": "20190624",
        "outstanding": 0.0
    },
    {
        "calculationDate": "20200205",
        "outstanding": 3184.0
    },
    {
        "calculationDate": "20200904",
        "outstanding": 1294.0
    },
    {
        "calculationDate": "20190608",
        "outstanding": 400.0
    },
    {
        "calculationDate": "20201218",
        "outstanding": 0.0
    },
    {
        "calculationDate": "20190811",
        "outstanding": 1227.0
    },
    {
        "calculationDate": "20220730",
        "outstanding": 6893.0
    },
    {
        "calculationDate": "20210830",
        "outstanding": 798.0
    },
    {
        "calculationDate": "20211220",
        "outstanding": 0.0
    },
    {
        "calculationDate": "20200901",
        "outstanding": 0.0
    },
    {
        "calculationDate": "20200928",
        "outstanding": 0.0
    },
    {
        "calculationDate": "20210114",
        "outstanding": 7821.0
    },
    {
        "calculationDate": "20220830",
        "outstanding": 5473.0
    },
    {
        "calculationDate": "20220109",
        "outstanding": 3747.0
    },
    {
        "calculationDate": "20220816",
        "outstanding": 0.0
    },
    {
        "calculationDate": "20210607",
        "outstanding": 2953.0
    },
    {
        "calculationDate": "20190808",
        "outstanding": 9533.0
    },
    {
        "calculationDate": "20190907",
        "outstanding": 7931.0
    },
    {
        "calculationDate": "20230417",
        "outstanding": 5000.0
    },
    {
        "calculationDate": "20221001",
        "outstanding": 11195.0
    },
    {
        "calculationDate": "20200609",
        "outstanding": 5981.0
    },
    {
        "calculationDate": "20190616",
        "outstanding": 0.0
    },
    {
        "calculationDate": "20191007",
        "outstanding": 3233.0
    },
    {
        "calculationDate": "20191103",
        "outstanding": 3070.0
    },
    {
        "calculationDate": "20191105",
        "outstanding": 6560.0
    },
    {
        "calculationDate": "20191125",
        "outstanding": 0.0
    },
    {
        "calculationDate": "20211003",
        "outstanding": 126.0
    },
    {
        "calculationDate": "20220111",
        "outstanding": 3883.0
    },
    {
        "calculationDate": "20210511",
        "outstanding": 0.0
    },
    {
        "calculationDate": "20200407",
        "outstanding": 1175.0
    },
    {
        "calculationDate": "20220723",
        "outstanding": 0.0
    },
    {
        "calculationDate": "20210719",
        "outstanding": 2491.0
    },
    {
        "calculationDate": "20210706",
        "outstanding": 3516.0
    },
    {
        "calculationDate": "20220618",
        "outstanding": 821.0
    },
    {
        "calculationDate": "20191226",
        "outstanding": 0.0
    },
    {
        "calculationDate": "20220417",
        "outstanding": 0.0
    },
    {
        "calculationDate": "20210911",
        "outstanding": 2517.0
    },
    {
        "calculationDate": "20190817",
        "outstanding": 0.0
    },
    {
        "calculationDate": "20201106",
        "outstanding": 5450.0
    },
    {
        "calculationDate": "20220107",
        "outstanding": 3080.0
    },
    {
        "calculationDate": "20210105",
        "outstanding": 8732.0
    },
    {
        "calculationDate": "20210610",
        "outstanding": 3729.0
    },
    {
        "calculationDate": "20220922",
        "outstanding": 0.0
    },
    {
        "calculationDate": "20191005",
        "outstanding": 3233.0
    },
    {
        "calculationDate": "20200624",
        "outstanding": 0.0
    },
    {
        "calculationDate": "20200425",
        "outstanding": 4882.0
    },
    {
        "calculationDate": "20200615",
        "outstanding": 5385.0
    },
    {
        "calculationDate": "20220828",
        "outstanding": 5244.0
    },
    {
        "calculationDate": "20230416",
        "outstanding": 5857.54
    },
    {
        "calculationDate": "20200706",
        "outstanding": 4367.0
    },
    {
        "calculationDate": "20211108",
        "outstanding": 445.0
    },
    {
        "calculationDate": "20191113",
        "outstanding": 2946.0
    },
    {
        "calculationDate": "20200606",
        "outstanding": 5981.0
    },
    {
        "calculationDate": "20210613",
        "outstanding": 0.0
    },
    {
        "calculationDate": "20200214",
        "outstanding": 0.0
    },
    {
        "calculationDate": "20201022",
        "outstanding": 0.0
    },
    {
        "calculationDate": "20200308",
        "outstanding": 5993.0
    },
    {
        "calculationDate": "20190923",
        "outstanding": 173.0
    },
    {
        "calculationDate": "20220525",
        "outstanding": 7704.0
    },
    {
        "calculationDate": "20191213",
        "outstanding": 2964.0
    },
    {
        "calculationDate": "20200525",
        "outstanding": 3717.0
    },
    {
        "calculationDate": "20221021",
        "outstanding": 9195.0
    },
    {
        "calculationDate": "20220411",
        "outstanding": 5052.0
    },
    {
        "calculationDate": "20220616",
        "outstanding": 0.0
    },
    {
        "calculationDate": "20211118",
        "outstanding": 0.0
    },
    {
        "calculationDate": "20200504",
        "outstanding": 0.0
    },
    {
        "calculationDate": "20220131",
        "outstanding": 0.0
    },
    {
        "calculationDate": "20220820",
        "outstanding": 2658.0
    },
    {
        "calculationDate": "20201007",
        "outstanding": 2856.0
    },
    {
        "calculationDate": "20210913",
        "outstanding": 3029.0
    },
    {
        "calculationDate": "20200314",
        "outstanding": 0.0
    },
    {
        "calculationDate": "20201025",
        "outstanding": 0.0
    },
    {
        "calculationDate": "20211005",
        "outstanding": 2751.0
    },
    {
        "calculationDate": "20230215",
        "outstanding": 644.0
    }
]