[
    {
        "calculationDate": "20170420",
        "outstanding": 65463.0
    },
    {
        "calculationDate": "20190705",
        "outstanding": 99331.0
    },
    {
        "calculationDate": "20221015",
        "outstanding": 98410.0
    },
    {
        "calculationDate": "20210209",
        "outstanding": 31721.0
    },
    {
        "calculationDate": "20161229",
        "outstanding": 95710.0
    },
    {
        "calculationDate": "20211130",
        "outstanding": 59704.0
    },
    {
        "calculationDate": "20191115",
        "outstanding": 102793.0
    },
    {
        "calculationDate": "20220806",
        "outstanding": 22657.0
    },
    {
        "calculationDate": "20160513",
        "outstanding": 93680.0
    },
    {
        "calculationDate": "20160307",
        "outstanding": 78689.0
    },
    {
        "calculationDate": "20210420",
        "outstanding": 48183.0
    },
    {
        "calculationDate": "20230601",
        "outstanding": 114645.49
    },
    {
        "calculationDate": "20160829",
        "outstanding": 94957.0
    },
    {
        "calculationDate": "20191206",
        "outstanding": 99795.0
    },
    {
        "calculationDate": "20180105",
        "outstanding": 99989.0
    },
    {
        "calculationDate": "20210212",
        "outstanding": 31470.0
    },
    {
        "calculationDate": "20230511",
        "outstanding": 106901.01
    },
    {
        "calculationDate": "20211124",
        "outstanding": 59929.0
    },
    {
        "calculationDate": "20181026",
        "outstanding": 99490.0
    },
    {
        "calculationDate": "20181216",
        "outstanding": 102620.0
    },
    {
        "calculationDate": "20200612",
        "outstanding": 102369.0
    },
    {
        "calculationDate": "20180928",
        "outstanding": 85471.0
    },
    {
        "calculationDate": "20210316",
        "outstanding": 34416.0
    },
    {
        "calculationDate": "20210831",
        "outstanding": 99932.0
    },
    {
        "calculationDate": "20200605",
        "outstanding": 98294.0
    },
    {
        "calculationDate": "20210910",
        "outstanding": 99966.0
    },
    {
        "calculationDate": "20191203",
        "outstanding": 99980.0
    },
    {
        "calculationDate": "20160526",
        "outstanding": 92438.0
    },
    {
        "calculationDate": "20221113",
        "outstanding": 99505.94
    },
    {
        "calculationDate": "20190313",
        "outstanding": 97252.0
    },
    {
        "calculationDate": "20160815",
        "outstanding": 101457.0
    },
    {
        "calculationDate": "20220108",
        "outstanding": 85110.0
    },
    {
        "calculationDate": "20160519",
        "outstanding": 96157.0
    },
    {
        "calculationDate": "20220303",
        "outstanding": 0.0
    },
    {
        "calculationDate": "20200828",
        "outstanding": 95105.0
    },
    {
        "calculationDate": "20220614",
        "outstanding": 0.0
    },
    {
        "calculationDate": "20190517",
        "outstanding": 102637.0
    },
    {
        "calculationDate": "20210409",
        "outstanding": 36360.0
    },
    {
        "calculationDate": "20221008",
        "outstanding": 95925.0
    },
    {
        "calculationDate": "20210507",
        "outstanding": 44193.0
    },
    {
        "calculationDate": "20160623",
        "outstanding": 97281.0
    },
    {
        "calculationDate": "20211026",
        "outstanding": 42490.0
    },
    {
        "calculationDate": "20230406",
        "outstanding": 114942.99
    },
    {
        "calculationDate": "20221201",
        "outstanding": 100662.39
    },
    {
        "calculationDate": "20191011",
        "outstanding": 99956.0
    },
    {
        "calculationDate": "20210518",
        "outstanding": 45068.0
    },
    {
        "calculationDate": "20170323",
        "outstanding": 50021.0
    },
    {
        "calculationDate": "20211009",
        "outstanding": 31698.0
    },
    {
        "calculationDate": "20170710",
        "outstanding": 96962.0
    },
    {
        "calculationDate": "20210202",
        "outstanding": 28217.0
    },
    {
        "calculationDate": "20170504",
        "outstanding": 76597.0
    },
    {
        "calculationDate": "20170522",
        "outstanding": 96715.0
    },
    {
        "calculationDate": "20210521",
        "outstanding": 56232.0
    },
    {
        "calculationDate": "20210309",
        "outstanding": 21352.0
    },
    {
        "calculationDate": "20210216",
        "outstanding": 33221.0
    },
    {
        "calculationDate": "20230516",
        "outstanding": 113420.46
    },
    {
        "calculationDate": "20170413",
        "outstanding": 61075.0
    },
    {
        "calculationDate": "20171113",
        "outstanding": 103820.0
    },
    {
        "calculationDate": "20190813",
        "outstanding": 101029.0
    },
    {
        "calculationDate": "20230404",
        "outstanding": 113033.21
    },
    {
        "calculationDate": "20160627",
        "outstanding": 99564.0
    },
    {
        "calculationDate": "20201225",
        "outstanding": 10390.0
    },
    {
        "calculationDate": "20200529",
        "outstanding": 96033.0
    },
    {
        "calculationDate": "20200714",
        "outstanding": 102788.0
    },
    {
        "calculationDate": "20230103",
        "outstanding": 103168.04
    },
    {
        "calculationDate": "20220129",
        "outstanding": 98970.0
    },
    {
        "calculationDate": "20221001",
        "outstanding": 96692.0
    },
    {
        "calculationDate": "20230509",
        "outstanding": 113654.06
    },
    {
        "calculationDate": "20220714",
        "outstanding": 9785.0
    },
    {
        "calculationDate": "20210122",
        "outstanding": 19643.0
    },
    {
        "calculationDate": "20180824",
        "outstanding": 73004.0
    },
    {
        "calculationDate": "20180426",
        "outstanding": 49834.0
    },
    {
        "calculationDate": "20210608",
        "outstanding": 66521.0
    },
    {
        "calculationDate": "20221226",
        "outstanding": 102363.39
    },
    {
        "calculationDate": "20221120",
        "outstanding": 100983.17
    },
    {
        "calculationDate": "20210604",
        "outstanding": 60633.0
    },
    {
        "calculationDate": "20220210",
        "outstanding": 0.0
    },
    {
        "calculationDate": "20220122",
        "outstanding": 94039.0
    },
    {
        "calculationDate": "20220125",
        "outstanding": 95878.0
    },
    {
        "calculationDate": "20180209",
        "outstanding": 0.0
    },
    {
        "calculationDate": "20220127",
        "outstanding": 97783.0
    },
    {
        "calculationDate": "20210226",
        "outstanding": 30921.0
    },
    {
        "calculationDate": "20221213",
        "outstanding": 99618.47
    },
    {
        "calculationDate": "20190830",
        "outstanding": 96072.0
    },
    {
        "calculationDate": "20190614",
        "outstanding": 102650.0
    },
    {
        "calculationDate": "20200225",
        "outstanding": 99905.0
    },
    {
        "calculationDate": "20200214",
        "outstanding": 101268.0
    },
    {
        "calculationDate": "20230126",
        "outstanding": 105487.94
    },
    {
        "calculationDate": "20220414",
        "outstanding": 0.0
    },
    {
        "calculationDate": "20151126",
        "outstanding": 42745.0
    },
    {
        "calculationDate": "20200515",
        "outstanding": 102133.0
    },
    {
        "calculationDate": "20210119",
        "outstanding": 22432.0
    },
    {
        "calculationDate": "20170731",
        "outstanding": 95489.0
    },
    {
        "calculationDate": "20210720",
        "outstanding": 90981.0
    },
    {
        "calculationDate": "20170424",
        "outstanding": 66881.0
    },
    {
        "calculationDate": "20160808",
        "outstanding": 98387.0
    },
    {
        "calculationDate": "20210601",
        "outstanding": 58690.0
    },
    {
        "calculationDate": "20220101",
        "outstanding": 83547.0
    },
    {
        "calculationDate": "20160523",
        "outstanding": 92386.0
    },
    {
        "calculationDate": "20190315",
        "outstanding": 99162.0
    },
    {
        "calculationDate": "20170511",
        "outstanding": 85739.0
    },
    {
        "calculationDate": "20180312",
        "outstanding": 36155.0
    },
    {
        "calculationDate": "20220707",
        "outstanding": 6372.0
    },
    {
        "calculationDate": "20211123",
        "outstanding": 59929.0
    },
    {
        "calculationDate": "20181109",
        "outstanding": 98897.0
    },
    {
        "calculationDate": "20181116",
        "outstanding": 102534.0
    },
    {
        "calculationDate": "20221011",
        "outstanding": 95963.0
    },
    {
        "calculationDate": "20220802",
        "outstanding": 20305.0
    },
    {
        "calculationDate": "20160718",
        "outstanding": 94980.0
    },
    {
        "calculationDate": "20170629",
        "outstanding": 97982.0
    },
    {
        "calculationDate": "20180521",
        "outstanding": 53060.0
    },
    {
        "calculationDate": "20230411",
        "outstanding": 111377.85
    },
    {
        "calculationDate": "20180720",
        "outstanding": 62751.0
    },
    {
        "calculationDate": "20190430",
        "outstanding": 95099.0
    },
    {
        "calculationDate": "20220809",
        "outstanding": 12011.0
    },
    {
        "calculationDate": "20210903",
        "outstanding": 99942.0
    },
    {
        "calculationDate": "20151123",
        "outstanding": 43682.0
    },
    {
        "calculationDate": "20180412",
        "outstanding": 43484.0
    },
    {
        "outstanding": 41271.0
    },
    {
        "calculationDate": "20180918",
        "outstanding": 81868.0
    },
    {
        "calculationDate": "20210810",
        "outstanding": 96663.0
    },
    {
        "calculationDate": "20210615",
        "outstanding": 68661.0
    },
    {
        "calculationDate": "20180724",
        "outstanding": 65556.0
    },
    {
        "calculationDate": "20210427",
        "outstanding": 50087.0
    },
    {
        "calculationDate": "20210629",
        "outstanding": 79902.0
    },
    {
        "calculationDate": "20221208",
        "outstanding": 99848.9
    },
    {
        "calculationDate": "20210206",
        "outstanding": 29072.0
    },
    {
        "calculationDate": "20151116",
        "outstanding": 41134.0
    },
    {
        "calculationDate": "20210305",
        "outstanding": 47555.0
    },
    {
        "calculationDate": "20220115",
        "outstanding": 95229.0
    },
    {
        "calculationDate": "20191112",
        "outstanding": 102793.0
    },
    {
        "calculationDate": "20180228",
        "outstanding": 12209.0
    },
    {
        "calculationDate": "20230207",
        "outstanding": 107071.35
    },
    {
        "calculationDate": "20190212",
        "outstanding": 98499.0
    },
    {
        "calculationDate": "20220222",
        "outstanding": 2500.0
    },
    {
        "calculationDate": "20201113",
        "outstanding": 102785.0
    },
    {
        "calculationDate": "20190514",
        "outstanding": 102926.0
    },
    {
        "calculationDate": "20220910",
        "outstanding": 70882.0
    },
    {
        "calculationDate": "20220728",
        "outstanding": 17694.0
    },
    {
        "calculationDate": "20181102",
        "outstanding": 97385.0
    },
    {
        "calculationDate": "20180828",
        "outstanding": 73651.0
    },
    {
        "calculationDate": "20160430",
        "outstanding": 93940.0
    },
    {
        "calculationDate": "20180604",
        "outstanding": 57897.0
    },
    {
        "calculationDate": "20190702",
        "outstanding": 96170.0
    },
    {
        "calculationDate": "20200812",
        "outstanding": 99931.0
    },
    {
        "calculationDate": "20230418",
        "outstanding": 114592.29
    },
    {
        "calculationDate": "20180215",
        "outstanding": 1833.0
    },
    {
        "calculationDate": "20180302",
        "outstanding": 18233.0
    },
    {
        "calculationDate": "20151109",
        "outstanding": 40000.0
    },
    {
        "calculationDate": "20161003",
        "outstanding": 96904.0
    },
    {
        "calculationDate": "20210723",
        "outstanding": 92623.0
    },
    {
        "calculationDate": "20191210",
        "outstanding": 99759.0
    },
    {
        "calculationDate": "20211022",
        "outstanding": 43389.0
    },
    {
        "calculationDate": "20171109",
        "outstanding": 99986.0
    },
    {
        "outstanding": 0.0
    },
    {
        "calculationDate": "20180524",
        "outstanding": 48305.0
    },
    {
        "calculationDate": "20200218",
        "outstanding": 93896.0
    },
    {
        "calculationDate": "20220514",
        "outstanding": 0.0
    },
    {
        "calculationDate": "20200131",
        "outstanding": 75200.0
    },
    {
        "calculationDate": "20220922",
        "outstanding": 98768.0
    },
    {
        "calculationDate": "20180528",
        "outstanding": 56233.0
    },
    {
        "calculationDate": "20161024",
        "outstanding": 96554.0
    },
    {
        "calculationDate": "20210402",
        "outstanding": 36245.0
    },
    {
        "calculationDate": "20180517",
        "outstanding": 50383.0
    },
    {
        "calculationDate": "20230612",
        "outstanding": 118571.85
    },
    {
        "calculationDate": "20200313",
        "outstanding": 102419.0
    },
    {
        "calculationDate": "20180626",
        "outstanding": 59907.0
    },
    {
        "calculationDate": "20211126",
        "outstanding": 61836.0
    },
    {
        "calculationDate": "20170306",
        "outstanding": 36940.0
    },
    {
        "calculationDate": "20181106",
        "outstanding": 99227.0
    },
    {
        "calculationDate": "20210921",
        "outstanding": 49767.0
    },
    {
        "calculationDate": "20220702",
        "outstanding": 5000.0
    },
    {
        "calculationDate": "20200804",
        "outstanding": 99997.0
    },
    {
        "calculationDate": "20230108",
        "outstanding": 103373.56
    },
    {
        "calculationDate": "20201222",
        "outstanding": 9570.0
    },
    {
        "calculationDate": "20161017",
        "outstanding": 101654.0
    },
    {
        "calculationDate": "20181024",
        "outstanding": 94646.0
    },
    {
        "calculationDate": "20210416",
        "outstanding": 31746.0
    },
    {
        "calculationDate": "20230105",
        "outstanding": 101845.26
    },
    {
        "calculationDate": "20210803",
        "outstanding": 93642.0
    },
    {
        "calculationDate": "20191231",
        "outstanding": 93869.0
    },
    {
        "calculationDate": "20181211",
        "outstanding": 99553.0
    },
    {
        "calculationDate": "20221117",
        "outstanding": 97138.5
    },
    {
        "calculationDate": "20201002",
        "outstanding": 97843.0
    },
    {
        "calculationDate": "20210326",
        "outstanding": 33720.0
    },
    {
        "calculationDate": "20211116"
    },
    {
        "calculationDate": "20220917",
        "outstanding": 81950.0
    },
    {
        "calculationDate": "20200115",
        "outstanding": 102160.0
    },
    {
        "calculationDate": "20180419",
        "outstanding": 51207.0
    },
    {
        "calculationDate": "20160411",
        "outstanding": 79025.0
    },
    {
        "calculationDate": "20170803",
        "outstanding": 99335.0
    },
    {
        "calculationDate": "20160721",
        "outstanding": 92549.0
    },
    {
        "calculationDate": "20221021",
        "outstanding": 94971.0
    },
    {
        "calculationDate": "20170202",
        "outstanding": 99001.0
    },
    {
        "calculationDate": "20220726",
        "outstanding": 15578.0
    },
    {
        "calculationDate": "20191108",
        "outstanding": 99952.0
    },
    {
        "calculationDate": "20211210",
        "outstanding": 71420.0
    },
    {
        "calculationDate": "20160317",
        "outstanding": 82440.0
    },
    {
        "calculationDate": "20220305",
        "outstanding": 0.0
    },
    {
        "calculationDate": "20210525",
        "outstanding": 59176.0
    },
    {
        "calculationDate": "20181012",
        "outstanding": 92065.0
    },
    {
        "calculationDate": "20201013",
        "outstanding": 102681.0
    },
    {
        "calculationDate": "20221013",
        "outstanding": 97301.0
    },
    {
        "calculationDate": "20210813",
        "outstanding": 98615.0
    },
    {
        "calculationDate": "20211119",
        "outstanding": 57670.0
    },
    {
        "calculationDate": "20170104",
        "outstanding": 99447.0
    },
    {
        "calculationDate": "20170209",
        "outstanding": 99948.0
    },
    {
        "calculationDate": "20221115",
        "outstanding": 96976.68
    },
    {
        "calculationDate": "20210622",
        "outstanding": 78087.0
    },
    {
        "calculationDate": "20220721",
        "outstanding": 13380.0
    },
    {
        "calculationDate": "20180101",
        "outstanding": 97067.0
    },
    {
        "outstanding": 97175.0
    },
    {
        "calculationDate": "20180807",
        "outstanding": 63174.0
    },
    {
        "calculationDate": "20200630",
        "outstanding": 99282.0
    },
    {
        "calculationDate": "20230430",
        "outstanding": 113358.77
    },
    {
        "calculationDate": "20170302",
        "outstanding": 33340.0
    },
    {
        "calculationDate": "20200703",
        "outstanding": 99999.0
    },
    {
        "calculationDate": "20221006",
        "outstanding": 95911.0
    },
    {
        "calculationDate": "20221027",
        "outstanding": 88788.0
    },
    {
        "calculationDate": "20190416",
        "outstanding": 100999.0
    },
    {
        "calculationDate": "20160613",
        "outstanding": 98281.0
    },
    {
        "calculationDate": "20180911",
        "outstanding": 80377.0
    },
    {
        "calculationDate": "20160505",
        "outstanding": 88483.0
    },
    {
        "calculationDate": "20160630",
        "outstanding": 97440.0
    },
    {
        "calculationDate": "20230604",
        "outstanding": 114049.71
    },
    {
        "calculationDate": "20221220",
        "outstanding": 101631.61
    },
    {
        "calculationDate": "20210224",
        "outstanding": 26345.0
    },
    {
        "calculationDate": "20230122",
        "outstanding": 103586.72
    },
    {
        "calculationDate": "20161117",
        "outstanding": 101262.0
    },
    {
        "calculationDate": "20220906",
        "outstanding": 78485.0
    },
    {
        "calculationDate": "20210924",
        "outstanding": 34222.0
    },
    {
        "calculationDate": "20220927",
        "outstanding": 97299.0
    },
    {
        "calculationDate": "20190115",
        "outstanding": 102048.0
    },
    {
        "calculationDate": "20210528",
        "outstanding": 55168.0
    },
    {
        "calculationDate": "20210820",
        "outstanding": 99675.0
    },
    {
        "calculationDate": "20190409",
        "outstanding": 96219.0
    },
    {
        "calculationDate": "20210413",
        "outstanding": 30302.0
    },
    {
        "calculationDate": "20160324",
        "outstanding": 84539.0
    },
    {
        "calculationDate": "20230519",
        "outstanding": 114802.67
    },
    {
        "calculationDate": "20170811",
        "outstanding": 99879.0
    },
    {
        "calculationDate": "20160606",
        "outstanding": 96936.0
    },
    {
        "calculationDate": "20190809",
        "outstanding": 97599.0
    },
    {
        "calculationDate": "20211019",
        "outstanding": 40450.0
    },
    {
        "calculationDate": "20160811",
        "outstanding": 100562.0
    },
    {
        "calculationDate": "20201006",
        "outstanding": 99268.0
    },
    {
        "calculationDate": "20220208",
        "outstanding": 10064.0
    },
    {
        "calculationDate": "20190208",
        "outstanding": 96080.0
    },
    {
        "calculationDate": "20230212",
        "outstanding": 111180.98
    },
    {
        "calculationDate": "20180322",
        "outstanding": 39899.0
    },
    {
        "calculationDate": "20220719",
        "outstanding": 12900.0
    },
    {
        "calculationDate": "20201103",
        "outstanding": 97753.0
    },
    {
        "calculationDate": "20190920",
        "outstanding": 100666.0
    },
    {
        "calculationDate": "20210514",
        "outstanding": 45664.0
    },
    {
        "calculationDate": "20210302",
        "outstanding": 69120.0
    },
    {
        "calculationDate": "20191015",
        "outstanding": 102876.0
    },
    {
        "calculationDate": "20220308",
        "outstanding": 28.0
    },
    {
        "calculationDate": "20230305",
        "outstanding": 101875.69
    },
    {
        "calculationDate": "20161206",
        "outstanding": 95717.0
    },
    {
        "calculationDate": "20170501",
        "outstanding": 72365.0
    },
    {
        "calculationDate": "20160208",
        "outstanding": 74363.0
    },
    {
        "calculationDate": "20180531",
        "outstanding": 56747.0
    },
    {
        "calculationDate": "20230611",
        "outstanding": 119069.85
    },
    {
        "calculationDate": "20180907",
        "outstanding": 79436.0
    },
    {
        "calculationDate": "20151112",
        "outstanding": 41011.0
    },
    {
        "calculationDate": "20170329",
        "outstanding": 48997.0
    },
    {
        "calculationDate": "20190412",
        "outstanding": 99400.0
    },
    {
        "calculationDate": "20170216",
        "outstanding": 28013.0
    },
    {
        "calculationDate": "20181130",
        "outstanding": 97034.0
    },
    {
        "calculationDate": "20211112",
        "outstanding": 52463.0
    },
    {
        "calculationDate": "20180219",
        "outstanding": 10467.0
    },
    {
        "calculationDate": "20210702",
        "outstanding": 80578.0
    },
    {
        "calculationDate": "20190716",
        "outstanding": 102081.0
    },
    {
        "calculationDate": "20180803",
        "outstanding": 62941.0
    },
    {
        "calculationDate": "20230606",
        "outstanding": 114462.77
    },
    {
        "calculationDate": "20170309",
        "outstanding": 37906.0
    },
    {
        "calculationDate": "20211029",
        "outstanding": 39599.0
    },
    {
        "calculationDate": "20210806",
        "outstanding": 94631.0
    },
    {
        "calculationDate": "20220908",
        "outstanding": 79700.0
    },
    {
        "calculationDate": "20160201",
        "outstanding": 74363.0
    },
    {
        "calculationDate": "20190820",
        "outstanding": 102172.0
    },
    {
        "calculationDate": "20230131",
        "outstanding": 106484.21
    },
    {
        "calculationDate": "20160121",
        "outstanding": 77970.0
    },
    {
        "calculationDate": "20180118",
        "outstanding": 103071.0
    },
    {
        "calculationDate": "20220204",
        "outstanding": 3544.0
    },
    {
        "calculationDate": "20190607",
        "outstanding": 100030.0
    },
    {
        "calculationDate": "20170201",
        "outstanding": 96836.0
    },
    {
        "calculationDate": "20171127",
        "outstanding": 97570.0
    },
    {
        "calculationDate": "20161103",
        "outstanding": 97412.0
    },
    {
        "calculationDate": "20200107",
        "outstanding": 99991.0
    },
    {
        "calculationDate": "20220219",
        "outstanding": 164.0
    },
    {
        "calculationDate": "20211001",
        "outstanding": 39329.0
    },
    {
        "calculationDate": "20210914",
        "outstanding": 102035.0
    },
    {
        "calculationDate": "20230328",
        "outstanding": 111896.19
    },
    {
        "calculationDate": "20200825",
        "outstanding": 98487.0
    },
    {
        "calculationDate": "20171214",
        "outstanding": 102468.0
    },
    {
        "calculationDate": "20180810",
        "outstanding": 59974.0
    },
    {
        "calculationDate": "20221225",
        "outstanding": 102155.42
    },
    {
        "calculationDate": "20161219",
        "outstanding": 101410.0
    },
    {
        "calculationDate": "20151228",
        "outstanding": 54781.0
    },
    {
        "calculationDate": "20220217",
        "outstanding": 1964.0
    },
    {
        "calculationDate": "20230608",
        "outstanding": 114435.73
    },
    {
        "calculationDate": "20230523",
        "outstanding": 114657.29
    },
    {
        "calculationDate": "20200414",
        "outstanding": 102285.0
    },
    {
        "calculationDate": "20220118"
    },
    {
        "calculationDate": "20170807",
        "outstanding": 99709.0
    },
    {
        "calculationDate": "20160801",
        "outstanding": 93282.0
    },
    {
        "calculationDate": "20220301",
        "outstanding": 0.0
    },
    {
        "calculationDate": "20180618",
        "outstanding": 60975.0
    },
    {
        "calculationDate": "20230319",
        "outstanding": 108150.05
    },
    {
        "calculationDate": "20170703",
        "outstanding": 95535.0
    },
    {
        "calculationDate": "20230228",
        "outstanding": 98612.94
    },
    {
        "calculationDate": "20220412",
        "outstanding": 0.0
    },
    {
        "calculationDate": "20221101",
        "outstanding": 98662.39
    },
    {
        "calculationDate": "20220212",
        "outstanding": 1116.0
    },
    {
        "calculationDate": "20230416",
        "outstanding": 114133.31
    },
    {
        "calculationDate": "20180423",
        "outstanding": 49834.0
    },
    {
        "calculationDate": "20221030",
        "outstanding": 99654.0
    },
    {
        "calculationDate": "20210716",
        "outstanding": 88903.0
    },
    {
        "calculationDate": "20230312",
        "outstanding": 95010.12
    },
    {
        "calculationDate": "20200221",
        "outstanding": 99905.0
    },
    {
        "calculationDate": "20160728",
        "outstanding": 99282.0
    },
    {
        "calculationDate": "20221106",
        "outstanding": 87660.18
    },
    {
        "calculationDate": "20230330",
        "outstanding": 112076.19
    },
    {
        "calculationDate": "20230110",
        "outstanding": 104034.11
    },
    {
        "calculationDate": "20160215",
        "outstanding": 76749.0
    },
    {
        "calculationDate": "20191008",
        "outstanding": 96577.0
    },
    {
        "calculationDate": "20180305",
        "outstanding": 30332.0
    },
    {
        "calculationDate": "20181207",
        "outstanding": 99353.0
    },
    {
        "calculationDate": "20201211",
        "outstanding": 0.0
    },
    {
        "calculationDate": "20160905",
        "outstanding": 93333.0
    },
    {
        "calculationDate": "20220120",
        "outstanding": 93237.0
    },
    {
        "calculationDate": "20170831",
        "outstanding": 97885.0
    },
    {
        "calculationDate": "20230214",
        "outstanding": 109552.66
    },
    {
        "calculationDate": "20220920",
        "outstanding": 92465.0
    },
    {
        "calculationDate": "20210511",
        "outstanding": 46824.0
    },
    {
        "calculationDate": "20160516",
        "outstanding": 94680.0
    },
    {
        "calculationDate": "20190510",
        "outstanding": 99264.0
    },
    {
        "calculationDate": "20170727",
        "outstanding": 94610.0
    },
    {
        "calculationDate": "20230226",
        "outstanding": 113754.94
    },
    {
        "calculationDate": "20230112",
        "outstanding": 99430.95
    },
    {
        "calculationDate": "20180111",
        "outstanding": 103071.0
    },
    {
        "calculationDate": "20201218",
        "outstanding": 7024.0
    },
    {
        "calculationDate": "20171106",
        "outstanding": 99431.0
    },
    {
        "calculationDate": "20211207",
        "outstanding": 62471.0
    },
    {
        "calculationDate": "20190604",
        "outstanding": 99405.0
    },
    {
        "calculationDate": "20160512",
        "outstanding": 91141.0
    },
    {
        "calculationDate": "20180904",
        "outstanding": 77511.0
    },
    {
        "calculationDate": "20180727",
        "outstanding": 66436.0
    },
    {
        "calculationDate": "20180801",
        "outstanding": 67941.0
    },
    {
        "calculationDate": "20220111",
        "outstanding": 91320.0
    },
    {
        "calculationDate": "20210727",
        "outstanding": 94756.0
    },
    {
        "calculationDate": "20190319",
        "outstanding": 99890.0
    },
    {
        "calculationDate": "20210319",
        "outstanding": 34199.0
    },
    {
        "calculationDate": "20180406",
        "outstanding": 40944.0
    },
    {
        "calculationDate": "20180914",
        "outstanding": 81768.0
    },
    {
        "calculationDate": "20160328",
        "outstanding": 80749.0
    },
    {
        "calculationDate": "20220716",
        "outstanding": 10187.0
    },
    {
        "calculationDate": "20190806",
        "outstanding": 97293.0
    },
    {
        "calculationDate": "20170112",
        "outstanding": 102886.0
    },
    {
        "calculationDate": "20160404",
        "outstanding": 74999.0
    },
    {
        "calculationDate": "20171012",
        "outstanding": 103462.0
    },
    {
        "calculationDate": "20160111",
        "outstanding": 74265.0
    },
    {
        "calculationDate": "20160922",
        "outstanding": 94037.0
    },
    {
        "calculationDate": "20160609",
        "outstanding": 98329.0
    },
    {
        "calculationDate": "20201106",
        "outstanding": 99985.0
    },
    {
        "calculationDate": "20230314",
        "outstanding": 106858.76
    },
    {
        "calculationDate": "20170622",
        "outstanding": 99582.0
    },
    {
        "calculationDate": "20170428",
        "outstanding": 69462.0
    },
    {
        "calculationDate": "20170213",
        "outstanding": 22365.0
    },
    {
        "calculationDate": "20200103",
        "outstanding": 98916.0
    },
    {
        "calculationDate": "20200915",
        "outstanding": 102277.0
    },
    {
        "calculationDate": "20210618",
        "outstanding": 75290.0
    },
    {
        "calculationDate": "20230223",
        "outstanding": 113514.94
    },
    {
        "calculationDate": "20200327",
        "outstanding": 99940.0
    },
    {
        "calculationDate": "20151207",
        "outstanding": 56369.0
    },
    {
        "calculationDate": "20171211",
        "outstanding": 101968.0
    },
    {
        "calculationDate": "20230530",
        "outstanding": 114663.13
    },
    {
        "calculationDate": "20170227",
        "outstanding": 31913.0
    },
    {
        "calculationDate": "20170706",
        "outstanding": 95860.0
    },
    {
        "calculationDate": "20211223",
        "outstanding": 78566.0
    },
    {
        "calculationDate": "20230402",
        "outstanding": 112553.19
    },
    {
        "calculationDate": "20190222",
        "outstanding": 99902.0
    },
    {
        "calculationDate": "20230420",
        "outstanding": 114191.09
    },
    {
        "calculationDate": "20190906",
        "outstanding": 99974.0
    },
    {
        "calculationDate": "20180212",
        "outstanding": 2064.0
    },
    {
        "calculationDate": "20190816",
        "outstanding": 102172.0
    },
    {
        "calculationDate": "20190917",
        "outstanding": 101255.0
    },
    {
        "calculationDate": "20180817",
        "outstanding": 62852.0
    },
    {
        "calculationDate": "20210824",
        "outstanding": 99906.0
    },
    {
        "calculationDate": "20220830",
        "outstanding": 65573.0
    },
    {
        "calculationDate": "20160310",
        "outstanding": 79301.0
    },
    {
        "calculationDate": "20160908",
        "outstanding": 95125.0
    },
    {
        "calculationDate": "20160229",
        "outstanding": 79298.0
    },
    {
        "calculationDate": "20190205",
        "outstanding": 95268.0
    },
    {
        "calculationDate": "20180319",
        "outstanding": 37770.0
    },
    {
        "calculationDate": "20190910",
        "outstanding": 95842.0
    },
    {
        "calculationDate": "20210113",
        "outstanding": 18945.0
    },
    {
        "calculationDate": "20221108",
        "outstanding": 81718.94
    },
    {
        "calculationDate": "20221230",
        "outstanding": 102836.59
    },
    {
        "calculationDate": "20220104",
        "outstanding": 84295.0
    },
    {
        "calculationDate": "20211109",
        "outstanding": 46981.0
    },
    {
        "calculationDate": "20230326",
        "outstanding": 109578.95
    },
    {
        "calculationDate": "20200904",
        "outstanding": 99675.0
    },
    {
        "calculationDate": "20230302",
        "outstanding": 100182.96
    },
    {
        "calculationDate": "20220924",
        "outstanding": 99999.0
    },
    {
        "calculationDate": "20170914",
        "outstanding": 103245.0
    },
    {
        "calculationDate": "20171229",
        "outstanding": 96108.0
    },
    {
        "calculationDate": "20200728",
        "outstanding": 96617.0
    },
    {
        "calculationDate": "20211015",
        "outstanding": 32538.0
    },
    {
        "calculationDate": "20211012",
        "outstanding": 30512.0
    },
    {
        "calculationDate": "20190712",
        "outstanding": 102081.0
    },
    {
        "calculationDate": "20220913",
        "outstanding": 70479.0
    },
    {
        "calculationDate": "20230221",
        "outstanding": 112108.38
    },
    {
        "calculationDate": "20190709",
        "outstanding": 99947.0
    },
    {
        "calculationDate": "20201229",
        "outstanding": 14395.0
    },
    {
        "calculationDate": "20160118",
        "outstanding": 78812.0
    },
    {
        "calculationDate": "20190108",
        "outstanding": 98275.0
    },
    {
        "calculationDate": "20170814",
        "outstanding": 104185.0
    },
    {
        "calculationDate": "20230518",
        "outstanding": 114419.53
    },
    {
        "calculationDate": "20230528",
        "outstanding": 114712.35
    },
    {
        "calculationDate": "20200428",
        "outstanding": 96884.0
    },
    {
        "calculationDate": "20210917",
        "outstanding": 65313.0
    },
    {
        "calculationDate": "20201215",
        "outstanding": 4063.0
    },
    {
        "calculationDate": "20151130",
        "outstanding": 43915.0
    },
    {
        "calculationDate": "20210827",
        "outstanding": 99752.0
    },
    {
        "calculationDate": "20180621",
        "outstanding": 63407.0
    },
    {
        "calculationDate": "20200929",
        "outstanding": 96250.0
    },
    {
        "calculationDate": "20221210",
        "outstanding": 103678.43
    },
    {
        "calculationDate": "20161027",
        "outstanding": 96670.0
    },
    {
        "calculationDate": "20220224",
        "outstanding": 0.0
    },
    {
        "calculationDate": "20201009",
        "outstanding": 98788.0
    },
    {
        "calculationDate": "20160314",
        "outstanding": 82040.0
    },
    {
        "calculationDate": "20210129",
        "outstanding": 27217.0
    },
    {
        "calculationDate": "20180712",
        "outstanding": 61277.0
    },
    {
        "calculationDate": "20210115",
        "outstanding": 20200.0
    },
    {
        "calculationDate": "20190913",
        "outstanding": 101036.0
    },
    {
        "calculationDate": "20161212",
        "outstanding": 101584.0
    },
    {
        "calculationDate": "20201208",
        "outstanding": 4330.0
    },
    {
        "calculationDate": "20230413",
        "outstanding": 112936.11
    },
    {
        "calculationDate": "20170616",
        "outstanding": 99332.0
    },
    {
        "calculationDate": "20230502",
        "outstanding": 114178.81
    },
    {
        "calculationDate": "20160901",
        "outstanding": 96920.0
    },
    {
        "calculationDate": "20220901",
        "outstanding": 64939.0
    },
    {
        "calculationDate": "20190308",
        "outstanding": 94926.0
    },
    {
        "calculationDate": "20190405",
        "outstanding": 94055.0
    },
    {
        "calculationDate": "20210611",
        "outstanding": 75018.0
    },
    {
        "calculationDate": "20181113",
        "outstanding": 102414.0
    },
    {
        "calculationDate": "20161114",
        "outstanding": 101917.0
    },
    {
        "calculationDate": "20191105",
        "outstanding": 99910.0
    },
    {
        "calculationDate": "20170928",
        "outstanding": 97045.0
    },
    {
        "calculationDate": "20210713",
        "outstanding": 88043.0
    },
    {
        "calculationDate": "20220611",
        "outstanding": 0.0
    },
    {
        "calculationDate": "20190528",
        "outstanding": 98037.0
    },
    {
        "calculationDate": "20220215",
        "outstanding": 614.0
    },
    {
        "calculationDate": "20180921",
        "outstanding": 81884.0
    },
    {
        "calculationDate": "20160107",
        "outstanding": 67377.0
    },
    {
        "calculationDate": "20160725",
        "outstanding": 99144.0
    },
    {
        "calculationDate": "20160714",
        "outstanding": 93532.0
    },
    {
        "calculationDate": "20230204",
        "outstanding": 107224.99
    },
    {
        "calculationDate": "20190507",
        "outstanding": 98076.0
    },
    {
        "calculationDate": "20230216",
        "outstanding": 111208.86
    },
    {
        "calculationDate": "20221215",
        "outstanding": 99936.45
    },
    {
        "calculationDate": "20220820",
        "outstanding": 62332.0
    },
    {
        "calculationDate": "20200814",
        "outstanding": 102080.0
    },
    {
        "calculationDate": "20210625",
        "outstanding": 80725.0
    },
    {
        "calculationDate": "20170206",
        "outstanding": 99829.0
    },
    {
        "calculationDate": "20221222",
        "outstanding": 101803.58
    },
    {
        "calculationDate": "20171130",
        "outstanding": 97859.0
    },
    {
        "calculationDate": "20161006",
        "outstanding": 98695.0
    },
    {
        "calculationDate": "20211230",
        "outstanding": 83045.0
    },
    {
        "calculationDate": "20160530",
        "outstanding": 93773.0
    },
    {
        "calculationDate": "20170410",
        "outstanding": 57305.0
    },
    {
        "calculationDate": "20221206",
        "outstanding": 99967.47
    },
    {
        "calculationDate": "20170105",
        "outstanding": 99771.0
    },
    {
        "calculationDate": "20200204",
        "outstanding": 99979.0
    },
    {
        "calculationDate": "20180614",
        "outstanding": 58528.0
    },
    {
        "calculationDate": "20230124",
        "outstanding": 104889.44
    },
    {
        "calculationDate": "20190531",
        "outstanding": 99702.0
    },
    {
        "calculationDate": "20200508",
        "outstanding": 99710.0
    },
    {
        "calculationDate": "20190118",
        "outstanding": 101768.0
    },
    {
        "calculationDate": "20230117",
        "outstanding": 102058.21
    },
    {
        "calculationDate": "20160303",
        "outstanding": 78548.0
    },
    {
        "calculationDate": "20230202",
        "outstanding": 107023.99
    },
    {
        "calculationDate": "20230409",
        "outstanding": 107007.8
    },
    {
        "calculationDate": "20230514",
        "outstanding": 111280.42
    },
    {
        "calculationDate": "20200626",
        "outstanding": 98866.0
    },
    {
        "calculationDate": "20160218",
        "outstanding": 78662.0
    },
    {
        "calculationDate": "20151221",
        "outstanding": 45628.0
    },
    {
        "calculationDate": "20220712",
        "outstanding": 0.0
    },
    {
        "calculationDate": "20201201",
        "outstanding": 0.0
    },
    {
        "calculationDate": "20181204",
        "outstanding": 98324.0
    },
    {
        "calculationDate": "20151214",
        "outstanding": 47158.0
    },
    {
        "calculationDate": "20190322",
        "outstanding": 99740.0
    },
    {
        "calculationDate": "20230307",
        "outstanding": 100354.12
    },
    {
        "calculationDate": "20220823",
        "outstanding": 67842.0
    },
    {
        "calculationDate": "20221018",
        "outstanding": 99721.0
    },
    {
        "calculationDate": "20220816",
        "outstanding": 54983.0
    },
    {
        "calculationDate": "20230209",
        "outstanding": 107540.0
    },
    {
        "calculationDate": "20200901",
        "outstanding": 99975.0
    },
    {
        "calculationDate": "20191101",
        "outstanding": 98816.0
    },
    {
        "calculationDate": "20230128",
        "outstanding": 107670.21
    },
    {
        "calculationDate": "20190216",
        "outstanding": 99802.0
    },
    {
        "calculationDate": "20230219",
        "outstanding": 110907.12
    },
    {
        "calculationDate": "20230425",
        "outstanding": 114162.06
    },
    {
        "calculationDate": "20200602",
        "outstanding": 96258.0
    },
    {
        "calculationDate": "20211005",
        "outstanding": 21365.0
    },
    {
        "calculationDate": "20180821",
        "outstanding": 64487.0
    },
    {
        "calculationDate": "20220804",
        "outstanding": 21700.0
    },
    {
        "calculationDate": "20230427",
        "outstanding": 113649.61
    },
    {
        "calculationDate": "20220818",
        "outstanding": 58749.0
    },
    {
        "calculationDate": "20160711",
        "outstanding": 93059.0
    },
    {
        "calculationDate": "20181002",
        "outstanding": 87471.0
    },
    {
        "calculationDate": "20181016",
        "outstanding": 90721.0
    },
    {
        "calculationDate": "20180814",
        "outstanding": 61352.0
    },
    {
        "calculationDate": "20220705",
        "outstanding": 5220.0
    },
    {
        "calculationDate": "20160707",
        "outstanding": 89981.0
    },
    {
        "calculationDate": "20230309",
        "outstanding": 100654.92
    },
    {
        "calculationDate": "20230507",
        "outstanding": 114472.31
    },
    {
        "calculationDate": "20190903",
        "outstanding": 98047.0
    },
    {
        "calculationDate": "20200918",
        "outstanding": 102279.0
    },
    {
        "calculationDate": "20180326",
        "outstanding": 39944.0
    },
    {
        "calculationDate": "20220827",
        "outstanding": 67842.0
    },
    {
        "calculationDate": "20190111",
        "outstanding": 99846.0
    },
    {
        "calculationDate": "20170313",
        "outstanding": 38888.0
    },
    {
        "calculationDate": "20171030",
        "outstanding": 97262.0
    },
    {
        "calculationDate": "20221216",
        "outstanding": 100536.45
    },
    {
        "calculationDate": "20180416",
        "outstanding": 45988.0
    },
    {
        "calculationDate": "20191213",
        "outstanding": 102115.0
    },
    {
        "calculationDate": "20151203",
        "outstanding": 51047.0
    },
    {
        "calculationDate": "20220205",
        "outstanding": 5367.0
    },
    {
        "calculationDate": "20220730",
        "outstanding": 18999.0
    },
    {
        "calculationDate": "20210105",
        "outstanding": 12457.0
    },
    {
        "calculationDate": "20201204",
        "outstanding": 7311.0
    },
    {
        "calculationDate": "20230504",
        "outstanding": 112906.28
    },
    {
        "calculationDate": "20200303",
        "outstanding": 99975.0
    },
    {
        "calculationDate": "20210406",
        "outstanding": 40101.0
    },
    {
        "calculationDate": "20160211",
        "outstanding": 76749.0
    },
    {
        "calculationDate": "20200609",
        "outstanding": 97877.0
    },
    {
        "calculationDate": "20221203",
        "outstanding": 102155.34
    },
    {
        "calculationDate": "20171005",
        "outstanding": 99798.0
    },
    {
        "calculationDate": "20191126",
        "outstanding": 97239.0
    },
    {
        "calculationDate": "20200228",
        "outstanding": 99975.0
    },
    {
        "calculationDate": "20210330",
        "outstanding": 39473.0
    },
    {
        "calculationDate": "20211221",
        "outstanding": 78054.0
    },
    {
        "calculationDate": "20180205",
        "outstanding": 96971.0
    },
    {
        "calculationDate": "20170515",
        "outstanding": 95114.0
    },
    {
        "calculationDate": "20180503",
        "outstanding": 49696.0
    },
    {
        "calculationDate": "20191129",
        "outstanding": 99300.0
    },
    {
        "calculationDate": "20220312",
        "outstanding": 473.0
    },
    {
        "calculationDate": "20230119",
        "outstanding": 102214.01
    },
    {
        "calculationDate": "20180514",
        "outstanding": 49843.0
    },
    {
        "calculationDate": "20170724",
        "outstanding": 101638.0
    },
    {
        "calculationDate": "20221029",
        "outstanding": 90239.0
    },
    {
        "calculationDate": "20180611",
        "outstanding": 60564.0
    },
    {
        "calculationDate": "20210312"
    },
    {
        "calculationDate": "20220813",
        "outstanding": 0.0
    },
    {
        "calculationDate": "20220310",
        "outstanding": 0.0
    },
    {
        "calculationDate": "20160125",
        "outstanding": 71056.0
    },
    {
        "calculationDate": "20190504",
        "outstanding": 97577.0
    },
    {
        "calculationDate": "20160926",
        "outstanding": 98904.0
    },
    {
        "calculationDate": "20200908",
        "outstanding": 99951.0
    },
    {
        "calculationDate": "20211216",
        "outstanding": 73822.0
    },
    {
        "calculationDate": "20190312",
        "outstanding": 97252.0
    },
    {
        "calculationDate": "20170403",
        "outstanding": 56227.0
    },
    {
        "calculationDate": "20170904",
        "outstanding": 98424.0
    },
    {
        "calculationDate": "20221129",
        "outstanding": 100767.17
    },
    {
        "calculationDate": "20181030",
        "outstanding": 94590.0
    },
    {
        "calculationDate": "20160226",
        "outstanding": 75628.0
    },
    {
        "calculationDate": "20170717",
        "outstanding": 101388.0
    },
    {
        "calculationDate": "20211225",
        "outstanding": 81506.0
    },
    {
        "calculationDate": "20220203",
        "outstanding": 97776.0
    },
    {
        "calculationDate": "20170525",
        "outstanding": 98950.0
    },
    {
        "calculationDate": "20181009",
        "outstanding": 86930.0
    },
    {
        "calculationDate": "20200501",
        "outstanding": 99892.0
    },
    {
        "calculationDate": "20211218",
        "outstanding": 74849.0
    },
    {
        "calculationDate": "20190305",
        "outstanding": 94776.0
    },
    {
        "calculationDate": "20151224",
        "outstanding": 52842.0
    },
    {
        "calculationDate": "20230323",
        "outstanding": 110288.62
    },
    {
        "calculationDate": "20210430",
        "outstanding": 40220.0
    },
    {
        "calculationDate": "20230525",
        "outstanding": 114843.65
    },
    {
        "calculationDate": "20210709",
        "outstanding": 81870.0
    },
    {
        "calculationDate": "20170331",
        "outstanding": 53914.0
    },
    {
        "calculationDate": "20220825",
        "outstanding": 67842.0
    },
    {
        "calculationDate": "20210907",
        "outstanding": 99982.0
    },
    {
        "calculationDate": "20221022",
        "outstanding": 95876.0
    },
    {
        "calculationDate": "20210126",
        "outstanding": 21311.0
    },
    {
        "calculationDate": "20171204",
        "outstanding": 98920.0
    },
    {
        "calculationDate": "20170320",
        "outstanding": 42946.0
    },
    {
        "calculationDate": "20210817",
        "outstanding": 97670.0
    },
    {
        "calculationDate": "20190802",
        "outstanding": 96865.0
    },
    {
        "calculationDate": "20211203",
        "outstanding": 60405.0
    },
    {
        "calculationDate": "20221229",
        "outstanding": 102685.48
    },
    {
        "calculationDate": "20180925",
        "outstanding": 82916.0
    },
    {
        "calculationDate": "20160407",
        "outstanding": 76216.0
    },
    {
        "calculationDate": "20171103",
        "outstanding": 98515.0
    },
    {
        "calculationDate": "20211228",
        "outstanding": 84197.0
    },
    {
        "calculationDate": "20210706",
        "outstanding": 81048.0
    },
    {
        "calculationDate": "20180315",
        "outstanding": 38323.0
    },
    {
        "calculationDate": "20200505",
        "outstanding": 99742.0
    },
    {
        "calculationDate": "20210108",
        "outstanding": 15839.0
    },
    {
        "calculationDate": "20221004",
        "outstanding": 98242.0
    },
    {
        "calculationDate": "20170508",
        "outstanding": 79729.0
    },
    {
        "calculationDate": "20200724",
        "outstanding": 95788.0
    },
    {
        "calculationDate": "20200911",
        "outstanding": 99877.0
    },
    {
        "calculationDate": "20200616",
        "outstanding": 102894.0
    },
    {
        "calculationDate": "20211105",
        "outstanding": 43742.0
    },
    {
        "calculationDate": "20210219",
        "outstanding": 27781.0
    },
    {
        "calculationDate": "20180607",
        "outstanding": 58131.0
    },
    {
        "calculationDate": "20160114",
        "outstanding": 77880.0
    },
    {
        "calculationDate": "20230114",
        "outstanding": 99663.25
    },
    {
        "calculationDate": "20210423",
        "outstanding": 48100.0
    },
    {
        "calculationDate": "20161107",
        "outstanding": 98190.0
    },
    {
        "calculationDate": "20200512",
        "outstanding": 101417.0
    },
    {
        "calculationDate": "20170605",
        "outstanding": 93830.0
    },
    {
        "calculationDate": "20220113",
        "outstanding": 94225.0
    },
    {
        "calculationDate": "20230316",
        "outstanding": 108765.38
    },
    {
        "calculationDate": "20171207",
        "outstanding": 99558.0
    },
    {
        "calculationDate": "20230321",
        "outstanding": 109118.02
    },
    {
        "calculationDate": "20220811",
        "outstanding": 5898.0
    },
    {
        "calculationDate": "20181005",
        "outstanding": 88682.0
    },
    {
        "calculationDate": "20160912",
        "outstanding": 98334.0
    },
    {
        "calculationDate": "20221020",
        "outstanding": 94971.0
    },
    {
        "calculationDate": "20181019",
        "outstanding": 93315.0
    },
    {
        "calculationDate": "20221110",
        "outstanding": 98492.29
    },
    {
        "calculationDate": "20210504",
        "outstanding": 42997.0
    },
    {
        "calculationDate": "20180409",
        "outstanding": 43377.0
    },
    {
        "calculationDate": "20200731",
        "outstanding": 99578.0
    },
    {
        "calculationDate": "20220315",
        "outstanding": 0.0
    },
    {
        "calculationDate": "20210730",
        "outstanding": 96764.0
    },
    {
        "calculationDate": "20160602",
        "outstanding": 93186.0
    },
    {
        "calculationDate": "20161031",
        "outstanding": 96728.0
    },
    {
        "calculationDate": "20210323",
        "outstanding": 39029.0
    },
    {
        "calculationDate": "20211214",
        "outstanding": 74847.0
    },
    {
        "calculationDate": "20170911",
        "outstanding": 102157.0
    }
]