[
    {
        "calculationDate": "20200203",
        "outstanding": 33951.0
    },
    {
        "calculationDate": "20210608",
        "outstanding": 2949.0
    },
    {
        "calculationDate": "20230306",
        "outstanding": 0.0
    },
    {
        "calculationDate": "20221205",
        "outstanding": 49940.0
    },
    {
        "calculationDate": "20220208",
        "outstanding": 120707.0
    },
    {
        "calculationDate": "20210906",
        "outstanding": 70914.0
    },
    {
        "calculationDate": "20191024",
        "outstanding": 0.0
    },
    {
        "calculationDate": "20210323",
        "outstanding": 0.0
    },
    {
        "calculationDate": "20220509",
        "outstanding": 613.0
    },
    {
        "calculationDate": "20210128",
        "outstanding": 0.0
    },
    {
        "calculationDate": "20230302",
        "outstanding": 0.0
    },
    {
        "calculationDate": "20211011",
        "outstanding": 0.0
    },
    {
        "calculationDate": "20220505",
        "outstanding": 21365.0
    },
    {
        "calculationDate": "20210712",
        "outstanding": 29.0
    },
    {
        "calculationDate": "20220825",
        "outstanding": 106240.0
    },
    {
        "calculationDate": "20221110",
        "outstanding": 0.0
    },
    {
        "calculationDate": "20220413",
        "outstanding": 85093.0
    },
    {
        "calculationDate": "20220108",
        "outstanding": 73707.0
    },
    {
        "calculationDate": "20210703",
        "outstanding": 1044.0
    },
    {
        "calculationDate": "20200206",
        "outstanding": 951.0
    },
    {
        "calculationDate": "20211122",
        "outstanding": 52546.0
    },
    {
        "calculationDate": "20220517",
        "outstanding": 487.0
    },
    {
        "calculationDate": "20210610",
        "outstanding": 85.0
    },
    {
        "calculationDate": "20220623",
        "outstanding": 0.0
    },
    {
        "calculationDate": "20230205",
        "outstanding": 95340.0
    },
    {
        "calculationDate": "20191205",
        "outstanding": 120992.0
    },
    {
        "calculationDate": "20210719",
        "outstanding": 0.0
    },
    {
        "calculationDate": "20220418",
        "outstanding": 70369.0
    },
    {
        "calculationDate": "20211125",
        "outstanding": 52546.0
    },
    {
        "calculationDate": "20220308",
        "outstanding": 118703.0
    },
    {
        "calculationDate": "20191231",
        "outstanding": 116988.0
    },
    {
        "calculationDate": "20211207",
        "outstanding": 3546.0
    },
    {
        "calculationDate": "20221231",
        "outstanding": 98340.0
    },
    {
        "calculationDate": "20220421",
        "outstanding": 31159.0
    },
    {
        "calculationDate": "20230212",
        "outstanding": 95340.0
    },
    {
        "calculationDate": "20220408",
        "outstanding": 112631.0
    },
    {
        "calculationDate": "20220906",
        "outstanding": 104140.0
    },
    {
        "calculationDate": "20221006",
        "outstanding": 74140.0
    },
    {
        "calculationDate": "20200220",
        "outstanding": 0.0
    }
]