[
    {
        "calculationDate": "20210716",
        "outstanding": 0.0
    },
    {
        "calculationDate": "20210615",
        "outstanding": 0.0
    },
    {
        "calculationDate": "20220127",
        "outstanding": 12598.0
    },
    {
        "calculationDate": "20211216",
        "outstanding": 9290.0
    },
    {
        "calculationDate": "20220215",
        "outstanding": 629.0
    },
    {
        "calculationDate": "20220217",
        "outstanding": 629.0
    },
    {
        "calculationDate": "20210219",
        "outstanding": 0.0
    },
    {
        "calculationDate": "20210316",
        "outstanding": 0.0
    },
    {
        "calculationDate": "20220219",
        "outstanding": 0.0
    },
    {
        "calculationDate": "20211109",
        "outstanding": 1195.0
    },
    {
        "calculationDate": "20220210",
        "outstanding": 7333.0
    },
    {
        "calculationDate": "20211230",
        "outstanding": 2483.0
    },
    {
        "calculationDate": "20211130",
        "outstanding": 2545.0
    },
    {
        "calculationDate": "20211203",
        "outstanding": 2655.0
    },
    {
        "calculationDate": "20210917",
        "outstanding": 0.0
    },
    {
        "calculationDate": "20211223",
        "outstanding": 1828.0
    },
    {
        "calculationDate": "20211210",
        "outstanding": 0.0
    },
    {
        "calculationDate": "20210226",
        "outstanding": 0.0
    },
    {
        "calculationDate": "20211022",
        "outstanding": 849.0
    },
    {
        "calculationDate": "20211119",
        "outstanding": 1535.0
    },
    {
        "calculationDate": "20211116",
        "outstanding": 1195.0
    },
    {
        "calculationDate": "20210903",
        "outstanding": 3562.0
    },
    {
        "calculationDate": "20210416",
        "outstanding": 0.0
    },
    {
        "calculationDate": "20210514",
        "outstanding": 0.0
    },
    {
        "calculationDate": "20220115",
        "outstanding": 526.0
    },
    {
        "calculationDate": "20210518",
        "outstanding": 0.0
    },
    {
        "calculationDate": "20220205",
        "outstanding": 3593.0
    },
    {
        "calculationDate": "20211221",
        "outstanding": 970.0
    },
    {
        "calculationDate": "20211207",
        "outstanding": 6650.0
    },
    {
        "calculationDate": "20211126",
        "outstanding": 0.0
    },
    {
        "calculationDate": "20210618",
        "outstanding": 0.0
    },
    {
        "calculationDate": "20210817",
        "outstanding": 0.0
    },
    {
        "calculationDate": "20210216",
        "outstanding": 0.0
    },
    {
        "calculationDate": "20211012",
        "outstanding": 0.0
    },
    {
        "calculationDate": "20220204",
        "outstanding": 1545.0
    },
    {
        "calculationDate": "20220212",
        "outstanding": 7799.0
    },
    {
        "calculationDate": "20220122",
        "outstanding": 2994.0
    },
    {
        "calculationDate": "20211124",
        "outstanding": 0.0
    },
    {
        "calculationDate": "20211001",
        "outstanding": 990.0
    },
    {
        "calculationDate": "20220301",
        "outstanding": 0.0
    },
    {
        "calculationDate": "20210907",
        "outstanding": 0.0
    },
    {
        "calculationDate": "20211029",
        "outstanding": 0.0
    },
    {
        "calculationDate": "20210224",
        "outstanding": 0.0
    },
    {
        "calculationDate": "20211026",
        "outstanding": 1582.0
    },
    {
        "calculationDate": "20220203",
        "outstanding": 15393.0
    },
    {
        "calculationDate": "20220226",
        "outstanding": 10676.0
    },
    {
        "calculationDate": "20220208",
        "outstanding": 6165.0
    },
    {
        "calculationDate": "20220224",
        "outstanding": 8395.0
    },
    {
        "calculationDate": "20211218",
        "outstanding": 0.0
    },
    {
        "calculationDate": "20220101",
        "outstanding": 0.0
    },
    {
        "calculationDate": "20220129",
        "outstanding": 13657.0
    },
    {
        "calculationDate": "20210413",
        "outstanding": 0.0
    },
    {
        "calculationDate": "20210813",
        "outstanding": 0.0
    },
    {
        "calculationDate": "20220222",
        "outstanding": 7146.0
    },
    {
        "calculationDate": "20211019",
        "outstanding": 0.0
    },
    {
        "calculationDate": "20220111",
        "outstanding": 339.0
    },
    {
        "calculationDate": "20210212",
        "outstanding": 0.0
    },
    {
        "calculationDate": "20220125",
        "outstanding": 10691.0
    },
    {
        "calculationDate": "20220118",
        "outstanding": 0.0
    },
    {
        "calculationDate": "20211214",
        "outstanding": 9290.0
    },
    {
        "calculationDate": "20220120",
        "outstanding": 2339.0
    }
]