[
    {
        "calculationDate": "20150917",
        "outstanding": 2006.0
    },
    {
        "calculationDate": "20160724",
        "outstanding": 0.0
    },
    {
        "calculationDate": "20170220",
        "outstanding": 449.0
    },
    {
        "calculationDate": "20150215",
        "outstanding": 4478.0
    },
    {
        "calculationDate": "20131229",
        "outstanding": 0.0
    },
    {
        "calculationDate": "20160224",
        "outstanding": 89029.0
    },
    {
        "calculationDate": "20150927",
        "outstanding": 12299.0
    },
    {
        "calculationDate": "20170417",
        "outstanding": 8742.0
    },
    {
        "calculationDate": "20150201",
        "outstanding": 1417.0
    },
    {
        "calculationDate": "20160825",
        "outstanding": 2304.0
    },
    {
        "calculationDate": "20170109",
        "outstanding": 19694.0
    },
    {
        "calculationDate": "20160217",
        "outstanding": 83141.0
    },
    {
        "calculationDate": "20150402",
        "outstanding": 7519.0
    },
    {
        "calculationDate": "20131013",
        "outstanding": 89440.0
    },
    {
        "calculationDate": "20161107",
        "outstanding": 4855.0
    },
    {
        "calculationDate": "20140209",
        "outstanding": 0.0
    },
    {
        "calculationDate": "20160124",
        "outstanding": 0.0
    },
    {
        "calculationDate": "20160703",
        "outstanding": 0.0
    },
    {
        "calculationDate": "20150426",
        "outstanding": 7470.0
    },
    {
        "calculationDate": "20150315",
        "outstanding": 12324.0
    },
    {
        "calculationDate": "20140302",
        "outstanding": 0.0
    },
    {
        "calculationDate": "20170818",
        "outstanding": 0.0
    },
    {
        "calculationDate": "20140309",
        "outstanding": 0.0
    },
    {
        "calculationDate": "20170822",
        "outstanding": 6928.0
    },
    {
        "calculationDate": "20141109",
        "outstanding": 18662.0
    },
    {
        "calculationDate": "20161110",
        "outstanding": 0.0
    },
    {
        "calculationDate": "20140427",
        "outstanding": 1972.0
    },
    {
        "calculationDate": "20170320",
        "outstanding": 0.0
    },
    {
        "calculationDate": "20160316",
        "outstanding": 73728.0
    },
    {
        "calculationDate": "20161117",
        "outstanding": 0.0
    },
    {
        "calculationDate": "20150614",
        "outstanding": 9852.0
    },
    {
        "calculationDate": "20141221",
        "outstanding": 0.0
    },
    {
        "calculationDate": "20170306",
        "outstanding": 7731.0
    },
    {
        "calculationDate": "20150712",
        "outstanding": 8155.0
    },
    {
        "calculationDate": "20161208",
        "outstanding": 6894.0
    },
    {
        "calculationDate": "20150308",
        "outstanding": 13924.0
    },
    {
        "calculationDate": "20160615",
        "outstanding": 1796.0
    },
    {
        "calculationDate": "20160427",
        "outstanding": 33549.0
    },
    {
        "calculationDate": "20140907",
        "outstanding": 17433.0
    },
    {
        "calculationDate": "20150802",
        "outstanding": 0.0
    },
    {
        "calculationDate": "20160608",
        "outstanding": 96.0
    },
    {
        "calculationDate": "20140608",
        "outstanding": 615.0
    },
    {
        "calculationDate": "20130929",
        "outstanding": 75837.0
    },
    {
        "calculationDate": "20161010",
        "outstanding": 7097.0
    },
    {
        "calculationDate": "20161227",
        "outstanding": 7525.0
    },
    {
        "calculationDate": "20170213",
        "outstanding": 5114.0
    },
    {
        "calculationDate": "20160807",
        "outstanding": 2059.0
    },
    {
        "calculationDate": "20150730",
        "outstanding": 0.0
    },
    {
        "calculationDate": "20130922",
        "outstanding": 77422.0
    },
    {
        "calculationDate": "20160420",
        "outstanding": 29995.0
    },
    {
        "calculationDate": "20170127",
        "outstanding": 6295.0
    },
    {
        "calculationDate": "20161212",
        "outstanding": 0.0
    },
    {
        "calculationDate": "20151126",
        "outstanding": 29813.0
    },
    {
        "calculationDate": "20150809",
        "outstanding": 11671.0
    },
    {
        "calculationDate": "20170717",
        "outstanding": 11552.0
    },
    {
        "calculationDate": "20161222",
        "outstanding": 2649.0
    },
    {
        "calculationDate": "20140330",
        "outstanding": 0.0
    },
    {
        "calculationDate": "20150118",
        "outstanding": 4483.0
    },
    {
        "calculationDate": "20141207",
        "outstanding": 0.0
    },
    {
        "calculationDate": "20151224",
        "outstanding": 34429.0
    },
    {
        "calculationDate": "20140106",
        "outstanding": 0.0
    },
    {
        "calculationDate": "20151025",
        "outstanding": 30484.0
    },
    {
        "calculationDate": "20150524",
        "outstanding": 6315.0
    },
    {
        "calculationDate": "20150628",
        "outstanding": 0.0
    },
    {
        "calculationDate": "20150423",
        "outstanding": 2238.0
    },
    {
        "calculationDate": "20150827",
        "outstanding": 22968.0
    },
    {
        "calculationDate": "20170605",
        "outstanding": 1358.0
    },
    {
        "calculationDate": "20160731",
        "outstanding": 1382.0
    },
    {
        "calculationDate": "20131208",
        "outstanding": 0.0
    },
    {
        "calculationDate": "20150302",
        "outstanding": 7974.0
    },
    {
        "calculationDate": "20151203",
        "outstanding": 0.0
    },
    {
        "calculationDate": "20131027",
        "outstanding": 87335.0
    },
    {
        "calculationDate": "20150723",
        "outstanding": 0.0
    },
    {
        "calculationDate": "20130825",
        "outstanding": 68409.0
    },
    {
        "calculationDate": "20140720",
        "outstanding": 201.0
    },
    {
        "calculationDate": "20150406",
        "outstanding": 12019.0
    },
    {
        "calculationDate": "20160525",
        "outstanding": 13558.0
    },
    {
        "calculationDate": "20130707",
        "outstanding": 8070.0
    },
    {
        "calculationDate": "20141019",
        "outstanding": 0.0
    },
    {
        "calculationDate": "20140504",
        "outstanding": 0.0
    },
    {
        "calculationDate": "20140727",
        "outstanding": 14204.0
    },
    {
        "calculationDate": "20160504",
        "outstanding": 30164.0
    },
    {
        "calculationDate": "20151122",
        "outstanding": 25228.0
    },
    {
        "calculationDate": "20141102",
        "outstanding": 16532.0
    },
    {
        "calculationDate": "20160417",
        "outstanding": 15082.0
    },
    {
        "calculationDate": "20140817",
        "outstanding": 0.0
    },
    {
        "calculationDate": "20150111",
        "outstanding": 0.0
    },
    {
        "calculationDate": "20151018",
        "outstanding": 28066.0
    },
    {
        "calculationDate": "20160922",
        "outstanding": 4120.0
    },
    {
        "calculationDate": "20160330",
        "outstanding": 3666.0
    },
    {
        "calculationDate": "20160912",
        "outstanding": 0.0
    },
    {
        "calculationDate": "20151119",
        "outstanding": 7062.0
    },
    {
        "calculationDate": "20170518",
        "outstanding": 7978.0
    },
    {
        "calculationDate": "20160901",
        "outstanding": 28863.0
    },
    {
        "calculationDate": "20170116",
        "outstanding": 9694.0
    },
    {
        "calculationDate": "20160406",
        "outstanding": 3681.0
    },
    {
        "calculationDate": "20140824",
        "outstanding": 0.0
    },
    {
        "calculationDate": "20131020",
        "outstanding": 89086.0
    },
    {
        "calculationDate": "20160501",
        "outstanding": 28764.0
    },
    {
        "calculationDate": "20131117",
        "outstanding": 0.0
    },
    {
        "calculationDate": "20160413",
        "outstanding": 13083.0
    },
    {
        "calculationDate": "20130728",
        "outstanding": 62463.0
    },
    {
        "calculationDate": "20131127",
        "outstanding": 9777.0
    },
    {
        "calculationDate": "20130811",
        "outstanding": 71165.0
    },
    {
        "calculationDate": "20170601",
        "outstanding": 0.0
    },
    {
        "calculationDate": "20160321",
        "outstanding": 0.0
    },
    {
        "calculationDate": "20140511",
        "outstanding": 0.0
    },
    {
        "calculationDate": "20160228",
        "outstanding": 92233.0
    },
    {
        "calculationDate": "20160424",
        "outstanding": 30636.0
    },
    {
        "calculationDate": "20160210",
        "outstanding": 119027.0
    },
    {
        "calculationDate": "20140316",
        "outstanding": 0.0
    },
    {
        "calculationDate": "20170721",
        "outstanding": 165.0
    },
    {
        "calculationDate": "20160529",
        "outstanding": 36320.0
    },
    {
        "calculationDate": "20170206",
        "outstanding": 8743.0
    },
    {
        "calculationDate": "20140323",
        "outstanding": 4746.0
    },
    {
        "calculationDate": "20150621",
        "outstanding": 0.0
    },
    {
        "calculationDate": "20130721",
        "outstanding": 60310.0
    },
    {
        "calculationDate": "20131006",
        "outstanding": 88699.0
    },
    {
        "calculationDate": "20170615",
        "outstanding": 4867.0
    },
    {
        "calculationDate": "20141228",
        "outstanding": 862.0
    },
    {
        "calculationDate": "20140810",
        "outstanding": 2738.0
    },
    {
        "calculationDate": "20170406",
        "outstanding": 4633.0
    },
    {
        "calculationDate": "20160327",
        "outstanding": 967.0
    },
    {
        "calculationDate": "20140119",
        "outstanding": 0.0
    },
    {
        "calculationDate": "20170227",
        "outstanding": 9922.0
    },
    {
        "calculationDate": "20170911",
        "outstanding": 0.0
    },
    {
        "calculationDate": "20160605",
        "outstanding": 0.0
    },
    {
        "calculationDate": "20150503",
        "outstanding": 0.0
    },
    {
        "calculationDate": "20160821",
        "outstanding": 0.0
    },
    {
        "calculationDate": "20151217",
        "outstanding": 32603.0
    },
    {
        "calculationDate": "20140518",
        "outstanding": 3036.0
    },
    {
        "calculationDate": "20160410",
        "outstanding": 8387.0
    },
    {
        "calculationDate": "20151227",
        "outstanding": 35480.0
    },
    {
        "calculationDate": "20161229",
        "outstanding": 7825.0
    },
    {
        "calculationDate": "20170629",
        "outstanding": 4620.0
    },
    {
        "calculationDate": "20140831",
        "outstanding": 38059.0
    },
    {
        "calculationDate": "20141005",
        "outstanding": 12482.0
    },
    {
        "calculationDate": "20160810",
        "outstanding": 7353.0
    },
    {
        "calculationDate": "20161103",
        "outstanding": 9389.0
    },
    {
        "calculationDate": "20151011",
        "outstanding": 0.0
    },
    {
        "calculationDate": "20141116",
        "outstanding": 0.0
    },
    {
        "calculationDate": "20160114",
        "outstanding": 30869.0
    },
    {
        "calculationDate": "20150719",
        "outstanding": 1469.0
    },
    {
        "calculationDate": "20170522",
        "outstanding": 9757.0
    },
    {
        "calculationDate": "20150604",
        "outstanding": 0.0
    },
    {
        "calculationDate": "20160926",
        "outstanding": 4120.0
    },
    {
        "calculationDate": "20160601",
        "outstanding": 37334.0
    },
    {
        "calculationDate": "20161121",
        "outstanding": 0.0
    },
    {
        "calculationDate": "20150507",
        "outstanding": 1753.0
    },
    {
        "calculationDate": "20140126",
        "outstanding": 169.0
    },
    {
        "calculationDate": "20131222",
        "outstanding": 18748.0
    },
    {
        "calculationDate": "20170612",
        "outstanding": 4277.0
    },
    {
        "calculationDate": "20130908",
        "outstanding": 79314.0
    },
    {
        "calculationDate": "20160915",
        "outstanding": 552.0
    },
    {
        "calculationDate": "20170216",
        "outstanding": 5553.0
    },
    {
        "calculationDate": "20151115",
        "outstanding": 4132.0
    },
    {
        "calculationDate": "20170313",
        "outstanding": 6457.0
    },
    {
        "calculationDate": "20170316",
        "outstanding": 0.0
    },
    {
        "calculationDate": "20161007",
        "outstanding": 4547.0
    },
    {
        "calculationDate": "20160110",
        "outstanding": 30537.0
    },
    {
        "calculationDate": "20161017",
        "outstanding": 3087.0
    },
    {
        "calculationDate": "20150816",
        "outstanding": 19425.0
    },
    {
        "calculationDate": "20160622",
        "outstanding": 0.0
    },
    {
        "calculationDate": "20161124",
        "outstanding": 0.0
    },
    {
        "calculationDate": "20160612",
        "outstanding": 1372.0
    },
    {
        "calculationDate": "20150419",
        "outstanding": 500.0
    },
    {
        "calculationDate": "20150820",
        "outstanding": 20676.0
    },
    {
        "calculationDate": "20170814",
        "outstanding": 0.0
    },
    {
        "calculationDate": "20160117",
        "outstanding": 31280.0
    },
    {
        "calculationDate": "20170608",
        "outstanding": 3900.0
    },
    {
        "calculationDate": "20170710",
        "outstanding": 9435.0
    },
    {
        "calculationDate": "20150806",
        "outstanding": 7387.0
    },
    {
        "calculationDate": "20141026",
        "outstanding": 0.0
    },
    {
        "calculationDate": "20170706",
        "outstanding": 7063.0
    },
    {
        "calculationDate": "20130818",
        "outstanding": 67759.0
    },
    {
        "calculationDate": "20130901",
        "outstanding": 74823.0
    },
    {
        "calculationDate": "20170302",
        "outstanding": 0.0
    },
    {
        "calculationDate": "20170120",
        "outstanding": 0.0
    },
    {
        "calculationDate": "20151022",
        "outstanding": 28729.0
    },
    {
        "calculationDate": "20141123",
        "outstanding": 0.0
    },
    {
        "calculationDate": "20170424",
        "outstanding": 8272.0
    },
    {
        "calculationDate": "20170727",
        "outstanding": 1815.0
    },
    {
        "calculationDate": "20161215",
        "outstanding": 0.0
    },
    {
        "calculationDate": "20160511",
        "outstanding": 31760.0
    },
    {
        "calculationDate": "20160323",
        "outstanding": 0.0
    },
    {
        "calculationDate": "20150329",
        "outstanding": 0.0
    },
    {
        "calculationDate": "20170508",
        "outstanding": 9746.0
    },
    {
        "calculationDate": "20130714",
        "outstanding": 10704.0
    },
    {
        "calculationDate": "20170713",
        "outstanding": 9886.0
    },
    {
        "calculationDate": "20150830",
        "outstanding": 23732.0
    },
    {
        "calculationDate": "20150920",
        "outstanding": 4176.0
    },
    {
        "calculationDate": "20151112",
        "outstanding": 0.0
    },
    {
        "calculationDate": "20140525",
        "outstanding": 7552.0
    },
    {
        "calculationDate": "20161024",
        "outstanding": 6964.0
    },
    {
        "calculationDate": "20150226",
        "outstanding": 12296.0
    },
    {
        "calculationDate": "20151105",
        "outstanding": 0.0
    },
    {
        "calculationDate": "20150313",
        "outstanding": 12324.0
    },
    {
        "calculationDate": "20140223",
        "outstanding": 0.0
    },
    {
        "calculationDate": "20170529",
        "outstanding": 0.0
    },
    {
        "calculationDate": "20150416",
        "outstanding": 0.0
    },
    {
        "calculationDate": "20170413",
        "outstanding": 7868.0
    },
    {
        "calculationDate": "20140601",
        "outstanding": 0.0
    },
    {
        "calculationDate": "20150103",
        "outstanding": 9692.0
    },
    {
        "calculationDate": "20150412",
        "outstanding": 16082.0
    },
    {
        "calculationDate": "20170619",
        "outstanding": 0.0
    },
    {
        "calculationDate": "20150607",
        "outstanding": 57.0
    },
    {
        "calculationDate": "20140928",
        "outstanding": 34149.0
    },
    {
        "calculationDate": "20150705",
        "outstanding": 0.0
    },
    {
        "calculationDate": "20160131",
        "outstanding": 81049.0
    },
    {
        "calculationDate": "20150726",
        "outstanding": 468.0
    },
    {
        "calculationDate": "20151220",
        "outstanding": 33409.0
    },
    {
        "calculationDate": "20161219",
        "outstanding": 7607.0
    },
    {
        "calculationDate": "20160710",
        "outstanding": 1225.0
    },
    {
        "calculationDate": "20160309",
        "outstanding": 92181.0
    },
    {
        "calculationDate": "20161031",
        "outstanding": 7783.0
    },
    {
        "calculationDate": "20150823",
        "outstanding": 21130.0
    },
    {
        "calculationDate": "20160313",
        "outstanding": 92689.0
    },
    {
        "calculationDate": "20161013",
        "outstanding": 0.0
    },
    {
        "calculationDate": "20141130",
        "outstanding": 7728.0
    },
    {
        "calculationDate": "20170627",
        "outstanding": 1678.0
    },
    {
        "calculationDate": "20170703",
        "outstanding": 6720.0
    },
    {
        "calculationDate": "20130804",
        "outstanding": 67063.0
    },
    {
        "calculationDate": "20170525",
        "outstanding": 10196.0
    },
    {
        "calculationDate": "20151208",
        "outstanding": 10513.0
    },
    {
        "calculationDate": "20160814",
        "outstanding": 8334.0
    },
    {
        "calculationDate": "20160905",
        "outstanding": 28863.0
    },
    {
        "calculationDate": "20170410",
        "outstanding": 7328.0
    },
    {
        "calculationDate": "20160302",
        "outstanding": 92968.0
    },
    {
        "calculationDate": "20130915",
        "outstanding": 80481.0
    },
    {
        "calculationDate": "20160515",
        "outstanding": 0.0
    },
    {
        "calculationDate": "20150514",
        "outstanding": 3031.0
    },
    {
        "calculationDate": "20150322",
        "outstanding": 8824.0
    },
    {
        "calculationDate": "20160127",
        "outstanding": 21473.0
    },
    {
        "calculationDate": "20131110",
        "outstanding": 42054.0
    },
    {
        "calculationDate": "20170511",
        "outstanding": 12653.0
    },
    {
        "calculationDate": "20160908",
        "outstanding": 0.0
    },
    {
        "outstanding": 0.0
    },
    {
        "calculationDate": "20150813",
        "outstanding": 19425.0
    },
    {
        "calculationDate": "20140420",
        "outstanding": 0.0
    },
    {
        "calculationDate": "20170918",
        "outstanding": 0.0
    },
    {
        "calculationDate": "20150305",
        "outstanding": 7974.0
    },
    {
        "calculationDate": "20170403",
        "outstanding": 2092.0
    },
    {
        "calculationDate": "20161027",
        "outstanding": 7219.0
    },
    {
        "calculationDate": "20131103",
        "outstanding": 57770.0
    },
    {
        "calculationDate": "20140413",
        "outstanding": 0.0
    },
    {
        "calculationDate": "20150903",
        "outstanding": 500.0
    },
    {
        "calculationDate": "20160306",
        "outstanding": 92137.0
    },
    {
        "calculationDate": "20160829",
        "outstanding": 28678.0
    },
    {
        "calculationDate": "20161205",
        "outstanding": 4165.0
    },
    {
        "calculationDate": "20150910",
        "outstanding": 0.0
    },
    {
        "calculationDate": "20160518",
        "outstanding": 12760.0
    },
    {
        "calculationDate": "20140216",
        "outstanding": 2493.0
    },
    {
        "calculationDate": "20140921",
        "outstanding": 0.0
    },
    {
        "calculationDate": "20160203",
        "outstanding": 119357.0
    },
    {
        "calculationDate": "20140629",
        "outstanding": 18049.0
    },
    {
        "calculationDate": "20140202",
        "outstanding": 0.0
    },
    {
        "calculationDate": "20170810",
        "outstanding": 7761.0
    },
    {
        "calculationDate": "20150208",
        "outstanding": 3508.0
    },
    {
        "calculationDate": "20140615",
        "outstanding": 5008.0
    },
    {
        "calculationDate": "20141214",
        "outstanding": 2071.0
    },
    {
        "calculationDate": "20151129",
        "outstanding": 30622.0
    },
    {
        "calculationDate": "20150128",
        "outstanding": 0.0
    },
    {
        "calculationDate": "20160817",
        "outstanding": 0.0
    },
    {
        "calculationDate": "20130630",
        "outstanding": 5350.0
    },
    {
        "calculationDate": "20150326",
        "outstanding": 8883.0
    },
    {
        "calculationDate": "20170106",
        "outstanding": 18055.0
    },
    {
        "calculationDate": "20140914",
        "outstanding": 21128.0
    },
    {
        "calculationDate": "20150124",
        "outstanding": 6041.0
    },
    {
        "calculationDate": "20150222",
        "outstanding": 17296.0
    },
    {
        "calculationDate": "20151213",
        "outstanding": 23592.0
    },
    {
        "calculationDate": "20150430",
        "outstanding": 0.0
    },
    {
        "calculationDate": "20150319",
        "outstanding": 10324.0
    },
    {
        "calculationDate": "20170209",
        "outstanding": 9453.0
    },
    {
        "calculationDate": "20140406",
        "outstanding": 0.0
    },
    {
        "calculationDate": "20150510",
        "outstanding": 4221.0
    },
    {
        "calculationDate": "20160403",
        "outstanding": 4054.0
    },
    {
        "calculationDate": "20131215",
        "outstanding": 20919.0
    },
    {
        "calculationDate": "20170803",
        "outstanding": 10024.0
    }
]