[
    {
        "calculationDate": "20220503",
        "outstanding": 20513.0
    },
    {
        "calculationDate": "20230212",
        "outstanding": 241302.11
    },
    {
        "calculationDate": "20220504",
        "outstanding": 23440.0
    },
    {
        "calculationDate": "20220413",
        "outstanding": 0.0
    },
    {
        "calculationDate": "20220527",
        "outstanding": 66260.0
    },
    {
        "calculationDate": "20220509",
        "outstanding": 26677.0
    },
    {
        "calculationDate": "20230601",
        "outstanding": 212689.23
    },
    {
        "calculationDate": "20220705",
        "outstanding": 44259.0
    },
    {
        "calculationDate": "20230115",
        "outstanding": 91927.53
    },
    {
        "calculationDate": "20220524",
        "outstanding": 65202.0
    },
    {
        "calculationDate": "20220722",
        "outstanding": 113045.0
    },
    {
        "calculationDate": "20220713",
        "outstanding": 59949.0
    },
    {
        "calculationDate": "20230423",
        "outstanding": 64919.55
    },
    {
        "calculationDate": "20220511",
        "outstanding": 36165.0
    },
    {
        "calculationDate": "20220520",
        "outstanding": 50872.0
    },
    {
        "calculationDate": "20230216",
        "outstanding": 241302.11
    },
    {
        "calculationDate": "20230221",
        "outstanding": 241302.11
    },
    {
        "calculationDate": "20230509",
        "outstanding": 132039.05
    },
    {
        "calculationDate": "20230523",
        "outstanding": 172947.23
    },
    {
        "calculationDate": "20230430",
        "outstanding": 98179.5
    },
    {
        "calculationDate": "20220805",
        "outstanding": 157202.0
    },
    {
        "calculationDate": "20220530",
        "outstanding": 65260.0
    },
    {
        "calculationDate": "20220518",
        "outstanding": 47551.0
    },
    {
        "calculationDate": "20220615",
        "outstanding": 39614.0
    },
    {
        "calculationDate": "20220802",
        "outstanding": 147650.0
    },
    {
        "calculationDate": "20230312",
        "outstanding": 264286.62
    },
    {
        "calculationDate": "20230613",
        "outstanding": 212405.81
    },
    {
        "calculationDate": "20220617",
        "outstanding": 44259.0
    },
    {
        "calculationDate": "20220718",
        "outstanding": 85500.0
    },
    {
        "calculationDate": "20230425",
        "outstanding": 70556.65
    },
    {
        "calculationDate": "20220729",
        "outstanding": 143787.0
    },
    {
        "calculationDate": "20230528",
        "outstanding": 212689.23
    },
    {
        "calculationDate": "20230404",
        "outstanding": 20198.25
    },
    {
        "calculationDate": "20230416",
        "outstanding": 56934.29
    },
    {
        "calculationDate": "20230418",
        "outstanding": 57845.7
    },
    {
        "calculationDate": "20220721",
        "outstanding": 98448.0
    },
    {
        "calculationDate": "20220422",
        "outstanding": 11446.0
    },
    {
        "calculationDate": "20230518",
        "outstanding": 164640.04
    },
    {
        "calculationDate": "20230219",
        "outstanding": 241302.11
    },
    {
        "calculationDate": "20230228",
        "outstanding": 241302.11
    },
    {
        "calculationDate": "20230214",
        "outstanding": 241302.11
    },
    {
        "calculationDate": "20230611",
        "outstanding": 217937.99
    },
    {
        "calculationDate": "20220526",
        "outstanding": 66260.0
    },
    {
        "calculationDate": "20221004",
        "outstanding": 0.0
    },
    {
        "calculationDate": "20230305",
        "outstanding": 257005.28
    },
    {
        "calculationDate": "20230112",
        "outstanding": 91927.53
    },
    {
        "calculationDate": "20220421",
        "outstanding": 5425.0
    },
    {
        "calculationDate": "20230406",
        "outstanding": 27812.21
    },
    {
        "calculationDate": "20221019",
        "outstanding": 0.0
    },
    {
        "calculationDate": "20230409",
        "outstanding": 28290.68
    },
    {
        "calculationDate": "20230302",
        "outstanding": 241302.11
    },
    {
        "calculationDate": "20220425",
        "outstanding": 13635.0
    },
    {
        "calculationDate": "20220804",
        "outstanding": 156124.0
    },
    {
        "calculationDate": "20220808",
        "outstanding": 158658.0
    },
    {
        "calculationDate": "20230502",
        "outstanding": 124795.37
    },
    {
        "calculationDate": "20230521",
        "outstanding": 169980.11
    },
    {
        "calculationDate": "20220715",
        "outstanding": 63358.0
    },
    {
        "calculationDate": "20230117",
        "outstanding": 91927.53
    },
    {
        "calculationDate": "20230525",
        "outstanding": 215789.23
    },
    {
        "calculationDate": "20220603",
        "outstanding": 69264.0
    },
    {
        "calculationDate": "20220727",
        "outstanding": 143424.0
    },
    {
        "calculationDate": "20230427",
        "outstanding": 88172.43
    },
    {
        "calculationDate": "20230516",
        "outstanding": 148870.37
    },
    {
        "calculationDate": "20220905",
        "outstanding": 0.0
    },
    {
        "calculationDate": "20230314",
        "outstanding": 264286.62
    },
    {
        "calculationDate": "20220812",
        "outstanding": 0.0
    },
    {
        "calculationDate": "20220606",
        "outstanding": 73334.0
    },
    {
        "calculationDate": "20230402",
        "outstanding": 20198.25
    },
    {
        "calculationDate": "20220613",
        "outstanding": 34659.0
    },
    {
        "calculationDate": "20230411",
        "outstanding": 44002.28
    },
    {
        "calculationDate": "20220516",
        "outstanding": 43781.0
    },
    {
        "calculationDate": "20220513",
        "outstanding": 42624.0
    },
    {
        "calculationDate": "20230119",
        "outstanding": 91927.53
    },
    {
        "calculationDate": "20220725",
        "outstanding": 127326.0
    },
    {
        "calculationDate": "20230413",
        "outstanding": 0.0
    },
    {
        "calculationDate": "20230511",
        "outstanding": 138130.37
    },
    {
        "calculationDate": "20230504",
        "outstanding": 125835.81
    },
    {
        "calculationDate": "20220602",
        "outstanding": 65260.0
    }
]