[
    {
        "calculationDate": "20190327",
        "outstanding": 218624.0
    },
    {
        "calculationDate": "20200119",
        "outstanding": 54770.0
    },
    {
        "calculationDate": "20200605",
        "outstanding": 0.0
    },
    {
        "calculationDate": "20200704",
        "outstanding": 0.0
    },
    {
        "calculationDate": "20191105",
        "outstanding": 0.0
    },
    {
        "calculationDate": "20200806",
        "outstanding": 0.0
    },
    {
        "calculationDate": "20200325",
        "outstanding": 129143.0
    },
    {
        "calculationDate": "20190806",
        "outstanding": 257460.0
    },
    {
        "calculationDate": "20190203",
        "outstanding": 248513.0
    },
    {
        "calculationDate": "20200116",
        "outstanding": 64672.0
    },
    {
        "calculationDate": "20190504",
        "outstanding": 0.0
    },
    {
        "calculationDate": "20200304",
        "outstanding": 0.0
    },
    {
        "calculationDate": "20190818",
        "outstanding": 276044.0
    },
    {
        "calculationDate": "20190705",
        "outstanding": 240199.0
    },
    {
        "calculationDate": "20200328",
        "outstanding": 57277.0
    },
    {
        "calculationDate": "20190104",
        "outstanding": 260547.0
    },
    {
        "calculationDate": "20191221",
        "outstanding": 259633.0
    },
    {
        "calculationDate": "20190921",
        "outstanding": 263024.0
    },
    {
        "calculationDate": "20190422",
        "outstanding": 192491.0
    },
    {
        "calculationDate": "20190414",
        "outstanding": 206082.0
    },
    {
        "calculationDate": "20200801",
        "outstanding": 99418.0
    },
    {
        "calculationDate": "20190905",
        "outstanding": 279461.0
    },
    {
        "calculationDate": "20200108",
        "outstanding": 88905.0
    },
    {
        "calculationDate": "20200203",
        "outstanding": 25344.0
    },
    {
        "calculationDate": "20191224",
        "outstanding": 192594.0
    },
    {
        "calculationDate": "20190306",
        "outstanding": 230907.0
    },
    {
        "calculationDate": "20200102",
        "outstanding": 98604.0
    },
    {
        "calculationDate": "20200113",
        "outstanding": 74447.0
    },
    {
        "calculationDate": "20200206",
        "outstanding": 0.0
    },
    {
        "calculationDate": "20191004",
        "outstanding": 301708.0
    },
    {
        "calculationDate": "20200503",
        "outstanding": 0.0
    },
    {
        "calculationDate": "20190206",
        "outstanding": 240766.0
    },
    {
        "calculationDate": "20200905",
        "outstanding": 0.0
    },
    {
        "calculationDate": "20200406",
        "outstanding": 0.0
    },
    {
        "calculationDate": "20191217",
        "outstanding": 283063.0
    },
    {
        "calculationDate": "20190107",
        "outstanding": 246115.0
    },
    {
        "calculationDate": "20200403",
        "outstanding": 6883.0
    },
    {
        "calculationDate": "20190908",
        "outstanding": 277504.0
    },
    {
        "calculationDate": "20201005",
        "outstanding": 0.0
    },
    {
        "calculationDate": "20200331",
        "outstanding": 57798.0
    },
    {
        "calculationDate": "20191230",
        "outstanding": 123322.0
    },
    {
        "calculationDate": "20190405",
        "outstanding": 219771.0
    },
    {
        "calculationDate": "20190709",
        "outstanding": 162106.0
    },
    {
        "calculationDate": "20200812",
        "outstanding": 0.0
    },
    {
        "calculationDate": "20190607",
        "outstanding": 0.0
    },
    {
        "calculationDate": "20191227",
        "outstanding": 133122.0
    },
    {
        "calculationDate": "20190425",
        "outstanding": 0.0
    },
    {
        "calculationDate": "20200105",
        "outstanding": 88905.0
    },
    {
        "calculationDate": "20200803",
        "outstanding": 0.0
    },
    {
        "calculationDate": "20190303",
        "outstanding": 246356.0
    }
]