[
    {
        "calculationDate": "20190426",
        "outstanding": 385.0
    },
    {
        "calculationDate": "20200204",
        "outstanding": 46963.0
    },
    {
        "calculationDate": "20190524",
        "outstanding": 0.0
    },
    {
        "calculationDate": "20200731",
        "outstanding": 54752.0
    },
    {
        "calculationDate": "20200825",
        "outstanding": 0.0
    },
    {
        "calculationDate": "20200424",
        "outstanding": 0.0
    },
    {
        "calculationDate": "20200428",
        "outstanding": 0.0
    },
    {
        "calculationDate": "20201027",
        "outstanding": 0.0
    },
    {
        "calculationDate": "20200310",
        "outstanding": 0.0
    },
    {
        "calculationDate": "20190827",
        "outstanding": 82743.0
    },
    {
        "calculationDate": "20190913",
        "outstanding": 87323.0
    },
    {
        "calculationDate": "20191122",
        "outstanding": 0.0
    },
    {
        "calculationDate": "20200124",
        "outstanding": 0.0
    },
    {
        "calculationDate": "20190329",
        "outstanding": 21586.0
    },
    {
        "calculationDate": "20200526",
        "outstanding": 0.0
    },
    {
        "calculationDate": "20200807",
        "outstanding": 0.0
    },
    {
        "calculationDate": "20190517",
        "outstanding": 0.0
    },
    {
        "calculationDate": "20191025",
        "outstanding": 0.0
    },
    {
        "calculationDate": "20190709",
        "outstanding": 132563.0
    },
    {
        "calculationDate": "20200814",
        "outstanding": 0.0
    },
    {
        "calculationDate": "20190226",
        "outstanding": 28501.0
    },
    {
        "calculationDate": "20190412",
        "outstanding": 14586.0
    },
    {
        "calculationDate": "20190816",
        "outstanding": 127384.0
    },
    {
        "calculationDate": "20190108",
        "outstanding": 31450.0
    },
    {
        "calculationDate": "20190625",
        "outstanding": 0.0
    },
    {
        "calculationDate": "20190910",
        "outstanding": 78743.0
    },
    {
        "calculationDate": "20191227",
        "outstanding": 0.0
    },
    {
        "calculationDate": "20200225",
        "outstanding": 48431.0
    },
    {
        "calculationDate": "20200925",
        "outstanding": 0.0
    },
    {
        "calculationDate": "20200804",
        "outstanding": 30875.0
    },
    {
        "calculationDate": "20191029",
        "outstanding": 0.0
    },
    {
        "calculationDate": "20191224",
        "outstanding": 0.0
    },
    {
        "calculationDate": "20191011",
        "outstanding": 0.0
    },
    {
        "calculationDate": "20200626",
        "outstanding": 0.0
    },
    {
        "calculationDate": "20200724",
        "outstanding": 29437.0
    },
    {
        "calculationDate": "20200918",
        "outstanding": 0.0
    },
    {
        "calculationDate": "20200623",
        "outstanding": 0.0
    },
    {
        "calculationDate": "20190927",
        "outstanding": 132460.0
    },
    {
        "calculationDate": "20191126",
        "outstanding": 0.0
    },
    {
        "calculationDate": "20190208",
        "outstanding": 30122.0
    },
    {
        "calculationDate": "20200327",
        "outstanding": 0.0
    },
    {
        "calculationDate": "20190806",
        "outstanding": 131884.0
    },
    {
        "calculationDate": "20190125",
        "outstanding": 33122.0
    },
    {
        "calculationDate": "20200904",
        "outstanding": 2000.0
    },
    {
        "calculationDate": "20190423",
        "outstanding": 0.0
    },
    {
        "calculationDate": "20190820",
        "outstanding": 127384.0
    },
    {
        "calculationDate": "20190308",
        "outstanding": 25501.0
    },
    {
        "calculationDate": "20190409",
        "outstanding": 19586.0
    },
    {
        "calculationDate": "20190823",
        "outstanding": 77384.0
    },
    {
        "calculationDate": "20200128",
        "outstanding": 0.0
    },
    {
        "calculationDate": "20200324",
        "outstanding": 0.0
    },
    {
        "calculationDate": "20190528",
        "outstanding": 0.0
    },
    {
        "calculationDate": "20200812",
        "outstanding": 0.0
    },
    {
        "calculationDate": "20191008",
        "outstanding": 0.0
    },
    {
        "calculationDate": "20190924",
        "outstanding": 132460.0
    },
    {
        "calculationDate": "20200728",
        "outstanding": 0.0
    },
    {
        "calculationDate": "20190726",
        "outstanding": 135884.0
    },
    {
        "calculationDate": "20190809",
        "outstanding": 127884.0
    },
    {
        "calculationDate": "20200901",
        "outstanding": 0.0
    },
    {
        "calculationDate": "20200908",
        "outstanding": 2000.0
    },
    {
        "calculationDate": "20201002",
        "outstanding": 0.0
    }
]