[
    {
        "calculationDate": "20190301",
        "outstanding": 34453.0
    },
    {
        "calculationDate": "20180816",
        "outstanding": 16203.0
    },
    {
        "calculationDate": "20190312",
        "outstanding": 49648.0
    },
    {
        "calculationDate": "20200630",
        "outstanding": 0.0
    },
    {
        "outstanding": 18232.0
    },
    {
        "calculationDate": "20200731",
        "outstanding": 0.0
    },
    {
        "calculationDate": "20191031",
        "outstanding": 58014.0
    },
    {
        "calculationDate": "20180827",
        "outstanding": 19705.0
    },
    {
        "calculationDate": "20190429",
        "outstanding": 0.0
    },
    {
        "calculationDate": "20180815",
        "outstanding": 13203.0
    },
    {
        "calculationDate": "20190731",
        "outstanding": 78724.0
    },
    {
        "calculationDate": "20190606",
        "outstanding": 89722.0
    },
    {
        "calculationDate": "20210511",
        "outstanding": 0.0
    },
    {
        "calculationDate": "20200115",
        "outstanding": 48051.0
    },
    {
        "calculationDate": "20200124",
        "outstanding": 65448.0
    },
    {
        "calculationDate": "20181130",
        "outstanding": 29012.0
    },
    {
        "calculationDate": "20201029",
        "outstanding": 0.0
    },
    {
        "calculationDate": "20190121",
        "outstanding": 11928.0
    },
    {
        "calculationDate": "20210422",
        "outstanding": 43762.0
    },
    {
        "calculationDate": "20200123",
        "outstanding": 63132.0
    },
    {
        "calculationDate": "20190802",
        "outstanding": 68724.0
    },
    {
        "calculationDate": "20180731",
        "outstanding": 0.0
    },
    {
        "calculationDate": "20210630",
        "outstanding": 0.0
    },
    {
        "calculationDate": "20200118",
        "outstanding": 48459.0
    },
    {
        "calculationDate": "20181011",
        "outstanding": 20510.0
    },
    {
        "calculationDate": "20200813",
        "outstanding": 49554.0
    },
    {
        "calculationDate": "20190320",
        "outstanding": 51626.0
    },
    {
        "calculationDate": "20200811",
        "outstanding": 22779.0
    },
    {
        "calculationDate": "20191105",
        "outstanding": 0.0
    },
    {
        "calculationDate": "20201001",
        "outstanding": 13058.0
    },
    {
        "calculationDate": "20190420",
        "outstanding": 41351.0
    },
    {
        "calculationDate": "20180807",
        "outstanding": 4320.0
    },
    {
        "calculationDate": "20180813",
        "outstanding": 8815.0
    },
    {
        "calculationDate": "20191015",
        "outstanding": 32223.0
    },
    {
        "calculationDate": "20181031",
        "outstanding": 49509.0
    },
    {
        "calculationDate": "20180920",
        "outstanding": 21764.0
    },
    {
        "calculationDate": "20201231",
        "outstanding": 0.0
    },
    {
        "calculationDate": "20190427",
        "outstanding": 9351.0
    },
    {
        "calculationDate": "20190123",
        "outstanding": 13590.0
    },
    {
        "calculationDate": "20200430",
        "outstanding": 0.0
    },
    {
        "calculationDate": "20190116",
        "outstanding": 9912.0
    },
    {
        "calculationDate": "20180822",
        "outstanding": 17703.0
    },
    {
        "calculationDate": "20190122",
        "outstanding": 13318.0
    },
    {
        "calculationDate": "20190331",
        "outstanding": 51626.0
    },
    {
        "calculationDate": "20210412",
        "outstanding": 12999.0
    },
    {
        "calculationDate": "20180930",
        "outstanding": 21764.0
    },
    {
        "calculationDate": "20200207",
        "outstanding": 60448.0
    },
    {
        "calculationDate": "20190228",
        "outstanding": 34953.0
    },
    {
        "calculationDate": "20190930",
        "outstanding": 38223.0
    },
    {
        "calculationDate": "20181201",
        "outstanding": 16912.0
    },
    {
        "calculationDate": "20190531",
        "outstanding": 99722.0
    },
    {
        "calculationDate": "20180902",
        "outstanding": 9705.0
    },
    {
        "calculationDate": "20190409",
        "outstanding": 41626.0
    },
    {
        "calculationDate": "20181231",
        "outstanding": 16912.0
    },
    {
        "calculationDate": "20181012",
        "outstanding": 49509.0
    },
    {
        "calculationDate": "20180823",
        "outstanding": 18702.0
    },
    {
        "calculationDate": "20210205",
        "outstanding": 94458.0
    },
    {
        "calculationDate": "20210131",
        "outstanding": 0.0
    },
    {
        "calculationDate": "20200920",
        "outstanding": 28058.0
    },
    {
        "calculationDate": "20181120",
        "outstanding": 29012.0
    },
    {
        "calculationDate": "20210304",
        "outstanding": 0.0
    },
    {
        "calculationDate": "20200531",
        "outstanding": 0.0
    },
    {
        "calculationDate": "20191021",
        "outstanding": 39891.0
    },
    {
        "calculationDate": "20210420",
        "outstanding": 22762.0
    },
    {
        "calculationDate": "20181108",
        "outstanding": 29509.0
    },
    {
        "calculationDate": "20190702",
        "outstanding": 78724.0
    },
    {
        "calculationDate": "20190126",
        "outstanding": 0.0
    },
    {
        "calculationDate": "20200120",
        "outstanding": 50400.0
    },
    {
        "calculationDate": "20181008",
        "outstanding": 0.0
    },
    {
        "calculationDate": "20200303",
        "outstanding": 40186.0
    },
    {
        "calculationDate": "20201130",
        "outstanding": 0.0
    },
    {
        "calculationDate": "20191020",
        "outstanding": 31841.0
    },
    {
        "calculationDate": "20180903",
        "outstanding": 22085.0
    },
    {
        "calculationDate": "20190620",
        "outstanding": 88724.0
    },
    {
        "calculationDate": "20210217",
        "outstanding": 69458.0
    },
    {
        "calculationDate": "20190311",
        "outstanding": 33625.0
    },
    {
        "calculationDate": "20190926",
        "outstanding": 38223.0
    },
    {
        "calculationDate": "20181009",
        "outstanding": 12764.0
    },
    {
        "calculationDate": "20200317",
        "outstanding": 0.0
    },
    {
        "calculationDate": "20200908",
        "outstanding": 28554.0
    },
    {
        "calculationDate": "20200122",
        "outstanding": 60299.0
    },
    {
        "calculationDate": "20190313",
        "outstanding": 51977.0
    },
    {
        "calculationDate": "20190630",
        "outstanding": 88724.0
    },
    {
        "outstanding": 49551.0
    },
    {
        "calculationDate": "20190208",
        "outstanding": 17090.0
    },
    {
        "calculationDate": "20180831",
        "outstanding": 19705.0
    },
    {
        "calculationDate": "20191024",
        "outstanding": 40890.0
    },
    {
        "calculationDate": "20190218",
        "outstanding": 34990.0
    },
    {
        "calculationDate": "20190513",
        "outstanding": 99722.0
    },
    {
        "calculationDate": "20200826",
        "outstanding": 43554.0
    },
    {
        "calculationDate": "20190827",
        "outstanding": 0.0
    },
    {
        "calculationDate": "20190220",
        "outstanding": 34953.0
    },
    {
        "calculationDate": "20210731",
        "outstanding": 0.0
    },
    {
        "calculationDate": "20190117",
        "outstanding": 9912.0
    },
    {
        "calculationDate": "20200220",
        "outstanding": 60186.0
    }
]