[
    {
        "calculationDate": "20190220",
        "outstanding": 2289.0
    },
    {
        "calculationDate": "20180712",
        "outstanding": 4954.0
    },
    {
        "calculationDate": "20190407",
        "outstanding": 18.0
    },
    {
        "calculationDate": "20180610",
        "outstanding": 995.0
    },
    {
        "calculationDate": "20190108",
        "outstanding": 20.0
    },
    {
        "calculationDate": "20180628",
        "outstanding": 8274.0
    },
    {
        "calculationDate": "20180817",
        "outstanding": 2732.0
    },
    {
        "calculationDate": "20190123",
        "outstanding": 1275.0
    },
    {
        "calculationDate": "20190416",
        "outstanding": 18.0
    },
    {
        "calculationDate": "20180924",
        "outstanding": 6030.0
    },
    {
        "calculationDate": "20190118",
        "outstanding": 20.0
    },
    {
        "calculationDate": "20190116",
        "outstanding": 2760.0
    },
    {
        "calculationDate": "20180616",
        "outstanding": 5120.0
    },
    {
        "calculationDate": "20181108",
        "outstanding": 9085.0
    },
    {
        "calculationDate": "20181023",
        "outstanding": 5611.0
    },
    {
        "calculationDate": "20190222",
        "outstanding": 3261.0
    },
    {
        "calculationDate": "20180719",
        "outstanding": 3708.0
    },
    {
        "calculationDate": "20181102",
        "outstanding": 8910.0
    },
    {
        "calculationDate": "20190314",
        "outstanding": 0.0
    },
    {
        "calculationDate": "20181027",
        "outstanding": 5611.0
    },
    {
        "calculationDate": "20190209",
        "outstanding": 4291.0
    },
    {
        "calculationDate": "20190226",
        "outstanding": 3261.0
    },
    {
        "calculationDate": "20181011",
        "outstanding": 8056.0
    },
    {
        "calculationDate": "20180828",
        "outstanding": 2800.0
    },
    {
        "calculationDate": "20180910",
        "outstanding": 7371.0
    },
    {
        "calculationDate": "20181013",
        "outstanding": 9669.0
    },
    {
        "calculationDate": "20181130",
        "outstanding": 5300.0
    },
    {
        "calculationDate": "20190312",
        "outstanding": 2113.0
    },
    {
        "calculationDate": "20180815",
        "outstanding": 6779.0
    },
    {
        "calculationDate": "20190131",
        "outstanding": 3941.0
    },
    {
        "calculationDate": "20180709",
        "outstanding": 5104.0
    },
    {
        "calculationDate": "20190202",
        "outstanding": 2482.0
    },
    {
        "calculationDate": "20180809",
        "outstanding": 4290.0
    },
    {
        "calculationDate": "20180918",
        "outstanding": 4714.0
    },
    {
        "calculationDate": "20190308",
        "outstanding": 3341.0
    },
    {
        "calculationDate": "20181017",
        "outstanding": 7669.0
    },
    {
        "calculationDate": "20180704",
        "outstanding": 8555.0
    },
    {
        "calculationDate": "20190212",
        "outstanding": 5032.0
    },
    {
        "calculationDate": "20181002",
        "outstanding": 7930.0
    },
    {
        "calculationDate": "20180614",
        "outstanding": 2134.0
    },
    {
        "calculationDate": "20180811",
        "outstanding": 5580.0
    },
    {
        "calculationDate": "20180730",
        "outstanding": 8013.0
    },
    {
        "calculationDate": "20180819",
        "outstanding": 3000.0
    },
    {
        "calculationDate": "20180908",
        "outstanding": 4156.0
    },
    {
        "calculationDate": "20190417",
        "outstanding": 0.0
    },
    {
        "calculationDate": "20181215",
        "outstanding": 1822.0
    },
    {
        "calculationDate": "20180621",
        "outstanding": 4928.0
    },
    {
        "calculationDate": "20190206",
        "outstanding": 4259.0
    },
    {
        "calculationDate": "20181225",
        "outstanding": 0.0
    },
    {
        "calculationDate": "20181006",
        "outstanding": 8056.0
    },
    {
        "calculationDate": "20181114",
        "outstanding": 5300.0
    },
    {
        "calculationDate": "20180914",
        "outstanding": 4288.0
    },
    {
        "calculationDate": "20180930",
        "outstanding": 6472.0
    },
    {
        "calculationDate": "20181208",
        "outstanding": 1822.0
    },
    {
        "calculationDate": "20180706",
        "outstanding": 5000.0
    }
]