[
    {
        "calculationDate": "20190605",
        "outstanding": 54148.0
    },
    {
        "calculationDate": "20190609",
        "outstanding": 59125.0
    },
    {
        "calculationDate": "20190703",
        "outstanding": 73434.0
    },
    {
        "calculationDate": "20190925",
        "outstanding": 0.0
    },
    {
        "calculationDate": "20190714",
        "outstanding": 40263.0
    },
    {
        "calculationDate": "20190901",
        "outstanding": 50041.0
    },
    {
        "calculationDate": "20190421",
        "outstanding": 31236.0
    },
    {
        "calculationDate": "20190505",
        "outstanding": 50980.0
    },
    {
        "calculationDate": "20190623",
        "outstanding": 49036.0
    },
    {
        "calculationDate": "20190922",
        "outstanding": 0.0
    },
    {
        "calculationDate": "20190612",
        "outstanding": 79846.0
    },
    {
        "calculationDate": "20190728",
        "outstanding": 38165.0
    },
    {
        "calculationDate": "20190630",
        "outstanding": 69198.0
    },
    {
        "calculationDate": "20190616",
        "outstanding": 77700.0
    },
    {
        "calculationDate": "20190626",
        "outstanding": 49036.0
    },
    {
        "calculationDate": "20191023",
        "outstanding": 0.0
    },
    {
        "calculationDate": "20190407",
        "outstanding": 2.0
    },
    {
        "calculationDate": "20190424",
        "outstanding": 51236.0
    },
    {
        "calculationDate": "20190908",
        "outstanding": 48907.0
    },
    {
        "calculationDate": "20190915",
        "outstanding": 62677.0
    },
    {
        "calculationDate": "20190904",
        "outstanding": 48907.0
    },
    {
        "calculationDate": "20190828",
        "outstanding": 35443.0
    },
    {
        "calculationDate": "20190515",
        "outstanding": 46957.0
    },
    {
        "calculationDate": "20190821",
        "outstanding": 24853.0
    },
    {
        "calculationDate": "20190522",
        "outstanding": 40552.0
    },
    {
        "calculationDate": "20190717",
        "outstanding": 42381.0
    },
    {
        "calculationDate": "20190707",
        "outstanding": 32850.0
    },
    {
        "calculationDate": "20190804",
        "outstanding": 24865.0
    },
    {
        "calculationDate": "20190526",
        "outstanding": 40552.0
    },
    {
        "calculationDate": "20190911",
        "outstanding": 61492.0
    },
    {
        "calculationDate": "20190529",
        "outstanding": 50083.0
    },
    {
        "calculationDate": "20190918",
        "outstanding": 79250.0
    },
    {
        "calculationDate": "20190721",
        "outstanding": 0.0
    },
    {
        "calculationDate": "20190807",
        "outstanding": 0.0
    },
    {
        "calculationDate": "20190324",
        "outstanding": 0.0
    },
    {
        "calculationDate": "20190825",
        "outstanding": 24853.0
    },
    {
        "calculationDate": "20190519",
        "outstanding": 49975.0
    },
    {
        "calculationDate": "20190818",
        "outstanding": 13490.0
    },
    {
        "calculationDate": "20190731",
        "outstanding": 33165.0
    },
    {
        "calculationDate": "20190501",
        "outstanding": 34394.0
    },
    {
        "calculationDate": "20190331",
        "outstanding": 0.0
    },
    {
        "calculationDate": "20190619",
        "outstanding": 83536.0
    },
    {
        "calculationDate": "20190428",
        "outstanding": 56291.0
    },
    {
        "calculationDate": "20190602",
        "outstanding": 78676.0
    },
    {
        "calculationDate": "20190724",
        "outstanding": 10590.0
    },
    {
        "calculationDate": "20190814",
        "outstanding": 0.0
    }
]