[
    {
        "calculationDate": "20220327",
        "outstanding": 10283.0
    },
    {
        "calculationDate": "20220122",
        "outstanding": 29292.0
    },
    {
        "calculationDate": "20220221",
        "outstanding": 28905.0
    },
    {
        "calculationDate": "20220225",
        "outstanding": 45645.0
    },
    {
        "calculationDate": "20220621",
        "outstanding": 48321.0
    },
    {
        "calculationDate": "20220307",
        "outstanding": 0.0
    },
    {
        "calculationDate": "20220106",
        "outstanding": 206.0
    },
    {
        "calculationDate": "20211229",
        "outstanding": 0.0
    },
    {
        "calculationDate": "20220426",
        "outstanding": 41594.0
    },
    {
        "calculationDate": "20220508",
        "outstanding": 40054.0
    },
    {
        "calculationDate": "20211221",
        "outstanding": 0.0
    },
    {
        "calculationDate": "20220102",
        "outstanding": 0.0
    },
    {
        "calculationDate": "20220703",
        "outstanding": 43321.0
    },
    {
        "calculationDate": "20221012",
        "outstanding": 0.0
    },
    {
        "calculationDate": "20220820",
        "outstanding": 20860.0
    },
    {
        "calculationDate": "20220615",
        "outstanding": 0.0
    },
    {
        "calculationDate": "20220114",
        "outstanding": 35070.0
    },
    {
        "calculationDate": "20220504",
        "outstanding": 49678.0
    },
    {
        "calculationDate": "20220116",
        "outstanding": 43679.0
    },
    {
        "calculationDate": "20220801",
        "outstanding": 49985.0
    },
    {
        "calculationDate": "20220903",
        "outstanding": 50139.0
    },
    {
        "calculationDate": "20211223",
        "outstanding": 0.0
    },
    {
        "calculationDate": "20220424",
        "outstanding": 30746.0
    },
    {
        "calculationDate": "20220901",
        "outstanding": 50139.0
    },
    {
        "calculationDate": "20220204",
        "outstanding": 46572.0
    },
    {
        "calculationDate": "20220830",
        "outstanding": 48890.0
    },
    {
        "calculationDate": "20220906",
        "outstanding": 0.0
    },
    {
        "calculationDate": "20220112",
        "outstanding": 32466.0
    },
    {
        "calculationDate": "20220110",
        "outstanding": 28076.0
    },
    {
        "calculationDate": "20220617",
        "outstanding": 49580.0
    },
    {
        "calculationDate": "20220331",
        "outstanding": 31063.0
    },
    {
        "calculationDate": "20220209",
        "outstanding": 29123.0
    },
    {
        "calculationDate": "20220325",
        "outstanding": 9883.0
    },
    {
        "calculationDate": "20220402",
        "outstanding": 31092.0
    },
    {
        "calculationDate": "20220422",
        "outstanding": 29746.0
    },
    {
        "calculationDate": "20220730",
        "outstanding": 48702.0
    },
    {
        "calculationDate": "20220605",
        "outstanding": 0.0
    },
    {
        "calculationDate": "20220108",
        "outstanding": 16906.0
    },
    {
        "calculationDate": "20220807",
        "outstanding": 0.0
    },
    {
        "calculationDate": "20220722",
        "outstanding": 46948.0
    },
    {
        "calculationDate": "20220806",
        "outstanding": 0.0
    },
    {
        "calculationDate": "20211219",
        "outstanding": 4270.0
    },
    {
        "calculationDate": "20220721",
        "outstanding": 46948.0
    },
    {
        "calculationDate": "20220329",
        "outstanding": 20673.0
    },
    {
        "calculationDate": "20220217",
        "outstanding": 30660.0
    },
    {
        "calculationDate": "20220406",
        "outstanding": 39526.0
    },
    {
        "calculationDate": "20220301",
        "outstanding": 48386.0
    },
    {
        "calculationDate": "20211231",
        "outstanding": 0.0
    },
    {
        "calculationDate": "20220219",
        "outstanding": 28905.0
    },
    {
        "calculationDate": "20220207",
        "outstanding": 26603.0
    },
    {
        "calculationDate": "20220201",
        "outstanding": 38688.0
    },
    {
        "calculationDate": "20220303",
        "outstanding": 49495.0
    },
    {
        "calculationDate": "20211227",
        "outstanding": 27810.0
    },
    {
        "calculationDate": "20220313",
        "outstanding": 17741.0
    },
    {
        "calculationDate": "20220619",
        "outstanding": 22128.0
    },
    {
        "calculationDate": "20220908",
        "outstanding": 0.0
    },
    {
        "calculationDate": "20220701",
        "outstanding": 43321.0
    },
    {
        "calculationDate": "20220502",
        "outstanding": 49228.0
    },
    {
        "calculationDate": "20220911",
        "outstanding": 49440.0
    },
    {
        "calculationDate": "20220829",
        "outstanding": 45500.0
    },
    {
        "calculationDate": "20220821",
        "outstanding": 39640.0
    },
    {
        "calculationDate": "20220518",
        "outstanding": 48274.0
    },
    {
        "calculationDate": "20211217",
        "outstanding": 0.0
    },
    {
        "calculationDate": "20220118",
        "outstanding": 46515.0
    },
    {
        "calculationDate": "20220227",
        "outstanding": 46640.0
    },
    {
        "calculationDate": "20220321",
        "outstanding": 0.0
    },
    {
        "calculationDate": "20220803",
        "outstanding": 49985.0
    },
    {
        "calculationDate": "20220121",
        "outstanding": 29292.0
    },
    {
        "calculationDate": "20220211",
        "outstanding": 29123.0
    },
    {
        "calculationDate": "20220130",
        "outstanding": 36298.0
    },
    {
        "calculationDate": "20220520",
        "outstanding": 49804.0
    },
    {
        "calculationDate": "20220522",
        "outstanding": 50042.0
    },
    {
        "calculationDate": "20220731",
        "outstanding": 49840.0
    },
    {
        "calculationDate": "20220506",
        "outstanding": 49957.0
    },
    {
        "calculationDate": "20220601",
        "outstanding": 50337.0
    },
    {
        "calculationDate": "20220613",
        "outstanding": 0.0
    },
    {
        "calculationDate": "20221002",
        "outstanding": 49911.0
    },
    {
        "calculationDate": "20220205",
        "outstanding": 26603.0
    }
]