[
    {
        "calculationDate": "20211028",
        "outstanding": 43176.0
    },
    {
        "calculationDate": "20210920",
        "outstanding": 45356.0
    },
    {
        "calculationDate": "20210531",
        "outstanding": 31286.0
    },
    {
        "calculationDate": "20210506",
        "outstanding": 9286.0
    },
    {
        "calculationDate": "20210104",
        "outstanding": 0.0
    },
    {
        "calculationDate": "20211018",
        "outstanding": 34136.0
    },
    {
        "calculationDate": "20210201",
        "outstanding": 30000.0
    },
    {
        "calculationDate": "20210913",
        "outstanding": 38861.0
    },
    {
        "calculationDate": "20210527",
        "outstanding": 31286.0
    },
    {
        "calculationDate": "20211104",
        "outstanding": 47315.0
    },
    {
        "calculationDate": "20210222",
        "outstanding": 20000.0
    },
    {
        "calculationDate": "20211021",
        "outstanding": 37760.0
    },
    {
        "calculationDate": "20210422",
        "outstanding": 12286.0
    },
    {
        "calculationDate": "20210607",
        "outstanding": 22286.0
    },
    {
        "calculationDate": "20210812",
        "outstanding": 30000.0
    },
    {
        "calculationDate": "20210819",
        "outstanding": 39961.0
    },
    {
        "calculationDate": "20210405",
        "outstanding": 0.0
    },
    {
        "calculationDate": "20211004",
        "outstanding": 6495.0
    },
    {
        "calculationDate": "20210503",
        "outstanding": 12286.0
    },
    {
        "calculationDate": "20210211",
        "outstanding": 20000.0
    },
    {
        "calculationDate": "20211116",
        "outstanding": 46438.0
    },
    {
        "calculationDate": "20210301",
        "outstanding": 20000.0
    },
    {
        "calculationDate": "20220103",
        "outstanding": 0.0
    },
    {
        "calculationDate": "20210624",
        "outstanding": 22286.0
    },
    {
        "calculationDate": "20210708",
        "outstanding": 10000.0
    },
    {
        "calculationDate": "20211014",
        "outstanding": 33000.0
    },
    {
        "calculationDate": "20211108",
        "outstanding": 49212.0
    },
    {
        "calculationDate": "20210322",
        "outstanding": 5000.0
    },
    {
        "calculationDate": "20210603",
        "outstanding": 31286.0
    },
    {
        "calculationDate": "20211223",
        "outstanding": 0.0
    },
    {
        "calculationDate": "20211207",
        "outstanding": 0.0
    },
    {
        "calculationDate": "20210524",
        "outstanding": 11286.0
    },
    {
        "calculationDate": "20210722",
        "outstanding": 0.0
    },
    {
        "calculationDate": "20211007",
        "outstanding": 0.0
    },
    {
        "calculationDate": "20211101",
        "outstanding": 44895.0
    },
    {
        "calculationDate": "20210916",
        "outstanding": 42924.0
    },
    {
        "calculationDate": "20210325",
        "outstanding": 5000.0
    },
    {
        "calculationDate": "20211211",
        "outstanding": 0.0
    },
    {
        "calculationDate": "20210701",
        "outstanding": 22286.0
    },
    {
        "calculationDate": "20210520",
        "outstanding": 11286.0
    },
    {
        "calculationDate": "20210401",
        "outstanding": 5000.0
    },
    {
        "calculationDate": "20210902",
        "outstanding": 38861.0
    },
    {
        "calculationDate": "20220110",
        "outstanding": 0.0
    },
    {
        "calculationDate": "20210927",
        "outstanding": 6495.0
    },
    {
        "calculationDate": "20211011",
        "outstanding": 30000.0
    },
    {
        "calculationDate": "20210107",
        "outstanding": 30000.0
    },
    {
        "calculationDate": "20210923",
        "outstanding": 6495.0
    }
]