[
    {
        "calculationDate": "20220301",
        "outstanding": 0.0
    },
    {
        "calculationDate": "20230525",
        "outstanding": 49099.0
    },
    {
        "calculationDate": "20220215",
        "outstanding": 0.0
    },
    {
        "calculationDate": "20221231",
        "outstanding": 40000.0
    },
    {
        "calculationDate": "20220315",
        "outstanding": 0.0
    },
    {
        "calculationDate": "20220728"
    },
    {
        "calculationDate": "20220210",
        "outstanding": 0.0
    },
    {
        "calculationDate": "20220702",
        "outstanding": 0.0
    },
    {
        "calculationDate": "20220426",
        "outstanding": 0.0
    },
    {
        "calculationDate": "20230323",
        "outstanding": 0.0
    },
    {
        "calculationDate": "20220927",
        "outstanding": 0.0
    },
    {
        "calculationDate": "20221229",
        "outstanding": 50000.0
    },
    {
        "calculationDate": "20230318",
        "outstanding": 26132.0
    },
    {
        "calculationDate": "20220825",
        "outstanding": 9110.0
    },
    {
        "calculationDate": "20220920",
        "outstanding": 2367.0
    },
    {
        "calculationDate": "20230109"
    },
    {
        "calculationDate": "20230428",
        "outstanding": 50000.0
    },
    {
        "calculationDate": "20230104",
        "outstanding": 51429.0
    },
    {
        "calculationDate": "20220906",
        "outstanding": 11322.0
    },
    {
        "calculationDate": "20220908",
        "outstanding": 12581.0
    },
    {
        "calculationDate": "20220827",
        "outstanding": 9110.0
    },
    {
        "calculationDate": "20220820",
        "outstanding": 8714.0
    },
    {
        "calculationDate": "20220705",
        "outstanding": 0.0
    },
    {
        "calculationDate": "20221124",
        "outstanding": 50059.0
    },
    {
        "calculationDate": "20230402",
        "outstanding": 0.0
    },
    {
        "calculationDate": "20221029",
        "outstanding": 50000.0
    },
    {
        "calculationDate": "20220730",
        "outstanding": 0.0
    },
    {
        "calculationDate": "20220526",
        "outstanding": 0.0
    },
    {
        "calculationDate": "20220322",
        "outstanding": 0.0
    },
    {
        "calculationDate": "20220329",
        "outstanding": 0.0
    },
    {
        "calculationDate": "20220830",
        "outstanding": 11925.0
    },
    {
        "calculationDate": "20230518",
        "outstanding": 39540.0
    },
    {
        "calculationDate": "20220922",
        "outstanding": 0.0
    },
    {
        "calculationDate": "20220625",
        "outstanding": 0.0
    },
    {
        "calculationDate": "20220823",
        "outstanding": 9110.0
    },
    {
        "calculationDate": "20220528",
        "outstanding": 0.0
    },
    {
        "calculationDate": "20220816",
        "outstanding": 3334.0
    },
    {
        "calculationDate": "20230324",
        "outstanding": 0.0
    },
    {
        "calculationDate": "20220217",
        "outstanding": 0.0
    },
    {
        "calculationDate": "20220212",
        "outstanding": 0.0
    },
    {
        "calculationDate": "20220818",
        "outstanding": 8224.0
    },
    {
        "calculationDate": "20220428",
        "outstanding": 0.0
    },
    {
        "calculationDate": "20220901",
        "outstanding": 11232.0
    },
    {
        "calculationDate": "20230420",
        "outstanding": 0.0
    },
    {
        "calculationDate": "20230523",
        "outstanding": 50000.0
    },
    {
        "calculationDate": "20230106",
        "outstanding": 39429.0
    },
    {
        "calculationDate": "20220910",
        "outstanding": 13335.0
    },
    {
        "calculationDate": "20230502",
        "outstanding": 40000.0
    }
]