[
    {
        "calculationDate": "20220614",
        "outstanding": 1732.0
    },
    {
        "calculationDate": "20210713",
        "outstanding": 13440.0
    },
    {
        "calculationDate": "20211204",
        "outstanding": 15991.0
    },
    {
        "calculationDate": "20220113",
        "outstanding": 12336.0
    },
    {
        "calculationDate": "20210514",
        "outstanding": 17280.0
    },
    {
        "calculationDate": "20211005",
        "outstanding": 28579.0
    },
    {
        "calculationDate": "20211107",
        "outstanding": 19647.0
    },
    {
        "calculationDate": "20230224",
        "outstanding": 3384.33
    },
    {
        "calculationDate": "20220214",
        "outstanding": 8680.0
    },
    {
        "calculationDate": "20220324",
        "outstanding": 7626.0
    },
    {
        "calculationDate": "20230124",
        "outstanding": 4703.7
    },
    {
        "calculationDate": "20220316",
        "outstanding": 6928.0
    },
    {
        "calculationDate": "20220701",
        "outstanding": 0.0
    },
    {
        "calculationDate": "20220917",
        "outstanding": 0.0
    },
    {
        "calculationDate": "20220424",
        "outstanding": 5894.0
    },
    {
        "calculationDate": "20230322",
        "outstanding": 1635.93
    },
    {
        "calculationDate": "20220714",
        "outstanding": 0.0
    },
    {
        "calculationDate": "20220724",
        "outstanding": 549.0
    },
    {
        "calculationDate": "20230429",
        "outstanding": 439.47
    },
    {
        "calculationDate": "20230213",
        "outstanding": 4703.7
    },
    {
        "calculationDate": "20230220",
        "outstanding": 2806.78
    },
    {
        "calculationDate": "20221104",
        "outstanding": 1057.0
    },
    {
        "calculationDate": "20210430",
        "outstanding": 17280.0
    },
    {
        "calculationDate": "20220413",
        "outstanding": 5196.0
    },
    {
        "calculationDate": "20230327",
        "outstanding": 2205.78
    },
    {
        "calculationDate": "20230114",
        "outstanding": 3980.48
    },
    {
        "calculationDate": "20230324",
        "outstanding": 2205.78
    },
    {
        "calculationDate": "20220516",
        "outstanding": 3464.0
    },
    {
        "calculationDate": "20211014",
        "outstanding": 28579.0
    },
    {
        "calculationDate": "20230113",
        "outstanding": 4980.48
    },
    {
        "calculationDate": "20230529",
        "outstanding": 457.71
    },
    {
        "calculationDate": "20220303",
        "outstanding": 6928.0
    },
    {
        "calculationDate": "20220401",
        "outstanding": 5196.0
    },
    {
        "calculationDate": "20221124",
        "outstanding": 1755.0
    },
    {
        "calculationDate": "20210615",
        "outstanding": 15360.0
    },
    {
        "calculationDate": "20220124",
        "outstanding": 12784.0
    },
    {
        "calculationDate": "20210724",
        "outstanding": 13888.0
    },
    {
        "calculationDate": "20210524",
        "outstanding": 17629.0
    },
    {
        "calculationDate": "20210424",
        "outstanding": 19548.0
    },
    {
        "calculationDate": "20210803",
        "outstanding": 11520.0
    },
    {
        "calculationDate": "20210402",
        "outstanding": 0.0
    },
    {
        "calculationDate": "20211001",
        "outstanding": 7680.0
    },
    {
        "calculationDate": "20211124",
        "outstanding": 21349.0
    },
    {
        "calculationDate": "20230316",
        "outstanding": 3384.33
    },
    {
        "calculationDate": "20221025",
        "outstanding": 0.0
    },
    {
        "outstanding": 0.0
    },
    {
        "calculationDate": "20210824",
        "outstanding": 11968.0
    },
    {
        "calculationDate": "20211224",
        "outstanding": 16439.0
    },
    {
        "calculationDate": "20210607",
        "outstanding": 15360.0
    },
    {
        "calculationDate": "20221224",
        "outstanding": 1581.48
    },
    {
        "calculationDate": "20211214"
    },
    {
        "calculationDate": "20220203",
        "outstanding": 8680.0
    },
    {
        "calculationDate": "20220815",
        "outstanding": 549.0
    },
    {
        "calculationDate": "20220603",
        "outstanding": 1732.0
    },
    {
        "calculationDate": "20221211",
        "outstanding": 983.01
    },
    {
        "calculationDate": "20230416",
        "outstanding": 1016.72
    },
    {
        "calculationDate": "20211024",
        "outstanding": 29027.0
    },
    {
        "calculationDate": "20210624",
        "outstanding": 16608.0
    },
    {
        "calculationDate": "20211115",
        "outstanding": 19647.0
    },
    {
        "calculationDate": "20220727",
        "outstanding": 549.0
    },
    {
        "calculationDate": "20220224",
        "outstanding": 9128.0
    },
    {
        "calculationDate": "20210913",
        "outstanding": 9600.0
    },
    {
        "calculationDate": "20210924",
        "outstanding": 10048.0
    },
    {
        "calculationDate": "20221227",
        "outstanding": 4980.48
    },
    {
        "calculationDate": "20210701",
        "outstanding": 14184.0
    },
    {
        "calculationDate": "20230613",
        "outstanding": 432.4
    },
    {
        "calculationDate": "20220624",
        "outstanding": 2430.0
    },
    {
        "calculationDate": "20210623",
        "outstanding": 16160.0
    },
    {
        "calculationDate": "20211229",
        "outstanding": 12336.0
    },
    {
        "calculationDate": "20220817",
        "outstanding": 0.0
    },
    {
        "calculationDate": "20220429",
        "outstanding": 3464.0
    },
    {
        "calculationDate": "20220524",
        "outstanding": 4162.0
    },
    {
        "calculationDate": "20210714",
        "outstanding": 13440.0
    },
    {
        "calculationDate": "20210408",
        "outstanding": 19199.0
    },
    {
        "calculationDate": "20210813",
        "outstanding": 11520.0
    },
    {
        "calculationDate": "20210904",
        "outstanding": 9600.0
    }
]