[
    {
        "calculationDate": "20230604",
        "outstanding": 4950.79
    },
    {
        "calculationDate": "20230313",
        "outstanding": 1017.98
    },
    {
        "calculationDate": "20230406",
        "outstanding": 0.0
    },
    {
        "calculationDate": "20230418",
        "outstanding": 0.0
    },
    {
        "calculationDate": "20230330",
        "outstanding": 3351.2
    },
    {
        "calculationDate": "20230514",
        "outstanding": 1017.99
    },
    {
        "calculationDate": "20221226",
        "outstanding": 1624.8
    },
    {
        "calculationDate": "20221231",
        "outstanding": 1624.8
    },
    {
        "calculationDate": "20230402",
        "outstanding": 3351.2
    },
    {
        "calculationDate": "20230613",
        "outstanding": 5968.78
    },
    {
        "calculationDate": "20230416",
        "outstanding": 4939.39
    },
    {
        "calculationDate": "20230403",
        "outstanding": 6702.4
    },
    {
        "calculationDate": "20230404",
        "outstanding": 3351.6
    },
    {
        "calculationDate": "20230405",
        "outstanding": 5.6
    },
    {
        "calculationDate": "20230314",
        "outstanding": 0.0
    },
    {
        "calculationDate": "20230413",
        "outstanding": 1013.59
    },
    {
        "calculationDate": "20230213",
        "outstanding": 1017.99
    },
    {
        "calculationDate": "20230531",
        "outstanding": 1017.99
    },
    {
        "calculationDate": "20230614",
        "outstanding": 5968.78
    }
]