[
    {
        "calculationDate": "20230510",
        "outstanding": 0.0
    },
    {
        "calculationDate": "20230527",
        "outstanding": 40000.0
    },
    {
        "calculationDate": "20230523",
        "outstanding": 40000.0
    },
    {
        "calculationDate": "20230126",
        "outstanding": 5000.0
    },
    {
        "calculationDate": "20230608",
        "outstanding": 39015.52
    },
    {
        "calculationDate": "20230525",
        "outstanding": 0.0
    },
    {
        "calculationDate": "20230228",
        "outstanding": 0.0
    },
    {
        "calculationDate": "20230226",
        "outstanding": 0.0
    },
    {
        "calculationDate": "20230604",
        "outstanding": 40000.0
    },
    {
        "calculationDate": "20230418",
        "outstanding": 0.0
    },
    {
        "calculationDate": "20230611",
        "outstanding": 30885.0
    },
    {
        "calculationDate": "20230427",
        "outstanding": 0.0
    },
    {
        "calculationDate": "20230520",
        "outstanding": 0.0
    },
    {
        "calculationDate": "20230606",
        "outstanding": 40000.0
    },
    {
        "calculationDate": "20230613",
        "outstanding": 30885.0
    },
    {
        "calculationDate": "20230326",
        "outstanding": 0.0
    }
]