[
    {
        "calculationDate": "20220914",
        "outstanding": 355876.0
    },
    {
        "calculationDate": "20220923",
        "outstanding": 360209.0
    },
    {
        "calculationDate": "20220629",
        "outstanding": 400232.0
    },
    {
        "calculationDate": "20200707",
        "outstanding": 0.0
    },
    {
        "calculationDate": "20220406",
        "outstanding": 262249.0
    },
    {
        "calculationDate": "20230610",
        "outstanding": 0.0
    },
    {
        "calculationDate": "20220902",
        "outstanding": 351034.0
    },
    {
        "calculationDate": "20200512",
        "outstanding": 61806.0
    },
    {
        "calculationDate": "20220420",
        "outstanding": 278373.0
    },
    {
        "calculationDate": "20220818",
        "outstanding": 359159.0
    },
    {
        "calculationDate": "20230227",
        "outstanding": 0.0
    },
    {
        "calculationDate": "20220706",
        "outstanding": 375300.0
    },
    {
        "calculationDate": "20210831",
        "outstanding": 0.0
    },
    {
        "calculationDate": "20220530",
        "outstanding": 389958.0
    },
    {
        "calculationDate": "20220306",
        "outstanding": 0.0
    },
    {
        "calculationDate": "20220617",
        "outstanding": 397322.0
    },
    {
        "calculationDate": "20220622",
        "outstanding": 398534.0
    },
    {
        "calculationDate": "20220624",
        "outstanding": 399020.0
    },
    {
        "calculationDate": "20220905",
        "outstanding": 352599.0
    },
    {
        "calculationDate": "20230111",
        "outstanding": 2290.0
    },
    {
        "calculationDate": "20230607",
        "outstanding": 0.0
    },
    {
        "calculationDate": "20220429",
        "outstanding": 381895.0
    },
    {
        "calculationDate": "20200515",
        "outstanding": 0.0
    },
    {
        "calculationDate": "20230612",
        "outstanding": 0.0
    },
    {
        "calculationDate": "20220516",
        "outstanding": 389958.0
    },
    {
        "calculationDate": "20220803",
        "outstanding": 355207.0
    },
    {
        "calculationDate": "20230415",
        "outstanding": 57786.57
    },
    {
        "calculationDate": "20230503",
        "outstanding": 62335.91
    },
    {
        "calculationDate": "20220729",
        "outstanding": 380707.0
    },
    {
        "calculationDate": "20200519"
    },
    {
        "calculationDate": "20200229",
        "outstanding": 98999.0
    },
    {
        "calculationDate": "20230424",
        "outstanding": 57786.57
    },
    {
        "calculationDate": "20220627",
        "outstanding": 399747.0
    },
    {
        "calculationDate": "20230315",
        "outstanding": 46663.83
    },
    {
        "calculationDate": "20191026",
        "outstanding": 90000.0
    },
    {
        "calculationDate": "20220704",
        "outstanding": 374830.0
    },
    {
        "calculationDate": "20230320",
        "outstanding": 52206.65
    },
    {
        "calculationDate": "20230306",
        "outstanding": 48068.23
    },
    {
        "calculationDate": "20230522",
        "outstanding": 70673.4
    },
    {
        "calculationDate": "20220928",
        "outstanding": 361503.0
    },
    {
        "calculationDate": "20200307",
        "outstanding": 93058.0
    },
    {
        "calculationDate": "20220919",
        "outstanding": 357308.0
    },
    {
        "calculationDate": "20230422",
        "outstanding": 57786.57
    },
    {
        "calculationDate": "20191228",
        "outstanding": 289.0
    },
    {
        "calculationDate": "20220509",
        "outstanding": 384320.0
    },
    {
        "calculationDate": "20220926",
        "outstanding": 361052.0
    },
    {
        "calculationDate": "20220720",
        "outstanding": 378592.0
    },
    {
        "calculationDate": "20220608",
        "outstanding": 395139.0
    },
    {
        "calculationDate": "20220404",
        "outstanding": 262249.0
    },
    {
        "calculationDate": "20230426",
        "outstanding": 57786.57
    },
    {
        "calculationDate": "20220815",
        "outstanding": 358695.0
    },
    {
        "calculationDate": "20200615",
        "outstanding": 0.0
    },
    {
        "calculationDate": "20220725",
        "outstanding": 379767.0
    },
    {
        "calculationDate": "20230501",
        "outstanding": 57786.57
    },
    {
        "calculationDate": "20230412",
        "outstanding": 59386.57
    },
    {
        "calculationDate": "20220921",
        "outstanding": 357759.0
    },
    {
        "calculationDate": "20230218",
        "outstanding": 0.0
    },
    {
        "calculationDate": "20221005",
        "outstanding": 0.0
    },
    {
        "calculationDate": "20220520",
        "outstanding": 389958.0
    },
    {
        "calculationDate": "20191102",
        "outstanding": 0.0
    },
    {
        "calculationDate": "20230327",
        "outstanding": 52206.65
    },
    {
        "calculationDate": "20220829",
        "outstanding": 350833.0
    },
    {
        "calculationDate": "20211214",
        "outstanding": 0.0
    },
    {
        "calculationDate": "20230517",
        "outstanding": 70673.4
    },
    {
        "calculationDate": "20230114",
        "outstanding": 3133.8
    },
    {
        "calculationDate": "20200430",
        "outstanding": 56999.0
    },
    {
        "calculationDate": "20200507",
        "outstanding": 61221.0
    },
    {
        "calculationDate": "20220525",
        "outstanding": 389958.0
    },
    {
        "calculationDate": "20230325",
        "outstanding": 52206.65
    },
    {
        "calculationDate": "20220831",
        "outstanding": 350584.0
    },
    {
        "calculationDate": "20220511",
        "outstanding": 384320.0
    },
    {
        "calculationDate": "20230322",
        "outstanding": 52206.65
    },
    {
        "calculationDate": "20200630",
        "outstanding": 10580.0
    },
    {
        "calculationDate": "20220527",
        "outstanding": 389958.0
    },
    {
        "calculationDate": "20220801",
        "outstanding": 363106.0
    },
    {
        "calculationDate": "20201006",
        "outstanding": 0.0
    },
    {
        "calculationDate": "20200329",
        "outstanding": 93058.0
    },
    {
        "calculationDate": "20220506",
        "outstanding": 381895.0
    },
    {
        "calculationDate": "20230301",
        "outstanding": 41960.0
    },
    {
        "calculationDate": "20210824",
        "outstanding": 0.0
    },
    {
        "calculationDate": "20220701",
        "outstanding": 400717.0
    },
    {
        "calculationDate": "20221003",
        "outstanding": 0.0
    },
    {
        "calculationDate": "20230515",
        "outstanding": 70673.4
    },
    {
        "calculationDate": "20220415",
        "outstanding": 277984.0
    },
    {
        "calculationDate": "20200404",
        "outstanding": 59999.0
    },
    {
        "calculationDate": "20230225",
        "outstanding": 0.0
    },
    {
        "calculationDate": "20220427",
        "outstanding": 381895.0
    },
    {
        "calculationDate": "20220425",
        "outstanding": 377336.0
    },
    {
        "calculationDate": "20230311",
        "outstanding": 54120.09
    },
    {
        "calculationDate": "20220613",
        "outstanding": 396352.0
    },
    {
        "calculationDate": "20220715",
        "outstanding": 377416.0
    },
    {
        "calculationDate": "20220615",
        "outstanding": 396837.0
    },
    {
        "calculationDate": "20220518",
        "outstanding": 389958.0
    },
    {
        "calculationDate": "20230222",
        "outstanding": 0.0
    },
    {
        "calculationDate": "20220824",
        "outstanding": 360786.0
    },
    {
        "calculationDate": "20200602",
        "outstanding": 1215.0
    },
    {
        "calculationDate": "20230524",
        "outstanding": 70673.4
    },
    {
        "calculationDate": "20220912",
        "outstanding": 355287.0
    },
    {
        "calculationDate": "20221031",
        "outstanding": 0.0
    },
    {
        "calculationDate": "20220603",
        "outstanding": 393926.0
    },
    {
        "calculationDate": "20220422",
        "outstanding": 273887.0
    },
    {
        "calculationDate": "20230406",
        "outstanding": 57514.84
    },
    {
        "calculationDate": "20200417",
        "outstanding": 56999.0
    },
    {
        "calculationDate": "20220523",
        "outstanding": 389958.0
    },
    {
        "calculationDate": "20221029",
        "outstanding": 0.0
    },
    {
        "calculationDate": "20230329",
        "outstanding": 52206.65
    },
    {
        "calculationDate": "20220328",
        "outstanding": 262249.0
    },
    {
        "calculationDate": "20220713",
        "outstanding": 376946.0
    },
    {
        "calculationDate": "20220418",
        "outstanding": 277984.0
    },
    {
        "calculationDate": "20200421",
        "outstanding": 56999.0
    },
    {
        "calculationDate": "20210706",
        "outstanding": 0.0
    },
    {
        "calculationDate": "20190928",
        "outstanding": 13494.0
    },
    {
        "calculationDate": "20230401",
        "outstanding": 52206.65
    },
    {
        "calculationDate": "20220812",
        "outstanding": 357998.0
    },
    {
        "calculationDate": "20230419",
        "outstanding": 57786.57
    },
    {
        "calculationDate": "20200413",
        "outstanding": 56999.0
    },
    {
        "calculationDate": "20220907",
        "outstanding": 353406.0
    },
    {
        "calculationDate": "20230520",
        "outstanding": 70673.4
    },
    {
        "calculationDate": "20230410",
        "outstanding": 59386.57
    },
    {
        "calculationDate": "20190801",
        "outstanding": 0.0
    },
    {
        "calculationDate": "20220601",
        "outstanding": 378458.0
    },
    {
        "calculationDate": "20220718",
        "outstanding": 378121.0
    },
    {
        "calculationDate": "20201106",
        "outstanding": 0.0
    },
    {
        "calculationDate": "20230417",
        "outstanding": 57786.57
    },
    {
        "calculationDate": "20220916",
        "outstanding": 356327.0
    },
    {
        "calculationDate": "20220610",
        "outstanding": 395624.0
    },
    {
        "calculationDate": "20230531",
        "outstanding": 0.0
    },
    {
        "calculationDate": "20220607",
        "outstanding": 394654.0
    },
    {
        "calculationDate": "20230510",
        "outstanding": 70673.4
    },
    {
        "calculationDate": "20230116",
        "outstanding": 11598.92
    },
    {
        "calculationDate": "20230220",
        "outstanding": 0.0
    },
    {
        "calculationDate": "20230313",
        "outstanding": 54120.09
    },
    {
        "calculationDate": "20230308",
        "outstanding": 48837.2
    },
    {
        "calculationDate": "20220727",
        "outstanding": 380237.0
    },
    {
        "calculationDate": "20200427",
        "outstanding": 56999.0
    },
    {
        "calculationDate": "20220819",
        "outstanding": 359624.0
    },
    {
        "calculationDate": "20230304",
        "outstanding": 46056.97
    },
    {
        "calculationDate": "20200710",
        "outstanding": 0.0
    },
    {
        "calculationDate": "20220708",
        "outstanding": 375770.0
    },
    {
        "calculationDate": "20230408",
        "outstanding": 58927.21
    },
    {
        "calculationDate": "20210827",
        "outstanding": 0.0
    },
    {
        "calculationDate": "20220808",
        "outstanding": 357069.0
    },
    {
        "calculationDate": "20220805",
        "outstanding": 355672.0
    },
    {
        "calculationDate": "20200610",
        "outstanding": 603.0
    },
    {
        "calculationDate": "20230513",
        "outstanding": 70673.4
    },
    {
        "calculationDate": "20200703",
        "outstanding": 10051.0
    },
    {
        "calculationDate": "20230527",
        "outstanding": 70673.4
    },
    {
        "calculationDate": "20220711",
        "outstanding": 376476.0
    },
    {
        "calculationDate": "20230508",
        "outstanding": 70673.4
    },
    {
        "calculationDate": "20220325",
        "outstanding": 262249.0
    },
    {
        "calculationDate": "20220307",
        "outstanding": 0.0
    },
    {
        "calculationDate": "20220620",
        "outstanding": 398049.0
    },
    {
        "calculationDate": "20220810",
        "outstanding": 357533.0
    },
    {
        "calculationDate": "20230605",
        "outstanding": 0.0
    },
    {
        "calculationDate": "20230318",
        "outstanding": 52206.65
    },
    {
        "calculationDate": "20200605",
        "outstanding": 603.0
    },
    {
        "calculationDate": "20220826",
        "outstanding": 361250.0
    },
    {
        "calculationDate": "20230403",
        "outstanding": 52206.65
    },
    {
        "calculationDate": "20220722",
        "outstanding": 379062.0
    },
    {
        "calculationDate": "20220513",
        "outstanding": 389958.0
    },
    {
        "calculationDate": "20230603",
        "outstanding": 0.0
    },
    {
        "calculationDate": "20190720",
        "outstanding": 0.0
    },
    {
        "calculationDate": "20200811",
        "outstanding": 0.0
    },
    {
        "calculationDate": "20220909",
        "outstanding": 354553.0
    },
    {
        "calculationDate": "20220822",
        "outstanding": 360321.0
    },
    {
        "calculationDate": "20220930",
        "outstanding": 361953.0
    },
    {
        "calculationDate": "20230529",
        "outstanding": 70673.4
    },
    {
        "calculationDate": "20200125",
        "outstanding": 18321.0
    }
]