[
    {
        "calculationDate": "20210831",
        "outstanding": 90000.0
    },
    {
        "calculationDate": "20210731",
        "outstanding": 12942.0
    },
    {
        "calculationDate": "20210810",
        "outstanding": 79517.0
    },
    {
        "calculationDate": "20211012",
        "outstanding": 92368.0
    },
    {
        "calculationDate": "20211027",
        "outstanding": 0.0
    },
    {
        "calculationDate": "20210608",
        "outstanding": 0.0
    },
    {
        "calculationDate": "20210907",
        "outstanding": 92747.0
    },
    {
        "calculationDate": "20211008",
        "outstanding": 92043.0
    },
    {
        "calculationDate": "20210814",
        "outstanding": 84472.0
    },
    {
        "calculationDate": "20210828",
        "outstanding": 89194.0
    },
    {
        "calculationDate": "20211129",
        "outstanding": 2871.0
    },
    {
        "calculationDate": "20211029",
        "outstanding": 0.0
    },
    {
        "calculationDate": "20210508",
        "outstanding": 0.0
    },
    {
        "calculationDate": "20210807",
        "outstanding": 76263.0
    },
    {
        "calculationDate": "20210622",
        "outstanding": 89999.0
    },
    {
        "calculationDate": "20211020",
        "outstanding": 89653.0
    },
    {
        "calculationDate": "20210309",
        "outstanding": 0.0
    },
    {
        "calculationDate": "20210105",
        "outstanding": 0.0
    },
    {
        "calculationDate": "20211105",
        "outstanding": 2871.0
    },
    {
        "calculationDate": "20211207",
        "outstanding": 2871.0
    },
    {
        "calculationDate": "20210819",
        "outstanding": 87262.0
    },
    {
        "calculationDate": "20210812",
        "outstanding": 83101.0
    },
    {
        "calculationDate": "20210408",
        "outstanding": 0.0
    },
    {
        "calculationDate": "20211015",
        "outstanding": 87368.0
    },
    {
        "calculationDate": "20210824",
        "outstanding": 87812.0
    },
    {
        "calculationDate": "20210817",
        "outstanding": 79605.0
    },
    {
        "calculationDate": "20210921",
        "outstanding": 92423.0
    },
    {
        "calculationDate": "20210708",
        "outstanding": 0.0
    },
    {
        "calculationDate": "20210729",
        "outstanding": 6778.0
    },
    {
        "calculationDate": "20210826",
        "outstanding": 88303.0
    },
    {
        "calculationDate": "20210206",
        "outstanding": 0.0
    },
    {
        "calculationDate": "20210803",
        "outstanding": 60992.0
    },
    {
        "calculationDate": "20211025",
        "outstanding": 89850.0
    },
    {
        "calculationDate": "20211231",
        "outstanding": 0.0
    },
    {
        "calculationDate": "20211006",
        "outstanding": 91793.0
    },
    {
        "calculationDate": "20210805",
        "outstanding": 62112.0
    },
    {
        "calculationDate": "20210923",
        "outstanding": 88884.0
    }
]