[
    {
        "calculationDate": "20230507",
        "outstanding": 0.0
    },
    {
        "calculationDate": "20230514",
        "outstanding": 5000.0
    },
    {
        "calculationDate": "20230411",
        "outstanding": 0.0
    },
    {
        "calculationDate": "20230429",
        "outstanding": 0.0
    },
    {
        "calculationDate": "20230516",
        "outstanding": 0.0
    },
    {
        "calculationDate": "20230413",
        "outstanding": 0.0
    },
    {
        "calculationDate": "20230415",
        "outstanding": 8000.0
    },
    {
        "calculationDate": "20230501",
        "outstanding": 5000.0
    },
    {
        "calculationDate": "20230418",
        "outstanding": 0.0
    },
    {
        "calculationDate": "20230504",
        "outstanding": 10000.0
    },
    {
        "calculationDate": "20230511",
        "outstanding": 6000.0
    },
    {
        "calculationDate": "20230601",
        "outstanding": 10000.0
    },
    {
        "calculationDate": "20230410",
        "outstanding": 0.0
    },
    {
        "calculationDate": "20230423",
        "outstanding": 6000.0
    },
    {
        "calculationDate": "20230425",
        "outstanding": 0.0
    },
    {
        "calculationDate": "20230427",
        "outstanding": 5000.0
    },
    {
        "calculationDate": "20230524",
        "outstanding": 0.0
    },
    {
        "calculationDate": "20230603",
        "outstanding": 0.0
    }
]