[
    {
        "calculationDate": "20220624",
        "outstanding": 3010.0
    },
    {
        "calculationDate": "20220923",
        "outstanding": 5219.0
    },
    {
        "calculationDate": "20221012",
        "outstanding": 3494.0
    },
    {
        "calculationDate": "20230601",
        "outstanding": 77411.26
    },
    {
        "calculationDate": "20230611",
        "outstanding": 77411.26
    },
    {
        "calculationDate": "20230420"
    },
    {
        "calculationDate": "20230110",
        "outstanding": 26940.22
    },
    {
        "calculationDate": "20220822",
        "outstanding": 7412.0
    },
    {
        "calculationDate": "20220722",
        "outstanding": 7317.0
    },
    {
        "calculationDate": "20220921",
        "outstanding": 5499.0
    },
    {
        "calculationDate": "20221005",
        "outstanding": 5494.0
    },
    {
        "calculationDate": "20220912",
        "outstanding": 6912.0
    },
    {
        "calculationDate": "20220711",
        "outstanding": 7223.0
    },
    {
        "calculationDate": "20221220",
        "outstanding": 27440.22
    },
    {
        "calculationDate": "20220708",
        "outstanding": 12223.0
    },
    {
        "calculationDate": "20230525",
        "outstanding": 77411.26
    },
    {
        "calculationDate": "20220812",
        "outstanding": 7317.0
    },
    {
        "calculationDate": "20220919",
        "outstanding": 6912.0
    },
    {
        "calculationDate": "20221103",
        "outstanding": 3493.22
    },
    {
        "calculationDate": "20221215",
        "outstanding": 15677.22
    },
    {
        "calculationDate": "20221110",
        "outstanding": 3423.22
    },
    {
        "calculationDate": "20220705",
        "outstanding": 11340.0
    },
    {
        "calculationDate": "20220622",
        "outstanding": 610.0
    },
    {
        "calculationDate": "20230314",
        "outstanding": 440.22
    },
    {
        "calculationDate": "20220627",
        "outstanding": 5886.0
    },
    {
        "calculationDate": "20230502",
        "outstanding": 0.0
    },
    {
        "calculationDate": "20230212",
        "outstanding": 1940.22
    },
    {
        "calculationDate": "20230221",
        "outstanding": 1940.22
    },
    {
        "calculationDate": "20220824",
        "outstanding": 6912.0
    },
    {
        "calculationDate": "20221124",
        "outstanding": 923.22
    },
    {
        "calculationDate": "20221027",
        "outstanding": 20424.0
    },
    {
        "calculationDate": "20230430",
        "outstanding": 0.0
    },
    {
        "calculationDate": "20230521",
        "outstanding": 79711.26
    },
    {
        "calculationDate": "20230328",
        "outstanding": 26913.82
    },
    {
        "calculationDate": "20230105",
        "outstanding": 27440.22
    },
    {
        "calculationDate": "20230302",
        "outstanding": 1940.22
    },
    {
        "calculationDate": "20230323",
        "outstanding": 1870.22
    },
    {
        "calculationDate": "20230319",
        "outstanding": 0.0
    },
    {
        "calculationDate": "20220629",
        "outstanding": 9266.0
    },
    {
        "calculationDate": "20221218",
        "outstanding": 15677.22
    },
    {
        "calculationDate": "20230504",
        "outstanding": 77668.8
    },
    {
        "calculationDate": "20221021",
        "outstanding": 3494.0
    },
    {
        "calculationDate": "20221007",
        "outstanding": 3494.0
    },
    {
        "calculationDate": "20230326",
        "outstanding": 26913.82
    }
]