[
    {
        "calculationDate": "20210208",
        "outstanding": 88139.0
    },
    {
        "calculationDate": "20200817",
        "outstanding": 46997.0
    },
    {
        "calculationDate": "20221120",
        "outstanding": 20528.67
    },
    {
        "calculationDate": "20220914",
        "outstanding": 317711.0
    },
    {
        "calculationDate": "20210329",
        "outstanding": 123531.0
    },
    {
        "calculationDate": "20220711",
        "outstanding": 193366.0
    },
    {
        "calculationDate": "20200304",
        "outstanding": 0.0
    },
    {
        "calculationDate": "20221113",
        "outstanding": 20528.67
    },
    {
        "calculationDate": "20220815",
        "outstanding": 198913.0
    },
    {
        "calculationDate": "20210429",
        "outstanding": 121856.0
    },
    {
        "calculationDate": "20221213",
        "outstanding": 156163.66
    },
    {
        "calculationDate": "20211007",
        "outstanding": 54373.0
    },
    {
        "calculationDate": "20230523",
        "outstanding": 350860.46
    },
    {
        "calculationDate": "20200928",
        "outstanding": 0.0
    },
    {
        "calculationDate": "20220506",
        "outstanding": 59549.0
    },
    {
        "outstanding": 0.0
    },
    {
        "calculationDate": "20210114",
        "outstanding": 39993.0
    },
    {
        "calculationDate": "20230509",
        "outstanding": 314865.69
    },
    {
        "calculationDate": "20211101",
        "outstanding": 100203.0
    },
    {
        "calculationDate": "20190304",
        "outstanding": 0.0
    },
    {
        "calculationDate": "20190121",
        "outstanding": 0.0
    },
    {
        "calculationDate": "20230601",
        "outstanding": 359962.34
    },
    {
        "calculationDate": "20210506",
        "outstanding": 121856.0
    },
    {
        "calculationDate": "20220425",
        "outstanding": 25410.0
    },
    {
        "calculationDate": "20220715",
        "outstanding": 103393.0
    },
    {
        "calculationDate": "20221227",
        "outstanding": 156163.66
    },
    {
        "calculationDate": "20220708",
        "outstanding": 188865.0
    },
    {
        "calculationDate": "20191224",
        "outstanding": 20685.0
    },
    {
        "calculationDate": "20210927",
        "outstanding": 41170.0
    },
    {
        "calculationDate": "20201130",
        "outstanding": 6596.0
    },
    {
        "calculationDate": "20220405",
        "outstanding": 25000.0
    },
    {
        "calculationDate": "20230409",
        "outstanding": 202861.97
    },
    {
        "calculationDate": "20220221",
        "outstanding": 157995.0
    },
    {
        "calculationDate": "20210930"
    },
    {
        "calculationDate": "20200820",
        "outstanding": 46997.0
    },
    {
        "calculationDate": "20201231",
        "outstanding": 19805.0
    },
    {
        "calculationDate": "20230423",
        "outstanding": 272001.98
    },
    {
        "calculationDate": "20230515",
        "outstanding": 326822.85
    },
    {
        "calculationDate": "20230528",
        "outstanding": 358302.47
    },
    {
        "calculationDate": "20220209"
    },
    {
        "calculationDate": "20200413",
        "outstanding": 18527.0
    },
    {
        "calculationDate": "20220804",
        "outstanding": 89612.0
    },
    {
        "calculationDate": "20230319",
        "outstanding": 103941.47
    },
    {
        "calculationDate": "20220202",
        "outstanding": 139115.0
    },
    {
        "calculationDate": "20191031",
        "outstanding": 12295.0
    },
    {
        "calculationDate": "20230101",
        "outstanding": 156163.66
    },
    {
        "calculationDate": "20191021",
        "outstanding": 90.0
    },
    {
        "calculationDate": "20210218",
        "outstanding": 0.0
    },
    {
        "calculationDate": "20220704",
        "outstanding": 183932.0
    },
    {
        "calculationDate": "20190903",
        "outstanding": 0.0
    },
    {
        "calculationDate": "20220812",
        "outstanding": 193717.0
    },
    {
        "calculationDate": "20210211",
        "outstanding": 94903.0
    },
    {
        "calculationDate": "20220706",
        "outstanding": 187275.0
    },
    {
        "calculationDate": "20211217",
        "outstanding": 7769.0
    },
    {
        "calculationDate": "20230302",
        "outstanding": 2100.55
    },
    {
        "calculationDate": "20220520",
        "outstanding": 94830.0
    },
    {
        "calculationDate": "20220824",
        "outstanding": 283657.0
    },
    {
        "calculationDate": "20210909",
        "outstanding": 6455.0
    },
    {
        "calculationDate": "20220112",
        "outstanding": 80324.0
    },
    {
        "calculationDate": "20220829",
        "outstanding": 291319.0
    },
    {
        "calculationDate": "20230219",
        "outstanding": 2100.55
    },
    {
        "calculationDate": "20220110",
        "outstanding": 77347.0
    },
    {
        "calculationDate": "20220613",
        "outstanding": 0.0
    },
    {
        "calculationDate": "20220805",
        "outstanding": 143002.0
    },
    {
        "calculationDate": "20210923",
        "outstanding": 38327.0
    },
    {
        "calculationDate": "20221218",
        "outstanding": 156163.66
    },
    {
        "calculationDate": "20190605",
        "outstanding": 0.0
    },
    {
        "calculationDate": "20220928",
        "outstanding": 61203.0
    },
    {
        "calculationDate": "20200903",
        "outstanding": 62882.0
    },
    {
        "calculationDate": "20220518",
        "outstanding": 91076.0
    },
    {
        "calculationDate": "20221211",
        "outstanding": 137573.41
    },
    {
        "calculationDate": "20230112",
        "outstanding": 206394.94
    },
    {
        "calculationDate": "20220629",
        "outstanding": 181137.0
    },
    {
        "calculationDate": "20221117",
        "outstanding": 20528.67
    },
    {
        "calculationDate": "20230507",
        "outstanding": 306919.09
    },
    {
        "calculationDate": "20200330",
        "outstanding": 18527.0
    },
    {
        "calculationDate": "20200622",
        "outstanding": 827.0
    },
    {
        "calculationDate": "20190114",
        "outstanding": 49990.0
    },
    {
        "calculationDate": "20210621",
        "outstanding": 0.0
    },
    {
        "calculationDate": "20220511",
        "outstanding": 65991.0
    },
    {
        "calculationDate": "20220820",
        "outstanding": 260992.0
    },
    {
        "calculationDate": "20211207",
        "outstanding": 123208.0
    },
    {
        "calculationDate": "20200518",
        "outstanding": 6827.0
    },
    {
        "calculationDate": "20200713",
        "outstanding": 827.0
    },
    {
        "calculationDate": "20220729",
        "outstanding": 53230.0
    },
    {
        "calculationDate": "20221108",
        "outstanding": 4529.15
    },
    {
        "calculationDate": "20211104",
        "outstanding": 100203.0
    },
    {
        "calculationDate": "20220119",
        "outstanding": 84048.0
    },
    {
        "calculationDate": "20200416",
        "outstanding": 13827.0
    },
    {
        "calculationDate": "20220211",
        "outstanding": 144581.0
    },
    {
        "calculationDate": "20220509",
        "outstanding": 62512.0
    },
    {
        "calculationDate": "20230328",
        "outstanding": 103941.47
    },
    {
        "calculationDate": "20211115",
        "outstanding": 97631.0
    },
    {
        "calculationDate": "20200514",
        "outstanding": 6827.0
    },
    {
        "calculationDate": "20190401",
        "outstanding": 0.0
    },
    {
        "calculationDate": "20200113",
        "outstanding": 23174.0
    },
    {
        "calculationDate": "20210913",
        "outstanding": 8734.0
    },
    {
        "calculationDate": "20230309",
        "outstanding": 2100.55
    },
    {
        "calculationDate": "20221017",
        "outstanding": 110490.0
    },
    {
        "calculationDate": "20220902",
        "outstanding": 295300.0
    },
    {
        "calculationDate": "20221115",
        "outstanding": 20528.67
    },
    {
        "calculationDate": "20200130",
        "outstanding": 0.0
    },
    {
        "calculationDate": "20210215",
        "outstanding": 0.0
    },
    {
        "calculationDate": "20191130",
        "outstanding": 21196.0
    },
    {
        "calculationDate": "20220701",
        "outstanding": 183772.0
    },
    {
        "calculationDate": "20221019",
        "outstanding": 151528.0
    },
    {
        "calculationDate": "20211021"
    },
    {
        "calculationDate": "20220204",
        "outstanding": 139403.0
    },
    {
        "calculationDate": "20220223",
        "outstanding": 0.0
    },
    {
        "calculationDate": "20220318",
        "outstanding": 26190.0
    },
    {
        "calculationDate": "20211223",
        "outstanding": 1865.0
    },
    {
        "calculationDate": "20230502",
        "outstanding": 301009.02
    },
    {
        "calculationDate": "20220617",
        "outstanding": 0.0
    },
    {
        "calculationDate": "20230312",
        "outstanding": 103941.47
    },
    {
        "calculationDate": "20210802",
        "outstanding": 0.0
    },
    {
        "calculationDate": "20200706",
        "outstanding": 827.0
    },
    {
        "calculationDate": "20200116",
        "outstanding": 24008.0
    },
    {
        "calculationDate": "20220413",
        "outstanding": 25000.0
    },
    {
        "calculationDate": "20200312",
        "outstanding": 0.0
    },
    {
        "calculationDate": "20220530",
        "outstanding": 105268.0
    },
    {
        "calculationDate": "20220103",
        "outstanding": 59191.0
    },
    {
        "calculationDate": "20190702",
        "outstanding": 0.0
    },
    {
        "calculationDate": "20220606",
        "outstanding": 109505.0
    },
    {
        "outstanding": 49997.0
    },
    {
        "calculationDate": "20210204",
        "outstanding": 79264.0
    },
    {
        "calculationDate": "20211211",
        "outstanding": 130017.0
    },
    {
        "calculationDate": "20221010",
        "outstanding": 97965.0
    },
    {
        "calculationDate": "20220718",
        "outstanding": 40311.0
    },
    {
        "calculationDate": "20210603",
        "outstanding": 69856.0
    },
    {
        "calculationDate": "20200618",
        "outstanding": 0.0
    },
    {
        "calculationDate": "20220610",
        "outstanding": 114983.0
    },
    {
        "calculationDate": "20220713",
        "outstanding": 200091.0
    },
    {
        "calculationDate": "20210426",
        "outstanding": 121197.0
    },
    {
        "calculationDate": "20230221",
        "outstanding": 2100.55
    },
    {
        "calculationDate": "20230511",
        "outstanding": 317902.67
    },
    {
        "calculationDate": "20220907",
        "outstanding": 311002.0
    },
    {
        "calculationDate": "20191230",
        "outstanding": 25225.0
    },
    {
        "calculationDate": "20220722",
        "outstanding": 0.0
    },
    {
        "calculationDate": "20211004",
        "outstanding": 46688.0
    },
    {
        "calculationDate": "20200123",
        "outstanding": 24981.0
    },
    {
        "calculationDate": "20210405",
        "outstanding": 124919.0
    },
    {
        "calculationDate": "20221229",
        "outstanding": 156163.66
    },
    {
        "calculationDate": "20220923",
        "outstanding": 47297.0
    },
    {
        "calculationDate": "20220106",
        "outstanding": 70165.0
    },
    {
        "calculationDate": "20230411",
        "outstanding": 253632.92
    },
    {
        "calculationDate": "20190805",
        "outstanding": 0.0
    },
    {
        "calculationDate": "20191226",
        "outstanding": 23138.0
    },
    {
        "calculationDate": "20220905",
        "outstanding": 301025.0
    },
    {
        "calculationDate": "20210201",
        "outstanding": 44960.0
    },
    {
        "calculationDate": "20200910",
        "outstanding": 67032.0
    },
    {
        "calculationDate": "20220131",
        "outstanding": 138825.0
    },
    {
        "calculationDate": "20200127",
        "outstanding": 0.0
    },
    {
        "calculationDate": "20230604",
        "outstanding": 359962.34
    },
    {
        "calculationDate": "20220826",
        "outstanding": 286249.0
    },
    {
        "calculationDate": "20200917",
        "outstanding": 62032.0
    },
    {
        "calculationDate": "20210104",
        "outstanding": 39805.0
    },
    {
        "calculationDate": "20220919",
        "outstanding": 338277.0
    },
    {
        "calculationDate": "20230413",
        "outstanding": 258313.32
    },
    {
        "calculationDate": "20191124",
        "outstanding": 20472.0
    },
    {
        "calculationDate": "20181220",
        "outstanding": 0.0
    },
    {
        "calculationDate": "20230416",
        "outstanding": 262966.54
    },
    {
        "calculationDate": "20210315",
        "outstanding": 121356.0
    },
    {
        "calculationDate": "20221028",
        "outstanding": 169835.0
    },
    {
        "calculationDate": "20211230",
        "outstanding": 19832.0
    },
    {
        "calculationDate": "20201221",
        "outstanding": 18315.0
    },
    {
        "calculationDate": "20230110",
        "outstanding": 203645.84
    },
    {
        "calculationDate": "20220912",
        "outstanding": 315171.0
    },
    {
        "calculationDate": "20230420",
        "outstanding": 268749.4
    },
    {
        "calculationDate": "20220504",
        "outstanding": 56760.0
    },
    {
        "calculationDate": "20220603",
        "outstanding": 107878.0
    },
    {
        "calculationDate": "20230115",
        "outstanding": 206394.94
    },
    {
        "calculationDate": "20221005",
        "outstanding": 73288.0
    },
    {
        "calculationDate": "20230406",
        "outstanding": 198899.0
    },
    {
        "calculationDate": "20220328",
        "outstanding": 25000.0
    },
    {
        "calculationDate": "20210513",
        "outstanding": 119856.0
    },
    {
        "calculationDate": "20220921",
        "outstanding": 343470.0
    },
    {
        "calculationDate": "20220822",
        "outstanding": 279777.0
    },
    {
        "calculationDate": "20201126",
        "outstanding": 4356.0
    },
    {
        "calculationDate": "20210401",
        "outstanding": 124919.0
    },
    {
        "calculationDate": "20220214",
        "outstanding": 150239.0
    },
    {
        "calculationDate": "20210111",
        "outstanding": 40993.0
    },
    {
        "calculationDate": "20190506",
        "outstanding": 0.0
    },
    {
        "calculationDate": "20200716",
        "outstanding": 49997.0
    },
    {
        "calculationDate": "20220727",
        "outstanding": 46244.0
    },
    {
        "calculationDate": "20230226",
        "outstanding": 2100.55
    },
    {
        "calculationDate": "20211227",
        "outstanding": 5108.0
    },
    {
        "calculationDate": "20191215",
        "outstanding": 20157.0
    },
    {
        "calculationDate": "20220503",
        "outstanding": 54221.0
    },
    {
        "outstanding": 25415.0
    },
    {
        "calculationDate": "20221021",
        "outstanding": 158453.0
    },
    {
        "calculationDate": "20220427",
        "outstanding": 37662.0
    },
    {
        "calculationDate": "20220808",
        "outstanding": 178255.0
    },
    {
        "calculationDate": "20220608",
        "outstanding": 110614.0
    },
    {
        "calculationDate": "20220926",
        "outstanding": 52460.0
    },
    {
        "calculationDate": "20230613",
        "outstanding": 388769.73
    },
    {
        "calculationDate": "20230108",
        "outstanding": 156163.66
    },
    {
        "calculationDate": "20220831",
        "outstanding": 293562.0
    },
    {
        "calculationDate": "20181213",
        "outstanding": 0.0
    },
    {
        "calculationDate": "20220725",
        "outstanding": 16246.0
    },
    {
        "calculationDate": "20211129",
        "outstanding": 110015.0
    },
    {
        "calculationDate": "20230417",
        "outstanding": 264094.53
    },
    {
        "calculationDate": "20211215",
        "outstanding": 135136.0
    },
    {
        "calculationDate": "20191007",
        "outstanding": 0.0
    },
    {
        "calculationDate": "20230427",
        "outstanding": 276472.03
    },
    {
        "calculationDate": "20220118",
        "outstanding": 82904.0
    },
    {
        "calculationDate": "20201217",
        "outstanding": 18315.0
    },
    {
        "calculationDate": "20220309",
        "outstanding": 0.0
    },
    {
        "calculationDate": "20221124",
        "outstanding": 20528.67
    },
    {
        "calculationDate": "20220930",
        "outstanding": 63760.0
    },
    {
        "calculationDate": "20200103",
        "outstanding": 25225.0
    },
    {
        "calculationDate": "20200511",
        "outstanding": 13827.0
    },
    {
        "calculationDate": "20220523",
        "outstanding": 98733.0
    },
    {
        "calculationDate": "20221007",
        "outstanding": 79904.0
    },
    {
        "calculationDate": "20220513",
        "outstanding": 67194.0
    },
    {
        "calculationDate": "20210906",
        "outstanding": 5167.0
    },
    {
        "calculationDate": "20230418",
        "outstanding": 265242.48
    },
    {
        "calculationDate": "20220801",
        "outstanding": 79823.0
    },
    {
        "calculationDate": "20221127",
        "outstanding": 20528.67
    },
    {
        "calculationDate": "20230504"
    },
    {
        "calculationDate": "20230402",
        "outstanding": 103941.47
    },
    {
        "calculationDate": "20221003",
        "outstanding": 68496.0
    },
    {
        "calculationDate": "20201026",
        "outstanding": 0.0
    },
    {
        "calculationDate": "20220207",
        "outstanding": 140739.0
    },
    {
        "calculationDate": "20230516",
        "outstanding": 327855.85
    },
    {
        "calculationDate": "20230530",
        "outstanding": 359962.34
    },
    {
        "calculationDate": "20211203",
        "outstanding": 120868.0
    },
    {
        "calculationDate": "20221102",
        "outstanding": 0.0
    },
    {
        "calculationDate": "20221225",
        "outstanding": 156163.66
    },
    {
        "calculationDate": "20211123",
        "outstanding": 103649.0
    },
    {
        "calculationDate": "20220627",
        "outstanding": 175984.0
    },
    {
        "calculationDate": "20201029",
        "outstanding": 0.0
    },
    {
        "calculationDate": "20230404",
        "outstanding": 190140.69
    },
    {
        "calculationDate": "20201214",
        "outstanding": 7202.0
    },
    {
        "calculationDate": "20201106",
        "outstanding": 0.0
    },
    {
        "calculationDate": "20220622",
        "outstanding": 108189.0
    },
    {
        "calculationDate": "20230430",
        "outstanding": 287187.63
    },
    {
        "calculationDate": "20200615",
        "outstanding": 6827.0
    },
    {
        "calculationDate": "20230326",
        "outstanding": 103941.47
    },
    {
        "calculationDate": "20200629",
        "outstanding": 50827.0
    },
    {
        "calculationDate": "20200420",
        "outstanding": 13827.0
    },
    {
        "calculationDate": "20221014",
        "outstanding": 106878.0
    },
    {
        "calculationDate": "20221215",
        "outstanding": 156163.66
    },
    {
        "calculationDate": "20191024",
        "outstanding": 8557.0
    },
    {
        "calculationDate": "20230518",
        "outstanding": 349892.83
    },
    {
        "calculationDate": "20191209",
        "outstanding": 22157.0
    },
    {
        "calculationDate": "20230316",
        "outstanding": 103941.47
    },
    {
        "calculationDate": "20211018",
        "outstanding": 94396.0
    },
    {
        "calculationDate": "20230223",
        "outstanding": 2100.55
    },
    {
        "calculationDate": "20220411",
        "outstanding": 25000.0
    },
    {
        "calculationDate": "20220909",
        "outstanding": 314124.0
    },
    {
        "calculationDate": "20181231",
        "outstanding": 49990.0
    },
    {
        "calculationDate": "20211014",
        "outstanding": 86170.0
    },
    {
        "calculationDate": "20220721",
        "outstanding": 0.0
    },
    {
        "calculationDate": "20220817",
        "outstanding": 203419.0
    },
    {
        "calculationDate": "20220429",
        "outstanding": 49152.0
    },
    {
        "calculationDate": "20220125",
        "outstanding": 135717.0
    },
    {
        "calculationDate": "20200604",
        "outstanding": 6827.0
    },
    {
        "calculationDate": "20221027",
        "outstanding": 167091.0
    },
    {
        "calculationDate": "20211116",
        "outstanding": 97631.0
    },
    {
        "calculationDate": "20200914",
        "outstanding": 67032.0
    },
    {
        "calculationDate": "20220121",
        "outstanding": 135183.0
    },
    {
        "calculationDate": "20221024",
        "outstanding": 163127.0
    },
    {
        "calculationDate": "20230522",
        "outstanding": 350860.46
    },
    {
        "calculationDate": "20221110",
        "outstanding": 4529.15
    },
    {
        "calculationDate": "20230216",
        "outstanding": 2100.55
    },
    {
        "calculationDate": "20211220",
        "outstanding": 0.0
    },
    {
        "calculationDate": "20230323",
        "outstanding": 103941.47
    },
    {
        "calculationDate": "20210415",
        "outstanding": 119919.0
    },
    {
        "outstanding": 137573.41
    },
    {
        "calculationDate": "20230514",
        "outstanding": 324055.12
    },
    {
        "calculationDate": "20220216",
        "outstanding": 155059.0
    },
    {
        "calculationDate": "20230425",
        "outstanding": 273818.89
    },
    {
        "calculationDate": "20191117",
        "outstanding": 10497.0
    },
    {
        "calculationDate": "20200109",
        "outstanding": 25674.0
    },
    {
        "calculationDate": "20230228",
        "outstanding": 2100.55
    },
    {
        "calculationDate": "20191111",
        "outstanding": 13997.0
    },
    {
        "calculationDate": "20210308",
        "outstanding": 125356.0
    },
    {
        "calculationDate": "20230119",
        "outstanding": 206394.94
    },
    {
        "calculationDate": "20221012",
        "outstanding": 102023.0
    },
    {
        "calculationDate": "20230314",
        "outstanding": 103941.47
    },
    {
        "calculationDate": "20210920",
        "outstanding": 32861.0
    },
    {
        "calculationDate": "20210125",
        "outstanding": 40991.0
    },
    {
        "calculationDate": "20210607",
        "outstanding": 19856.0
    },
    {
        "calculationDate": "20220916",
        "outstanding": 320983.0
    },
    {
        "calculationDate": "20230305",
        "outstanding": 2100.55
    },
    {
        "calculationDate": "20220314",
        "outstanding": 2534.0
    },
    {
        "calculationDate": "20230307",
        "outstanding": 2100.55
    },
    {
        "calculationDate": "20211011",
        "outstanding": 71790.0
    }
]