[
    {
        "calculationDate": "20190902",
        "outstanding": 4165.0
    },
    {
        "calculationDate": "20200509",
        "outstanding": 0.0
    },
    {
        "calculationDate": "20200227",
        "outstanding": 0.0
    },
    {
        "calculationDate": "20190812",
        "outstanding": 0.0
    },
    {
        "calculationDate": "20191117",
        "outstanding": 0.0
    },
    {
        "outstanding": 0.0
    },
    {
        "calculationDate": "20200128",
        "outstanding": 0.0
    },
    {
        "calculationDate": "20180813",
        "outstanding": 0.0
    },
    {
        "calculationDate": "20200212",
        "outstanding": 0.0
    },
    {
        "calculationDate": "20190927",
        "outstanding": 31927.0
    },
    {
        "calculationDate": "20200325",
        "outstanding": 0.0
    },
    {
        "calculationDate": "20191109",
        "outstanding": 62786.0
    },
    {
        "calculationDate": "20180828",
        "outstanding": 0.0
    },
    {
        "calculationDate": "20180527",
        "outstanding": 13033.0
    },
    {
        "calculationDate": "20200512",
        "outstanding": 0.0
    },
    {
        "calculationDate": "20200113",
        "outstanding": 0.0
    },
    {
        "calculationDate": "20200322",
        "outstanding": 806.0
    },
    {
        "calculationDate": "20200527",
        "outstanding": 19827.0
    },
    {
        "calculationDate": "20190428",
        "outstanding": 0.0
    },
    {
        "calculationDate": "20200614",
        "outstanding": 0.0
    },
    {
        "calculationDate": "20190128",
        "outstanding": 0.0
    },
    {
        "calculationDate": "20191227",
        "outstanding": 0.0
    },
    {
        "calculationDate": "20200105",
        "outstanding": 6753.0
    },
    {
        "calculationDate": "20190827",
        "outstanding": 0.0
    },
    {
        "calculationDate": "20191126",
        "outstanding": 0.0
    },
    {
        "calculationDate": "20200430",
        "outstanding": 0.0
    },
    {
        "calculationDate": "20181226",
        "outstanding": 0.0
    },
    {
        "calculationDate": "20190728",
        "outstanding": 0.0
    },
    {
        "calculationDate": "20190924",
        "outstanding": 28458.0
    },
    {
        "calculationDate": "20190501",
        "outstanding": 0.0
    },
    {
        "calculationDate": "20191230",
        "outstanding": 0.0
    },
    {
        "calculationDate": "20200617",
        "outstanding": 0.0
    },
    {
        "calculationDate": "20191217",
        "outstanding": 0.0
    },
    {
        "calculationDate": "20200626",
        "outstanding": 0.0
    },
    {
        "calculationDate": "20190628",
        "outstanding": 0.0
    },
    {
        "calculationDate": "20180611",
        "outstanding": 0.0
    },
    {
        "calculationDate": "20180614",
        "outstanding": 0.0
    },
    {
        "calculationDate": "20200102",
        "outstanding": 2990.0
    },
    {
        "calculationDate": "20181127",
        "outstanding": 0.0
    },
    {
        "calculationDate": "20200427",
        "outstanding": 0.0
    },
    {
        "calculationDate": "20191221",
        "outstanding": 0.0
    },
    {
        "calculationDate": "20190914",
        "outstanding": 0.0
    },
    {
        "calculationDate": "20190527",
        "outstanding": 0.0
    },
    {
        "calculationDate": "20200328",
        "outstanding": 0.0
    },
    {
        "calculationDate": "20191112",
        "outstanding": 0.0
    },
    {
        "calculationDate": "20190327",
        "outstanding": 0.0
    },
    {
        "calculationDate": "20191014",
        "outstanding": 36715.0
    },
    {
        "calculationDate": "20180927",
        "outstanding": 0.0
    },
    {
        "calculationDate": "20200307",
        "outstanding": 0.0
    },
    {
        "calculationDate": "20190228",
        "outstanding": 0.0
    },
    {
        "calculationDate": "20180629",
        "outstanding": 0.0
    },
    {
        "calculationDate": "20181028",
        "outstanding": 0.0
    },
    {
        "calculationDate": "20180729",
        "outstanding": 0.0
    }
]