[
    {
        "calculationDate": "20230228",
        "outstanding": 0.0
    },
    {
        "calculationDate": "20230316",
        "outstanding": 1826.1
    },
    {
        "calculationDate": "20230414",
        "outstanding": 3078.57
    },
    {
        "calculationDate": "20230530",
        "outstanding": 16126.57
    },
    {
        "calculationDate": "20230521",
        "outstanding": 2358.37
    },
    {
        "calculationDate": "20230119",
        "outstanding": 6598.48
    },
    {
        "calculationDate": "20230518",
        "outstanding": 6464.61
    },
    {
        "calculationDate": "20230209",
        "outstanding": 0.0
    },
    {
        "calculationDate": "20230312",
        "outstanding": 3248.1
    },
    {
        "calculationDate": "20230404",
        "outstanding": 0.0
    },
    {
        "calculationDate": "20230212",
        "outstanding": 12117.91
    },
    {
        "calculationDate": "20230604",
        "outstanding": 2730.19
    },
    {
        "calculationDate": "20230611",
        "outstanding": 4591.72
    },
    {
        "calculationDate": "20230420",
        "outstanding": 359.49
    },
    {
        "calculationDate": "20230606",
        "outstanding": 0.0
    },
    {
        "calculationDate": "20230221",
        "outstanding": 0.0
    },
    {
        "calculationDate": "20230418",
        "outstanding": 0.0
    },
    {
        "calculationDate": "20230502",
        "outstanding": 11219.99
    },
    {
        "calculationDate": "20230129",
        "outstanding": 1065.96
    },
    {
        "calculationDate": "20230525",
        "outstanding": 4317.5
    },
    {
        "calculationDate": "20230507",
        "outstanding": 125.37
    },
    {
        "calculationDate": "20230328",
        "outstanding": 0.0
    },
    {
        "calculationDate": "20230112",
        "outstanding": 3000.0
    },
    {
        "calculationDate": "20230528",
        "outstanding": 13208.86
    },
    {
        "calculationDate": "20230601",
        "outstanding": 0.0
    },
    {
        "calculationDate": "20230307",
        "outstanding": 777.22
    },
    {
        "calculationDate": "20230223",
        "outstanding": 0.0
    },
    {
        "calculationDate": "20230423",
        "outstanding": 144.77
    },
    {
        "calculationDate": "20230319",
        "outstanding": 0.0
    },
    {
        "calculationDate": "20230131",
        "outstanding": 1129.56
    },
    {
        "calculationDate": "20230216",
        "outstanding": 1313.17
    },
    {
        "calculationDate": "20230516",
        "outstanding": 2669.2
    },
    {
        "calculationDate": "20230425",
        "outstanding": 387.49
    },
    {
        "calculationDate": "20230504",
        "outstanding": 11788.53
    },
    {
        "calculationDate": "20230330",
        "outstanding": 0.0
    },
    {
        "calculationDate": "20230510",
        "outstanding": 9435.56
    },
    {
        "calculationDate": "20230402",
        "outstanding": 2628.08
    },
    {
        "calculationDate": "20230430",
        "outstanding": 10034.61
    },
    {
        "calculationDate": "20230126",
        "outstanding": 1782.32
    },
    {
        "calculationDate": "20230309",
        "outstanding": 1756.83
    },
    {
        "calculationDate": "20230509",
        "outstanding": 8967.39
    },
    {
        "calculationDate": "20230514",
        "outstanding": 7416.04
    },
    {
        "calculationDate": "20230214",
        "outstanding": 17904.31
    },
    {
        "calculationDate": "20230427",
        "outstanding": 275.81
    },
    {
        "calculationDate": "20230613",
        "outstanding": 7388.67
    },
    {
        "calculationDate": "20230219",
        "outstanding": 0.0
    },
    {
        "calculationDate": "20230305",
        "outstanding": 3232.27
    },
    {
        "calculationDate": "20230523",
        "outstanding": 3193.51
    },
    {
        "calculationDate": "20230608",
        "outstanding": 1026.72
    },
    {
        "calculationDate": "20230314",
        "outstanding": 3840.39
    }
]