[
    {
        "calculationDate": "20130530",
        "outstanding": 577.0
    },
    {
        "calculationDate": "20170910",
        "outstanding": 0.0
    },
    {
        "calculationDate": "20130801",
        "outstanding": 577.0
    },
    {
        "calculationDate": "20150228",
        "outstanding": 1942.0
    },
    {
        "calculationDate": "20181025",
        "outstanding": 2909.0
    },
    {
        "calculationDate": "20170131",
        "outstanding": 0.0
    },
    {
        "calculationDate": "20141230",
        "outstanding": 0.0
    },
    {
        "calculationDate": "20190723",
        "outstanding": 0.0
    },
    {
        "calculationDate": "20140725",
        "outstanding": 0.0
    },
    {
        "calculationDate": "20160831",
        "outstanding": 639.0
    },
    {
        "calculationDate": "20140401",
        "outstanding": 577.0
    },
    {
        "calculationDate": "20130601",
        "outstanding": 577.0
    },
    {
        "calculationDate": "20161011",
        "outstanding": 3.0
    },
    {
        "calculationDate": "20160331",
        "outstanding": 172.0
    },
    {
        "calculationDate": "20150930",
        "outstanding": 2784.0
    },
    {
        "calculationDate": "20180925",
        "outstanding": 3.0
    },
    {
        "calculationDate": "20160122",
        "outstanding": 0.0
    },
    {
        "calculationDate": "20131101",
        "outstanding": 577.0
    },
    {
        "calculationDate": "20160430",
        "outstanding": 172.0
    },
    {
        "calculationDate": "20180930",
        "outstanding": 1707.0
    },
    {
        "calculationDate": "20170813",
        "outstanding": 3.0
    },
    {
        "calculationDate": "20170917",
        "outstanding": 0.0
    },
    {
        "calculationDate": "20131201",
        "outstanding": 577.0
    },
    {
        "calculationDate": "20181115",
        "outstanding": 0.0
    },
    {
        "calculationDate": "20160725",
        "outstanding": 9.0
    },
    {
        "calculationDate": "20160630",
        "outstanding": 172.0
    },
    {
        "calculationDate": "20140718",
        "outstanding": 1250.0
    },
    {
        "calculationDate": "20160930",
        "outstanding": 489.0
    },
    {
        "calculationDate": "20190430"
    },
    {
        "calculationDate": "20150630",
        "outstanding": 541.0
    },
    {
        "calculationDate": "20190131",
        "outstanding": 240.0
    },
    {
        "calculationDate": "20140831",
        "outstanding": 0.0
    },
    {
        "calculationDate": "20180118",
        "outstanding": 0.0
    },
    {
        "calculationDate": "20140301",
        "outstanding": 577.0
    },
    {
        "calculationDate": "20171225",
        "outstanding": 174.0
    },
    {
        "calculationDate": "20170930",
        "outstanding": 4.0
    },
    {
        "calculationDate": "20180415",
        "outstanding": 5.0
    },
    {
        "calculationDate": "20170430",
        "outstanding": 0.0
    },
    {
        "calculationDate": "20151030",
        "outstanding": 1151.0
    },
    {
        "calculationDate": "20171231",
        "outstanding": 4.0
    },
    {
        "calculationDate": "20140601",
        "outstanding": 577.0
    },
    {
        "calculationDate": "20180208",
        "outstanding": 3.0
    },
    {
        "calculationDate": "20151130",
        "outstanding": 691.0
    },
    {
        "calculationDate": "20140201",
        "outstanding": 577.0
    },
    {
        "calculationDate": "20171116",
        "outstanding": 4.0
    },
    {
        "calculationDate": "20160204",
        "outstanding": 1710.0
    },
    {
        "calculationDate": "20141130",
        "outstanding": 577.0
    },
    {
        "calculationDate": "20170707",
        "outstanding": 0.0
    },
    {
        "calculationDate": "20190531",
        "outstanding": 0.0
    },
    {
        "calculationDate": "20180725",
        "outstanding": 12.0
    },
    {
        "calculationDate": "20150531",
        "outstanding": 172.0
    },
    {
        "calculationDate": "20161231",
        "outstanding": 0.0
    },
    {
        "calculationDate": "20130701",
        "outstanding": 577.0
    },
    {
        "calculationDate": "20160210",
        "outstanding": 0.0
    },
    {
        "calculationDate": "20181031",
        "outstanding": 23.0
    },
    {
        "calculationDate": "20141031",
        "outstanding": 1219.0
    },
    {
        "calculationDate": "20150130",
        "outstanding": 2166.0
    },
    {
        "calculationDate": "20160111",
        "outstanding": 576.0
    },
    {
        "calculationDate": "20180125",
        "outstanding": 1764.0
    },
    {
        "calculationDate": "20180515",
        "outstanding": 0.0
    },
    {
        "calculationDate": "20171214",
        "outstanding": 2.0
    },
    {
        "calculationDate": "20160531",
        "outstanding": 172.0
    },
    {
        "calculationDate": "20150831",
        "outstanding": 1339.0
    },
    {
        "calculationDate": "20131001",
        "outstanding": 577.0
    },
    {
        "calculationDate": "20171108",
        "outstanding": 1594.0
    },
    {
        "calculationDate": "20190630",
        "outstanding": 662.0
    },
    {
        "calculationDate": "20180815",
        "outstanding": 11.0
    },
    {
        "calculationDate": "20161130",
        "outstanding": 172.0
    },
    {
        "calculationDate": "20170331",
        "outstanding": 0.0
    },
    {
        "calculationDate": "20181220",
        "outstanding": 3000.0
    },
    {
        "calculationDate": "20151229",
        "outstanding": 0.0
    },
    {
        "calculationDate": "20180228",
        "outstanding": 0.0
    },
    {
        "calculationDate": "20171010",
        "outstanding": 0.0
    },
    {
        "calculationDate": "20180615",
        "outstanding": 0.0
    },
    {
        "calculationDate": "20170531",
        "outstanding": 0.0
    },
    {
        "calculationDate": "20140925",
        "outstanding": 889.0
    },
    {
        "calculationDate": "20180331",
        "outstanding": 6.0
    },
    {
        "calculationDate": "20170630",
        "outstanding": 0.0
    },
    {
        "calculationDate": "20150731",
        "outstanding": 393.0
    },
    {
        "calculationDate": "20190331",
        "outstanding": 0.0
    },
    {
        "calculationDate": "20140101",
        "outstanding": 577.0
    },
    {
        "calculationDate": "20150430",
        "outstanding": 664.0
    },
    {
        "calculationDate": "20190228",
        "outstanding": 29.0
    },
    {
        "calculationDate": "20150331",
        "outstanding": 35.0
    },
    {
        "calculationDate": "20140501",
        "outstanding": 577.0
    },
    {
        "calculationDate": "20130901",
        "outstanding": 577.0
    },
    {
        "calculationDate": "20170228",
        "outstanding": 0.0
    },
    {
        "calculationDate": "20160112",
        "outstanding": 1181.0
    }
]