[
    {
        "calculationDate": "20211006",
        "outstanding": 44413.0
    },
    {
        "calculationDate": "20220925",
        "outstanding": 9711.0
    },
    {
        "calculationDate": "20220629",
        "outstanding": 29021.0
    },
    {
        "calculationDate": "20210910",
        "outstanding": 34206.0
    },
    {
        "calculationDate": "20210220",
        "outstanding": 0.0
    },
    {
        "calculationDate": "20190501",
        "outstanding": 835.0
    },
    {
        "calculationDate": "20220811",
        "outstanding": 22665.0
    },
    {
        "calculationDate": "20171007",
        "outstanding": 2101.0
    },
    {
        "calculationDate": "20220711",
        "outstanding": 29015.0
    },
    {
        "calculationDate": "20220912",
        "outstanding": 46014.0
    },
    {
        "calculationDate": "20190425",
        "outstanding": 834.0
    },
    {
        "calculationDate": "20211014",
        "outstanding": 53741.0
    },
    {
        "calculationDate": "20161013",
        "outstanding": 29147.0
    },
    {
        "calculationDate": "20181109",
        "outstanding": 4370.0
    },
    {
        "calculationDate": "20180408",
        "outstanding": 6495.0
    },
    {
        "calculationDate": "20211223",
        "outstanding": 38788.0
    },
    {
        "calculationDate": "20210122",
        "outstanding": 0.0
    },
    {
        "calculationDate": "20170321",
        "outstanding": 4715.0
    },
    {
        "calculationDate": "20200920",
        "outstanding": 0.0
    },
    {
        "calculationDate": "20210621",
        "outstanding": 0.0
    },
    {
        "calculationDate": "20200620",
        "outstanding": 0.0
    },
    {
        "calculationDate": "20220122",
        "outstanding": 20889.0
    },
    {
        "calculationDate": "20180811",
        "outstanding": 5236.0
    },
    {
        "calculationDate": "20170715",
        "outstanding": 3278.0
    },
    {
        "calculationDate": "20200113",
        "outstanding": 28991.0
    },
    {
        "calculationDate": "20210215",
        "outstanding": 91.0
    },
    {
        "calculationDate": "20190110",
        "outstanding": 2046.0
    },
    {
        "calculationDate": "20220414",
        "outstanding": 0.0
    },
    {
        "outstanding": 3334.0
    },
    {
        "calculationDate": "20200521",
        "outstanding": 0.0
    },
    {
        "calculationDate": "20160610",
        "outstanding": 11473.0
    },
    {
        "calculationDate": "20220719",
        "outstanding": 0.0
    },
    {
        "calculationDate": "20220830",
        "outstanding": 16769.0
    },
    {
        "calculationDate": "20220102",
        "outstanding": 49185.0
    },
    {
        "calculationDate": "20220619",
        "outstanding": 13920.0
    },
    {
        "calculationDate": "20181022",
        "outstanding": 4701.0
    },
    {
        "calculationDate": "20220329",
        "outstanding": 2424.0
    },
    {
        "calculationDate": "20220227",
        "outstanding": 8554.0
    },
    {
        "calculationDate": "20220106",
        "outstanding": 60659.0
    },
    {
        "calculationDate": "20220223",
        "outstanding": 5945.0
    },
    {
        "calculationDate": "20221002",
        "outstanding": 34504.0
    },
    {
        "calculationDate": "20211205",
        "outstanding": 44024.0
    },
    {
        "calculationDate": "20200818",
        "outstanding": 101.0
    },
    {
        "calculationDate": "20180210",
        "outstanding": 7292.0
    },
    {
        "calculationDate": "20171212",
        "outstanding": 7081.0
    },
    {
        "calculationDate": "20220703",
        "outstanding": 28874.0
    },
    {
        "calculationDate": "20151211",
        "outstanding": 17816.0
    },
    {
        "calculationDate": "20201125",
        "outstanding": 6675.0
    },
    {
        "calculationDate": "20170910",
        "outstanding": 2644.0
    },
    {
        "calculationDate": "20220908",
        "outstanding": 35509.0
    },
    {
        "calculationDate": "20180607",
        "outstanding": 5771.0
    },
    {
        "calculationDate": "20201023",
        "outstanding": 7018.0
    },
    {
        "calculationDate": "20210807",
        "outstanding": 17395.0
    },
    {
        "calculationDate": "20171221",
        "outstanding": 8609.0
    },
    {
        "calculationDate": "20180713",
        "outstanding": 5469.0
    },
    {
        "calculationDate": "20131024",
        "outstanding": 67641.0
    },
    {
        "calculationDate": "20160523",
        "outstanding": 12947.0
    },
    {
        "calculationDate": "20211109",
        "outstanding": 53423.0
    },
    {
        "calculationDate": "20210716",
        "outstanding": 0.0
    },
    {
        "calculationDate": "20190223",
        "outstanding": 1304.0
    },
    {
        "calculationDate": "20170621",
        "outstanding": 3603.0
    },
    {
        "calculationDate": "20220617",
        "outstanding": 11642.0
    },
    {
        "calculationDate": "20180622",
        "outstanding": 5807.0
    },
    {
        "calculationDate": "20200719",
        "outstanding": 7625.0
    },
    {
        "calculationDate": "20220817",
        "outstanding": 10390.0
    },
    {
        "calculationDate": "20220819",
        "outstanding": 5390.0
    },
    {
        "calculationDate": "20141120",
        "outstanding": 58085.0
    },
    {
        "calculationDate": "20180222",
        "outstanding": 7331.0
    },
    {
        "calculationDate": "20211209",
        "outstanding": 42721.0
    },
    {
        "calculationDate": "20220410",
        "outstanding": 4093.0
    },
    {
        "calculationDate": "20220611",
        "outstanding": 9936.0
    },
    {
        "calculationDate": "20161124",
        "outstanding": 31926.0
    },
    {
        "calculationDate": "20210827",
        "outstanding": 33798.0
    },
    {
        "calculationDate": "20190520",
        "outstanding": 4.0
    },
    {
        "calculationDate": "20160121",
        "outstanding": 16263.0
    },
    {
        "calculationDate": "20190504",
        "outstanding": 4.0
    },
    {
        "calculationDate": "20210217",
        "outstanding": 0.0
    },
    {
        "calculationDate": "20210805",
        "outstanding": 19297.0
    },
    {
        "calculationDate": "20220805",
        "outstanding": 14870.0
    },
    {
        "calculationDate": "20190428",
        "outstanding": 835.0
    },
    {
        "calculationDate": "20190315",
        "outstanding": 818.0
    },
    {
        "calculationDate": "20200116",
        "outstanding": 0.0
    },
    {
        "calculationDate": "20190707",
        "outstanding": 0.0
    },
    {
        "calculationDate": "20220911",
        "outstanding": 45014.0
    },
    {
        "calculationDate": "20220919",
        "outstanding": 47156.0
    },
    {
        "calculationDate": "20211020",
        "outstanding": 53847.0
    },
    {
        "calculationDate": "20220124",
        "outstanding": 29288.0
    },
    {
        "calculationDate": "20200325",
        "outstanding": 0.0
    },
    {
        "calculationDate": "20200111",
        "outstanding": 28990.0
    },
    {
        "calculationDate": "20190414",
        "outstanding": 829.0
    },
    {
        "calculationDate": "20210930",
        "outstanding": 29440.0
    },
    {
        "calculationDate": "20220723",
        "outstanding": 8055.0
    },
    {
        "calculationDate": "20220803",
        "outstanding": 13110.0
    },
    {
        "calculationDate": "20220804",
        "outstanding": 14542.0
    },
    {
        "calculationDate": "20220128",
        "outstanding": 27428.0
    },
    {
        "calculationDate": "20140829",
        "outstanding": 55793.0
    },
    {
        "calculationDate": "20191217",
        "outstanding": 20341.0
    },
    {
        "calculationDate": "20211229",
        "outstanding": 51137.0
    },
    {
        "calculationDate": "20180910",
        "outstanding": 4753.0
    },
    {
        "calculationDate": "20220902",
        "outstanding": 22824.0
    },
    {
        "calculationDate": "20220219",
        "outstanding": 940.0
    },
    {
        "calculationDate": "20220412",
        "outstanding": 5253.0
    },
    {
        "calculationDate": "20220806",
        "outstanding": 15518.0
    },
    {
        "calculationDate": "20171121",
        "outstanding": 3117.0
    },
    {
        "calculationDate": "20170315",
        "outstanding": 4703.0
    },
    {
        "calculationDate": "20220605",
        "outstanding": 3280.0
    },
    {
        "calculationDate": "20160601",
        "outstanding": 12858.0
    },
    {
        "calculationDate": "20170607",
        "outstanding": 3580.0
    },
    {
        "calculationDate": "20220807",
        "outstanding": 17000.0
    },
    {
        "calculationDate": "20160310",
        "outstanding": 15991.0
    },
    {
        "calculationDate": "20210713",
        "outstanding": 12068.0
    },
    {
        "calculationDate": "20220518",
        "outstanding": 0.0
    },
    {
        "calculationDate": "20201122",
        "outstanding": 7158.0
    },
    {
        "calculationDate": "20221105",
        "outstanding": 0.0
    },
    {
        "calculationDate": "20220225",
        "outstanding": 7210.0
    },
    {
        "calculationDate": "20210823",
        "outstanding": 25459.0
    },
    {
        "calculationDate": "20220112",
        "outstanding": 66844.0
    },
    {
        "calculationDate": "20211121",
        "outstanding": 43772.0
    },
    {
        "calculationDate": "20131126",
        "outstanding": 182.0
    },
    {
        "calculationDate": "20150826",
        "outstanding": 24571.0
    },
    {
        "calculationDate": "20190224",
        "outstanding": 1304.0
    },
    {
        "calculationDate": "20130729",
        "outstanding": 0.0
    },
    {
        "calculationDate": "20171118",
        "outstanding": 3117.0
    },
    {
        "calculationDate": "20160707",
        "outstanding": 11628.0
    },
    {
        "calculationDate": "20220213",
        "outstanding": 0.0
    },
    {
        "calculationDate": "20220609",
        "outstanding": 9871.0
    },
    {
        "calculationDate": "20220824",
        "outstanding": 11777.0
    },
    {
        "calculationDate": "20191214",
        "outstanding": 20341.0
    },
    {
        "calculationDate": "20220915",
        "outstanding": 47121.0
    },
    {
        "calculationDate": "20180309",
        "outstanding": 6887.0
    },
    {
        "calculationDate": "20211002",
        "outstanding": 37639.0
    },
    {
        "calculationDate": "20211010",
        "outstanding": 49103.0
    },
    {
        "calculationDate": "20150914",
        "outstanding": 22808.0
    },
    {
        "calculationDate": "20220724",
        "outstanding": 8368.0
    },
    {
        "calculationDate": "20211101",
        "outstanding": 52907.0
    },
    {
        "calculationDate": "20190203",
        "outstanding": 1286.0
    },
    {
        "calculationDate": "20160722",
        "outstanding": 18581.0
    },
    {
        "calculationDate": "20211030",
        "outstanding": 52873.0
    },
    {
        "calculationDate": "20220801",
        "outstanding": 12610.0
    },
    {
        "calculationDate": "20220205",
        "outstanding": 35028.0
    },
    {
        "calculationDate": "20220126",
        "outstanding": 32025.0
    },
    {
        "calculationDate": "20220309",
        "outstanding": 23766.0
    },
    {
        "calculationDate": "20160907",
        "outstanding": 26353.0
    },
    {
        "calculationDate": "20220906",
        "outstanding": 23944.0
    },
    {
        "calculationDate": "20220907",
        "outstanding": 35394.0
    },
    {
        "calculationDate": "20220715",
        "outstanding": 5.0
    },
    {
        "calculationDate": "20160118",
        "outstanding": 16241.0
    },
    {
        "calculationDate": "20201216",
        "outstanding": 0.0
    },
    {
        "calculationDate": "20151225",
        "outstanding": 16635.0
    },
    {
        "calculationDate": "20220108",
        "outstanding": 63854.0
    },
    {
        "calculationDate": "20220116",
        "outstanding": 18202.0
    },
    {
        "calculationDate": "20161127",
        "outstanding": 31995.0
    },
    {
        "calculationDate": "20211213",
        "outstanding": 33804.0
    },
    {
        "calculationDate": "20180420",
        "outstanding": 6529.0
    },
    {
        "calculationDate": "20200824",
        "outstanding": 0.0
    },
    {
        "calculationDate": "20220928",
        "outstanding": 16056.0
    },
    {
        "calculationDate": "20211231",
        "outstanding": 42497.0
    },
    {
        "calculationDate": "20141012",
        "outstanding": 61605.0
    },
    {
        "calculationDate": "20220301",
        "outstanding": 12296.0
    },
    {
        "calculationDate": "20140317",
        "outstanding": 63077.0
    },
    {
        "calculationDate": "20190722",
        "outstanding": 0.0
    },
    {
        "calculationDate": "20160821",
        "outstanding": 20285.0
    },
    {
        "calculationDate": "20211227",
        "outstanding": 50764.0
    },
    {
        "calculationDate": "20161019",
        "outstanding": 34410.0
    },
    {
        "calculationDate": "20220813",
        "outstanding": 0.0
    },
    {
        "calculationDate": "20211221",
        "outstanding": 36735.0
    },
    {
        "calculationDate": "20190921",
        "outstanding": 0.0
    },
    {
        "calculationDate": "20160316",
        "outstanding": 16090.0
    },
    {
        "calculationDate": "20220926",
        "outstanding": 14269.0
    },
    {
        "calculationDate": "20200801",
        "outstanding": 11482.0
    },
    {
        "calculationDate": "20211004",
        "outstanding": 41874.0
    },
    {
        "calculationDate": "20210522",
        "outstanding": 0.0
    },
    {
        "calculationDate": "20190417",
        "outstanding": 830.0
    },
    {
        "calculationDate": "20210318",
        "outstanding": 0.0
    },
    {
        "calculationDate": "20220426",
        "outstanding": 2200.0
    },
    {
        "calculationDate": "20220914",
        "outstanding": 46704.0
    },
    {
        "calculationDate": "20190422",
        "outstanding": 834.0
    },
    {
        "calculationDate": "20170111",
        "outstanding": 35320.0
    },
    {
        "calculationDate": "20180723",
        "outstanding": 5493.0
    },
    {
        "calculationDate": "20161106",
        "outstanding": 31633.0
    },
    {
        "calculationDate": "20181211",
        "outstanding": 3934.0
    },
    {
        "calculationDate": "20170721",
        "outstanding": 3287.0
    },
    {
        "calculationDate": "20171019",
        "outstanding": 2145.0
    },
    {
        "calculationDate": "20211219",
        "outstanding": 35373.0
    },
    {
        "calculationDate": "20200319",
        "outstanding": 0.0
    },
    {
        "calculationDate": "20191117",
        "outstanding": 186.0
    },
    {
        "calculationDate": "20180321",
        "outstanding": 6928.0
    },
    {
        "calculationDate": "20190419",
        "outstanding": 833.0
    },
    {
        "calculationDate": "20220510",
        "outstanding": 23197.0
    },
    {
        "calculationDate": "20181220",
        "outstanding": 4003.0
    },
    {
        "calculationDate": "20210821",
        "outstanding": 17459.0
    },
    {
        "calculationDate": "20180108",
        "outstanding": 7635.0
    },
    {
        "calculationDate": "20181121",
        "outstanding": 4392.0
    },
    {
        "calculationDate": "20130508",
        "outstanding": 0.0
    },
    {
        "calculationDate": "20170507",
        "outstanding": 3823.0
    },
    {
        "calculationDate": "20220221",
        "outstanding": 2572.0
    },
    {
        "calculationDate": "20220823",
        "outstanding": 11457.0
    },
    {
        "calculationDate": "20200421",
        "outstanding": 0.0
    },
    {
        "calculationDate": "20220305",
        "outstanding": 19017.0
    },
    {
        "calculationDate": "20181010",
        "outstanding": 4644.0
    },
    {
        "calculationDate": "20220121",
        "outstanding": 20549.0
    },
    {
        "calculationDate": "20170422",
        "outstanding": 4287.0
    },
    {
        "calculationDate": "20210319",
        "outstanding": 0.0
    },
    {
        "calculationDate": "20180922",
        "outstanding": 4770.0
    },
    {
        "calculationDate": "20220325",
        "outstanding": 1024.0
    },
    {
        "calculationDate": "20161221",
        "outstanding": 35049.0
    },
    {
        "calculationDate": "20170916",
        "outstanding": 2601.0
    },
    {
        "calculationDate": "20200122",
        "outstanding": 0.0
    },
    {
        "calculationDate": "20180511",
        "outstanding": 6088.0
    },
    {
        "calculationDate": "20220508",
        "outstanding": 21977.0
    },
    {
        "calculationDate": "20220625",
        "outstanding": 27222.0
    },
    {
        "calculationDate": "20220207",
        "outstanding": 40977.0
    },
    {
        "calculationDate": "20221001",
        "outstanding": 10050.0
    },
    {
        "calculationDate": "20211105",
        "outstanding": 52907.0
    },
    {
        "calculationDate": "20160420",
        "outstanding": 50143.0
    },
    {
        "calculationDate": "20211203",
        "outstanding": 44024.0
    },
    {
        "calculationDate": "20220313",
        "outstanding": 3809.0
    },
    {
        "calculationDate": "20130910",
        "outstanding": 5.0
    },
    {
        "calculationDate": "20210928",
        "outstanding": 25267.0
    },
    {
        "calculationDate": "20220114",
        "outstanding": 17914.0
    },
    {
        "calculationDate": "20170408",
        "outstanding": 4247.0
    },
    {
        "calculationDate": "20220319",
        "outstanding": 0.0
    },
    {
        "calculationDate": "20130624",
        "outstanding": 0.0
    },
    {
        "calculationDate": "20220406",
        "outstanding": 2624.0
    },
    {
        "calculationDate": "20210813",
        "outstanding": 18459.0
    },
    {
        "calculationDate": "20220613",
        "outstanding": 10151.0
    },
    {
        "calculationDate": "20160827",
        "outstanding": 27034.0
    },
    {
        "calculationDate": "20210115",
        "outstanding": 0.0
    },
    {
        "calculationDate": "20220727",
        "outstanding": 10520.0
    },
    {
        "calculationDate": "20160922",
        "outstanding": 30442.0
    },
    {
        "calculationDate": "20220721",
        "outstanding": 752.0
    },
    {
        "calculationDate": "20191120",
        "outstanding": 186.0
    },
    {
        "calculationDate": "20160208",
        "outstanding": 15266.0
    },
    {
        "calculationDate": "20160322",
        "outstanding": 16114.0
    },
    {
        "calculationDate": "20170820",
        "outstanding": 2944.0
    },
    {
        "calculationDate": "20170120",
        "outstanding": 6524.0
    },
    {
        "calculationDate": "20190622",
        "outstanding": 0.0
    },
    {
        "calculationDate": "20220924",
        "outstanding": 8711.0
    },
    {
        "calculationDate": "20160222",
        "outstanding": 17872.0
    },
    {
        "calculationDate": "20220307",
        "outstanding": 19552.0
    },
    {
        "calculationDate": "20210920",
        "outstanding": 24267.0
    },
    {
        "calculationDate": "20220930",
        "outstanding": 5919.0
    },
    {
        "calculationDate": "20190821",
        "outstanding": 0.0
    },
    {
        "calculationDate": "20220621",
        "outstanding": 17393.0
    },
    {
        "calculationDate": "20210711",
        "outstanding": 3324.0
    },
    {
        "calculationDate": "20170522",
        "outstanding": 3847.0
    },
    {
        "calculationDate": "20190411",
        "outstanding": 829.0
    },
    {
        "calculationDate": "20220821",
        "outstanding": 6081.0
    },
    {
        "calculationDate": "20170808",
        "outstanding": 8415.0
    },
    {
        "calculationDate": "20151119",
        "outstanding": 19132.0
    },
    {
        "calculationDate": "20151020",
        "outstanding": 20853.0
    },
    {
        "calculationDate": "20210722",
        "outstanding": 15085.0
    },
    {
        "calculationDate": "20220910",
        "outstanding": 38231.0
    },
    {
        "calculationDate": "20220512",
        "outstanding": 24835.0
    },
    {
        "calculationDate": "20170922",
        "outstanding": 2601.0
    },
    {
        "calculationDate": "20220827",
        "outstanding": 17271.0
    },
    {
        "calculationDate": "20220809",
        "outstanding": 22128.0
    },
    {
        "calculationDate": "20211012",
        "outstanding": 51097.0
    },
    {
        "calculationDate": "20220118",
        "outstanding": 19202.0
    },
    {
        "calculationDate": "20201219",
        "outstanding": 0.0
    },
    {
        "calculationDate": "20160429",
        "outstanding": 14198.0
    },
    {
        "calculationDate": "20220722",
        "outstanding": 972.0
    },
    {
        "calculationDate": "20130903",
        "outstanding": 0.0
    },
    {
        "calculationDate": "20170210",
        "outstanding": 5543.0
    },
    {
        "calculationDate": "20220315",
        "outstanding": 4979.0
    },
    {
        "calculationDate": "20191114",
        "outstanding": 186.0
    },
    {
        "calculationDate": "20210419",
        "outstanding": 0.0
    },
    {
        "calculationDate": "20180823",
        "outstanding": 5170.0
    },
    {
        "calculationDate": "20221005",
        "outstanding": 0.0
    },
    {
        "calculationDate": "20151216",
        "outstanding": 17612.0
    },
    {
        "calculationDate": "20211225",
        "outstanding": 39340.0
    },
    {
        "calculationDate": "20210914",
        "outstanding": 24249.0
    },
    {
        "calculationDate": "20220327",
        "outstanding": 1324.0
    },
    {
        "calculationDate": "20220209",
        "outstanding": 44671.0
    },
    {
        "calculationDate": "20160409",
        "outstanding": 50021.0
    },
    {
        "calculationDate": "20190321",
        "outstanding": 820.0
    },
    {
        "calculationDate": "20220303",
        "outstanding": 17877.0
    },
    {
        "calculationDate": "20180520",
        "outstanding": 6120.0
    },
    {
        "calculationDate": "20180610",
        "outstanding": 5240.0
    },
    {
        "calculationDate": "20171103",
        "outstanding": 60.0
    },
    {
        "calculationDate": "20150630",
        "outstanding": 32723.0
    },
    {
        "calculationDate": "20191021",
        "outstanding": 10902.0
    },
    {
        "calculationDate": "20150704",
        "outstanding": 28928.0
    },
    {
        "calculationDate": "20220728",
        "outstanding": 12609.0
    },
    {
        "calculationDate": "20190524",
        "outstanding": 0.0
    },
    {
        "calculationDate": "20161209",
        "outstanding": 31245.0
    },
    {
        "calculationDate": "20220203",
        "outstanding": 33292.0
    },
    {
        "calculationDate": "20191211",
        "outstanding": 19541.0
    },
    {
        "calculationDate": "20191110",
        "outstanding": 10402.0
    },
    {
        "calculationDate": "20200223",
        "outstanding": 0.0
    },
    {
        "calculationDate": "20140520",
        "outstanding": 64293.0
    },
    {
        "calculationDate": "20170222",
        "outstanding": 5647.0
    },
    {
        "calculationDate": "20220130",
        "outstanding": 29939.0
    },
    {
        "calculationDate": "20140117",
        "outstanding": 69274.0
    },
    {
        "calculationDate": "20220110",
        "outstanding": 64514.0
    },
    {
        "calculationDate": "20220909",
        "outstanding": 37024.0
    },
    {
        "calculationDate": "20180820",
        "outstanding": 5264.0
    },
    {
        "calculationDate": "20220311",
        "outstanding": 26127.0
    },
    {
        "calculationDate": "20180120",
        "outstanding": 7767.0
    },
    {
        "calculationDate": "20191221",
        "outstanding": 20341.0
    },
    {
        "calculationDate": "20220901",
        "outstanding": 22134.0
    },
    {
        "calculationDate": "20160511",
        "outstanding": 12198.0
    },
    {
        "calculationDate": "20190119",
        "outstanding": 2773.0
    },
    {
        "calculationDate": "20220829",
        "outstanding": 18537.0
    },
    {
        "calculationDate": "20220211",
        "outstanding": 47895.0
    },
    {
        "calculationDate": "20220317",
        "outstanding": 7729.0
    },
    {
        "calculationDate": "20210421",
        "outstanding": 0.0
    },
    {
        "calculationDate": "20140716",
        "outstanding": 59343.0
    }
]