[
    {
        "calculationDate": "20211020",
        "outstanding": 0.0
    },
    {
        "calculationDate": "20221231",
        "outstanding": 0.0
    },
    {
        "calculationDate": "20220613",
        "outstanding": 0.0
    },
    {
        "calculationDate": "20211211",
        "outstanding": 0.0
    },
    {
        "calculationDate": "20221003",
        "outstanding": 0.0
    },
    {
        "calculationDate": "20210805",
        "outstanding": 31325.0
    },
    {
        "calculationDate": "20220312",
        "outstanding": 271.0
    },
    {
        "calculationDate": "20230115",
        "outstanding": 4669.0
    },
    {
        "calculationDate": "20230101",
        "outstanding": 0.0
    },
    {
        "calculationDate": "20230309",
        "outstanding": 7285.0
    },
    {
        "calculationDate": "20220825",
        "outstanding": 50075.0
    },
    {
        "calculationDate": "20220906",
        "outstanding": 0.0
    },
    {
        "calculationDate": "20230427",
        "outstanding": 6437.75
    },
    {
        "calculationDate": "20220603",
        "outstanding": 35379.0
    },
    {
        "calculationDate": "20230315",
        "outstanding": 7310.0
    },
    {
        "calculationDate": "20220215",
        "outstanding": 499.0
    },
    {
        "calculationDate": "20230612",
        "outstanding": 0.0
    },
    {
        "calculationDate": "20220813",
        "outstanding": 50075.0
    },
    {
        "calculationDate": "20230610",
        "outstanding": 18140.08
    },
    {
        "calculationDate": "20221111",
        "outstanding": 16166.0
    },
    {
        "calculationDate": "20220318",
        "outstanding": 0.0
    },
    {
        "calculationDate": "20230222",
        "outstanding": 2201.0
    },
    {
        "calculationDate": "20220423",
        "outstanding": 36479.0
    },
    {
        "calculationDate": "20230214",
        "outstanding": 0.0
    },
    {
        "calculationDate": "20221214",
        "outstanding": 31188.0
    },
    {
        "calculationDate": "20230408",
        "outstanding": 15587.0
    },
    {
        "calculationDate": "20220414",
        "outstanding": 36979.0
    },
    {
        "calculationDate": "20210820",
        "outstanding": 11325.0
    },
    {
        "calculationDate": "20230305",
        "outstanding": 2201.0
    },
    {
        "calculationDate": "20220714",
        "outstanding": 55103.0
    },
    {
        "calculationDate": "20230403",
        "outstanding": 15587.0
    },
    {
        "calculationDate": "20211119",
        "outstanding": 35994.0
    },
    {
        "calculationDate": "20230307",
        "outstanding": 7285.0
    },
    {
        "calculationDate": "20210520",
        "outstanding": 0.0
    },
    {
        "calculationDate": "20230202",
        "outstanding": 8266.0
    },
    {
        "calculationDate": "20221110",
        "outstanding": 59444.0
    },
    {
        "calculationDate": "20230127",
        "outstanding": 4835.0
    },
    {
        "calculationDate": "20221008",
        "outstanding": 0.0
    },
    {
        "calculationDate": "20230301",
        "outstanding": 2201.0
    },
    {
        "calculationDate": "20210906",
        "outstanding": 0.0
    },
    {
        "calculationDate": "20210715",
        "outstanding": 51325.0
    },
    {
        "calculationDate": "20230325",
        "outstanding": 7310.0
    },
    {
        "outstanding": 64137.0
    },
    {
        "calculationDate": "20220113",
        "outstanding": 0.0
    },
    {
        "calculationDate": "20221128",
        "outstanding": 43073.0
    },
    {
        "calculationDate": "20221229",
        "outstanding": 0.0
    },
    {
        "calculationDate": "20230221",
        "outstanding": 2201.0
    },
    {
        "calculationDate": "20220517",
        "outstanding": 36479.0
    },
    {
        "calculationDate": "20220830",
        "outstanding": 47075.0
    },
    {
        "calculationDate": "20221207",
        "outstanding": 47434.0
    },
    {
        "calculationDate": "20230123",
        "outstanding": 4169.0
    },
    {
        "calculationDate": "20210708",
        "outstanding": 60055.0
    },
    {
        "calculationDate": "20230131",
        "outstanding": 8266.0
    },
    {
        "calculationDate": "20220726",
        "outstanding": 51103.0
    },
    {
        "calculationDate": "20230302",
        "outstanding": 2201.0
    },
    {
        "calculationDate": "20230515",
        "outstanding": 0.0
    }
]