[
    {
        "calculationDate": "20220727",
        "outstanding": 37301.0
    },
    {
        "calculationDate": "20210909",
        "outstanding": 75840.0
    },
    {
        "calculationDate": "20230606",
        "outstanding": 32267.37
    },
    {
        "calculationDate": "20220303",
        "outstanding": 96267.0
    },
    {
        "calculationDate": "20230507",
        "outstanding": 8964.73
    },
    {
        "calculationDate": "20220506",
        "outstanding": 99927.0
    },
    {
        "calculationDate": "20230514",
        "outstanding": 19946.64
    },
    {
        "calculationDate": "20220701",
        "outstanding": 21407.0
    },
    {
        "calculationDate": "20210826",
        "outstanding": 25462.0
    },
    {
        "calculationDate": "20220606",
        "outstanding": 99927.0
    },
    {
        "calculationDate": "20220718",
        "outstanding": 37301.0
    },
    {
        "calculationDate": "20211217",
        "outstanding": 40103.0
    },
    {
        "calculationDate": "20211123",
        "outstanding": 0.0
    },
    {
        "outstanding": 27775.0
    },
    {
        "calculationDate": "20220629",
        "outstanding": 10667.0
    },
    {
        "calculationDate": "20220615",
        "outstanding": 99927.0
    },
    {
        "calculationDate": "20211116",
        "outstanding": 99861.0
    },
    {
        "calculationDate": "20230608",
        "outstanding": 35074.37
    },
    {
        "calculationDate": "20230523",
        "outstanding": 28874.37
    },
    {
        "calculationDate": "20211129",
        "outstanding": 15746.0
    },
    {
        "calculationDate": "20220214",
        "outstanding": 99167.0
    },
    {
        "calculationDate": "20221004",
        "outstanding": 0.0
    },
    {
        "calculationDate": "20210923",
        "outstanding": 96166.0
    },
    {
        "calculationDate": "20230515",
        "outstanding": 20989.61
    },
    {
        "calculationDate": "20230430",
        "outstanding": 4051.0
    },
    {
        "calculationDate": "20220316",
        "outstanding": 99640.0
    },
    {
        "calculationDate": "20230423",
        "outstanding": 0.0
    },
    {
        "calculationDate": "20230518",
        "outstanding": 25339.61
    },
    {
        "calculationDate": "20230502",
        "outstanding": 5574.76
    },
    {
        "calculationDate": "20210906",
        "outstanding": 42555.0
    },
    {
        "calculationDate": "20220309",
        "outstanding": 0.0
    },
    {
        "calculationDate": "20230427",
        "outstanding": 1117.0
    },
    {
        "calculationDate": "20211104",
        "outstanding": 95307.0
    },
    {
        "calculationDate": "20220812",
        "outstanding": 99932.0
    },
    {
        "calculationDate": "20220408",
        "outstanding": 99927.0
    },
    {
        "calculationDate": "20211014",
        "outstanding": 97257.0
    },
    {
        "calculationDate": "20220204",
        "outstanding": 94507.0
    },
    {
        "calculationDate": "20211207",
        "outstanding": 36926.0
    },
    {
        "calculationDate": "20210920",
        "outstanding": 90726.0
    },
    {
        "calculationDate": "20220118",
        "outstanding": 97407.0
    },
    {
        "calculationDate": "20211211",
        "outstanding": 40103.0
    },
    {
        "calculationDate": "20220919",
        "outstanding": 0.0
    },
    {
        "calculationDate": "20221027",
        "outstanding": 0.0
    },
    {
        "calculationDate": "20230521",
        "outstanding": 26408.61
    },
    {
        "calculationDate": "20220620",
        "outstanding": 0.0
    },
    {
        "calculationDate": "20230511",
        "outstanding": 18245.37
    },
    {
        "calculationDate": "20220815",
        "outstanding": 100000.0
    },
    {
        "calculationDate": "20210902",
        "outstanding": 37167.0
    },
    {
        "calculationDate": "20220112",
        "outstanding": 97407.0
    },
    {
        "calculationDate": "20220715",
        "outstanding": 32930.0
    },
    {
        "calculationDate": "20230509",
        "outstanding": 15687.61
    },
    {
        "calculationDate": "20230525",
        "outstanding": 29513.37
    },
    {
        "calculationDate": "20220202",
        "outstanding": 94507.0
    },
    {
        "calculationDate": "20211007",
        "outstanding": 97257.0
    },
    {
        "calculationDate": "20230504",
        "outstanding": 7275.73
    },
    {
        "calculationDate": "20210913",
        "outstanding": 80730.0
    },
    {
        "calculationDate": "20220914",
        "outstanding": 100000.0
    },
    {
        "calculationDate": "20210816",
        "outstanding": 0.0
    },
    {
        "calculationDate": "20220905",
        "outstanding": 100000.0
    },
    {
        "calculationDate": "20210916",
        "outstanding": 86857.0
    },
    {
        "calculationDate": "20211025",
        "outstanding": 99757.0
    },
    {
        "calculationDate": "20220209",
        "outstanding": 99167.0
    },
    {
        "calculationDate": "20230516",
        "outstanding": 20989.61
    },
    {
        "calculationDate": "20211227",
        "outstanding": 97407.0
    },
    {
        "calculationDate": "20220711",
        "outstanding": 27940.0
    },
    {
        "calculationDate": "20220330",
        "outstanding": 98240.0
    },
    {
        "calculationDate": "20220407",
        "outstanding": 99927.0
    },
    {
        "calculationDate": "20211108",
        "outstanding": 99861.0
    },
    {
        "calculationDate": "20210823",
        "outstanding": 13435.0
    },
    {
        "calculationDate": "20230522",
        "outstanding": 27449.05
    },
    {
        "calculationDate": "20220516",
        "outstanding": 99927.0
    },
    {
        "calculationDate": "20220411",
        "outstanding": 99927.0
    },
    {
        "calculationDate": "20220713",
        "outstanding": 30028.0
    },
    {
        "calculationDate": "20221017",
        "outstanding": 0.0
    },
    {
        "calculationDate": "20230604",
        "outstanding": 30935.37
    },
    {
        "calculationDate": "20220805",
        "outstanding": 37301.0
    },
    {
        "calculationDate": "20230613",
        "outstanding": 35363.37
    },
    {
        "calculationDate": "20210819",
        "outstanding": 9900.0
    },
    {
        "calculationDate": "20210927",
        "outstanding": 99954.0
    },
    {
        "calculationDate": "20211203",
        "outstanding": 36926.0
    },
    {
        "calculationDate": "20220415",
        "outstanding": 99927.0
    },
    {
        "calculationDate": "20230402",
        "outstanding": 0.0
    }
]