[
    {
        "calculationDate": "20220801",
        "outstanding": 3459.0
    },
    {
        "calculationDate": "20230114",
        "outstanding": 119.98
    },
    {
        "calculationDate": "20221203",
        "outstanding": 1605.35
    },
    {
        "calculationDate": "20211214",
        "outstanding": 15405.0
    },
    {
        "calculationDate": "20220205",
        "outstanding": 4173.0
    },
    {
        "calculationDate": "20230123",
        "outstanding": 0.0
    },
    {
        "calculationDate": "20220211",
        "outstanding": 4073.0
    },
    {
        "calculationDate": "20220306",
        "outstanding": 1889.0
    },
    {
        "calculationDate": "20220212",
        "outstanding": 4160.0
    },
    {
        "calculationDate": "20220621",
        "outstanding": 17552.0
    },
    {
        "calculationDate": "20221012",
        "outstanding": 4082.0
    },
    {
        "calculationDate": "20221015",
        "outstanding": 4284.0
    },
    {
        "calculationDate": "20220614",
        "outstanding": 17321.0
    },
    {
        "calculationDate": "20220527",
        "outstanding": 15035.0
    },
    {
        "calculationDate": "20220802",
        "outstanding": 4398.0
    },
    {
        "calculationDate": "20211218",
        "outstanding": 12430.0
    },
    {
        "calculationDate": "20220607",
        "outstanding": 18172.0
    },
    {
        "calculationDate": "20230211",
        "outstanding": 0.0
    },
    {
        "calculationDate": "20220510",
        "outstanding": 11808.0
    },
    {
        "calculationDate": "20211220",
        "outstanding": 12479.0
    },
    {
        "calculationDate": "20221008",
        "outstanding": 0.0
    },
    {
        "calculationDate": "20220123",
        "outstanding": 5873.0
    },
    {
        "calculationDate": "20220808",
        "outstanding": 0.0
    },
    {
        "calculationDate": "20211219",
        "outstanding": 12254.0
    },
    {
        "calculationDate": "20220508",
        "outstanding": 0.0
    },
    {
        "calculationDate": "20211223",
        "outstanding": 10615.0
    },
    {
        "calculationDate": "20221005",
        "outstanding": 14089.0
    },
    {
        "calculationDate": "20211225",
        "outstanding": 15751.0
    },
    {
        "calculationDate": "20220520",
        "outstanding": 14140.0
    },
    {
        "calculationDate": "20220421",
        "outstanding": 20026.0
    },
    {
        "calculationDate": "20211228",
        "outstanding": 20403.0
    },
    {
        "calculationDate": "20220716",
        "outstanding": 7293.0
    },
    {
        "calculationDate": "20220321",
        "outstanding": 0.0
    },
    {
        "calculationDate": "20220221",
        "outstanding": 4349.0
    },
    {
        "calculationDate": "20220119",
        "outstanding": 5875.0
    },
    {
        "calculationDate": "20211221",
        "outstanding": 15515.0
    },
    {
        "calculationDate": "20220302",
        "outstanding": 2000.0
    },
    {
        "calculationDate": "20220226",
        "outstanding": 4000.0
    },
    {
        "calculationDate": "20211217",
        "outstanding": 12205.0
    },
    {
        "calculationDate": "20211226",
        "outstanding": 18273.0
    },
    {
        "calculationDate": "20220704",
        "outstanding": 0.0
    },
    {
        "calculationDate": "20230209",
        "outstanding": 4454.9
    },
    {
        "calculationDate": "20221123",
        "outstanding": 794.89
    },
    {
        "calculationDate": "20220613",
        "outstanding": 0.0
    },
    {
        "calculationDate": "20220615",
        "outstanding": 0.0
    },
    {
        "calculationDate": "20220727",
        "outstanding": 1504.0
    },
    {
        "calculationDate": "20220831",
        "outstanding": 0.0
    },
    {
        "calculationDate": "20220511",
        "outstanding": 12213.0
    },
    {
        "calculationDate": "20220902",
        "outstanding": 0.0
    },
    {
        "calculationDate": "20220718",
        "outstanding": 0.0
    },
    {
        "calculationDate": "20220904",
        "outstanding": 289.0
    },
    {
        "calculationDate": "20220528",
        "outstanding": 19172.0
    },
    {
        "calculationDate": "20220910",
        "outstanding": 0.0
    },
    {
        "calculationDate": "20220506",
        "outstanding": 19426.0
    }
]