[
    {
        "calculationDate": "20211116",
        "outstanding": 38000.0
    },
    {
        "calculationDate": "20220405",
        "outstanding": 0.0
    },
    {
        "calculationDate": "20211004",
        "outstanding": 16894.0
    },
    {
        "calculationDate": "20211018",
        "outstanding": 36093.0
    },
    {
        "calculationDate": "20211101",
        "outstanding": 45232.0
    },
    {
        "calculationDate": "20220309",
        "outstanding": 0.0
    },
    {
        "calculationDate": "20210617",
        "outstanding": 0.0
    },
    {
        "calculationDate": "20211108",
        "outstanding": 47735.0
    },
    {
        "calculationDate": "20211118",
        "outstanding": 44011.0
    },
    {
        "calculationDate": "20210705",
        "outstanding": 4129.0
    },
    {
        "calculationDate": "20210719",
        "outstanding": 9243.0
    },
    {
        "calculationDate": "20220408",
        "outstanding": 0.0
    },
    {
        "calculationDate": "20210923",
        "outstanding": 14820.0
    },
    {
        "calculationDate": "20220225",
        "outstanding": 49636.0
    },
    {
        "calculationDate": "20211007",
        "outstanding": 18001.0
    },
    {
        "calculationDate": "20210412",
        "outstanding": 0.0
    },
    {
        "calculationDate": "20220125",
        "outstanding": 48164.0
    },
    {
        "calculationDate": "20211211",
        "outstanding": 49997.0
    },
    {
        "calculationDate": "20211011",
        "outstanding": 0.0
    },
    {
        "calculationDate": "20211025",
        "outstanding": 39877.0
    },
    {
        "calculationDate": "20220121",
        "outstanding": 47896.0
    },
    {
        "calculationDate": "20211021",
        "outstanding": 39093.0
    },
    {
        "calculationDate": "20210429",
        "outstanding": 0.0
    },
    {
        "calculationDate": "20210729",
        "outstanding": 0.0
    },
    {
        "calculationDate": "20210913",
        "outstanding": 0.0
    },
    {
        "calculationDate": "20220202",
        "outstanding": 48164.0
    },
    {
        "calculationDate": "20210628",
        "outstanding": 0.0
    },
    {
        "calculationDate": "20210920",
        "outstanding": 6820.0
    },
    {
        "calculationDate": "20211207",
        "outstanding": 49997.0
    },
    {
        "calculationDate": "20210531",
        "outstanding": 0.0
    },
    {
        "calculationDate": "20210708",
        "outstanding": 9721.0
    },
    {
        "calculationDate": "20210415",
        "outstanding": 14091.0
    },
    {
        "calculationDate": "20211123",
        "outstanding": 47007.0
    },
    {
        "calculationDate": "20210607",
        "outstanding": 1317.0
    },
    {
        "calculationDate": "20210603",
        "outstanding": 0.0
    },
    {
        "calculationDate": "20220211",
        "outstanding": 0.0
    },
    {
        "calculationDate": "20211104",
        "outstanding": 44884.0
    },
    {
        "calculationDate": "20210527",
        "outstanding": 2555.0
    },
    {
        "calculationDate": "20210930",
        "outstanding": 15016.0
    },
    {
        "calculationDate": "20210715",
        "outstanding": 14170.0
    },
    {
        "calculationDate": "20220214",
        "outstanding": 49000.0
    },
    {
        "calculationDate": "20210712",
        "outstanding": 0.0
    },
    {
        "calculationDate": "20210902",
        "outstanding": 14715.0
    },
    {
        "calculationDate": "20220401",
        "outstanding": 0.0
    },
    {
        "calculationDate": "20220119",
        "outstanding": 47723.0
    },
    {
        "calculationDate": "20220216",
        "outstanding": 49332.0
    },
    {
        "calculationDate": "20211028",
        "outstanding": 41343.0
    },
    {
        "calculationDate": "20220110",
        "outstanding": 47497.0
    },
    {
        "calculationDate": "20210419",
        "outstanding": 14991.0
    },
    {
        "calculationDate": "20211215",
        "outstanding": 48997.0
    },
    {
        "calculationDate": "20211111",
        "outstanding": 48690.0
    },
    {
        "calculationDate": "20210701",
        "outstanding": 0.0
    },
    {
        "calculationDate": "20211014",
        "outstanding": 30000.0
    },
    {
        "calculationDate": "20220306",
        "outstanding": 49636.0
    },
    {
        "calculationDate": "20211129",
        "outstanding": 48908.0
    }
]