[
    {
        "calculationDate": "20230221",
        "outstanding": 49768.32
    },
    {
        "calculationDate": "20200702",
        "outstanding": 0.0
    },
    {
        "calculationDate": "20211227",
        "outstanding": 0.0
    },
    {
        "calculationDate": "20230404",
        "outstanding": 49768.32
    },
    {
        "calculationDate": "20220110",
        "outstanding": 9016.0
    },
    {
        "calculationDate": "20210222",
        "outstanding": 49818.0
    },
    {
        "calculationDate": "20220407",
        "outstanding": 49775.0
    },
    {
        "calculationDate": "20220624",
        "outstanding": 0.0
    },
    {
        "calculationDate": "20210902",
        "outstanding": 44419.0
    },
    {
        "calculationDate": "20210906",
        "outstanding": 45258.0
    },
    {
        "calculationDate": "20201019",
        "outstanding": 0.0
    },
    {
        "calculationDate": "20220126",
        "outstanding": 48846.0
    },
    {
        "calculationDate": "20220504",
        "outstanding": 49660.0
    },
    {
        "calculationDate": "20230507",
        "outstanding": 27683.32
    },
    {
        "calculationDate": "20220408",
        "outstanding": 49775.0
    },
    {
        "calculationDate": "20210419",
        "outstanding": 16556.0
    },
    {
        "calculationDate": "20220902",
        "outstanding": 49685.0
    },
    {
        "calculationDate": "20220413",
        "outstanding": 48375.0
    },
    {
        "calculationDate": "20230328",
        "outstanding": 49768.32
    },
    {
        "calculationDate": "20201224",
        "outstanding": 29556.0
    },
    {
        "calculationDate": "20200820",
        "outstanding": 14998.0
    },
    {
        "calculationDate": "20230604",
        "outstanding": 7683.32
    },
    {
        "calculationDate": "20221007",
        "outstanding": 49985.0
    },
    {
        "calculationDate": "20210204",
        "outstanding": 46617.0
    },
    {
        "calculationDate": "20220718",
        "outstanding": 14393.0
    },
    {
        "calculationDate": "20211021",
        "outstanding": 49989.0
    },
    {
        "calculationDate": "20211018",
        "outstanding": 49989.0
    },
    {
        "calculationDate": "20200416",
        "outstanding": 0.0
    },
    {
        "calculationDate": "20200921",
        "outstanding": 4398.0
    },
    {
        "calculationDate": "20220318",
        "outstanding": 47168.0
    },
    {
        "calculationDate": "20220516",
        "outstanding": 49825.0
    },
    {
        "calculationDate": "20230528",
        "outstanding": 27683.32
    },
    {
        "calculationDate": "20220820"
    },
    {
        "calculationDate": "20210719",
        "outstanding": 47419.0
    },
    {
        "calculationDate": "20220225",
        "outstanding": 49809.0
    },
    {
        "calculationDate": "20201214",
        "outstanding": 32733.0
    },
    {
        "calculationDate": "20221021",
        "outstanding": 30127.0
    },
    {
        "calculationDate": "20200706",
        "outstanding": 6736.0
    },
    {
        "calculationDate": "20220125",
        "outstanding": 46154.0
    },
    {
        "calculationDate": "20210920",
        "outstanding": 14598.0
    },
    {
        "calculationDate": "20200924",
        "outstanding": 14998.0
    },
    {
        "calculationDate": "20221017",
        "outstanding": 3937.0
    },
    {
        "calculationDate": "20220218",
        "outstanding": 49898.0
    },
    {
        "calculationDate": "20220112",
        "outstanding": 9492.0
    },
    {
        "calculationDate": "20221027",
        "outstanding": 35554.0
    },
    {
        "calculationDate": "20211129",
        "outstanding": 48789.0
    },
    {
        "calculationDate": "20210617",
        "outstanding": 49419.0
    },
    {
        "calculationDate": "20220629",
        "outstanding": 0.0
    },
    {
        "calculationDate": "20210104",
        "outstanding": 43042.0
    },
    {
        "calculationDate": "20220928",
        "outstanding": 49776.0
    },
    {
        "calculationDate": "20220419",
        "outstanding": 48271.0
    },
    {
        "calculationDate": "20210621",
        "outstanding": 49419.0
    },
    {
        "calculationDate": "20211014",
        "outstanding": 49998.0
    },
    {
        "calculationDate": "20211004",
        "outstanding": 21798.0
    },
    {
        "calculationDate": "20220620",
        "outstanding": 47824.0
    },
    {
        "calculationDate": "20220916",
        "outstanding": 49776.0
    },
    {
        "outstanding": 0.0
    },
    {
        "calculationDate": "20221019",
        "outstanding": 26742.0
    },
    {
        "calculationDate": "20211215",
        "outstanding": 47273.0
    },
    {
        "calculationDate": "20210107",
        "outstanding": 49842.0
    },
    {
        "calculationDate": "20220919",
        "outstanding": 49776.0
    },
    {
        "calculationDate": "20210503",
        "outstanding": 0.0
    },
    {
        "calculationDate": "20210118",
        "outstanding": 49656.0
    },
    {
        "calculationDate": "20210301",
        "outstanding": 49818.0
    },
    {
        "calculationDate": "20211028",
        "outstanding": 49989.0
    },
    {
        "calculationDate": "20221101",
        "outstanding": 40668.48
    },
    {
        "calculationDate": "20201026",
        "outstanding": 14998.0
    },
    {
        "calculationDate": "20200611",
        "outstanding": 1490.0
    },
    {
        "calculationDate": "20230430",
        "outstanding": 0.0
    },
    {
        "calculationDate": "20220615",
        "outstanding": 47825.0
    },
    {
        "calculationDate": "20211118",
        "outstanding": 48689.0
    },
    {
        "calculationDate": "20201221",
        "outstanding": 26077.0
    },
    {
        "calculationDate": "20221127",
        "outstanding": 49453.68
    },
    {
        "calculationDate": "20201218",
        "outstanding": 32577.0
    },
    {
        "calculationDate": "20220103",
        "outstanding": 3662.0
    },
    {
        "calculationDate": "20201231",
        "outstanding": 34042.0
    },
    {
        "calculationDate": "20220228",
        "outstanding": 49809.0
    },
    {
        "calculationDate": "20230228",
        "outstanding": 49768.32
    },
    {
        "calculationDate": "20230413",
        "outstanding": 0.0
    },
    {
        "calculationDate": "20200831",
        "outstanding": 14998.0
    },
    {
        "calculationDate": "20210218",
        "outstanding": 48818.0
    },
    {
        "calculationDate": "20200716",
        "outstanding": 14009.0
    },
    {
        "calculationDate": "20220429",
        "outstanding": 49210.0
    },
    {
        "calculationDate": "20201022",
        "outstanding": 14998.0
    },
    {
        "calculationDate": "20220711",
        "outstanding": 13207.0
    },
    {
        "calculationDate": "20210415",
        "outstanding": 47746.0
    },
    {
        "calculationDate": "20210201",
        "outstanding": 49117.0
    },
    {
        "calculationDate": "20221028",
        "outstanding": 40669.0
    },
    {
        "calculationDate": "20211203",
        "outstanding": 49273.0
    },
    {
        "calculationDate": "20210318",
        "outstanding": 49746.0
    },
    {
        "calculationDate": "20220617",
        "outstanding": 47824.0
    },
    {
        "calculationDate": "20220520",
        "outstanding": 49825.0
    },
    {
        "calculationDate": "20200817",
        "outstanding": 0.0
    },
    {
        "calculationDate": "20210322",
        "outstanding": 49746.0
    },
    {
        "calculationDate": "20210729",
        "outstanding": 47419.0
    },
    {
        "calculationDate": "20200713",
        "outstanding": 10289.0
    },
    {
        "calculationDate": "20200625",
        "outstanding": 4090.0
    },
    {
        "calculationDate": "20200730",
        "outstanding": 14908.0
    },
    {
        "calculationDate": "20210916",
        "outstanding": 9002.0
    },
    {
        "calculationDate": "20220701",
        "outstanding": 0.0
    },
    {
        "calculationDate": "20230119",
        "outstanding": 577.28
    },
    {
        "calculationDate": "20210819",
        "outstanding": 46419.0
    },
    {
        "calculationDate": "20220314",
        "outstanding": 0.0
    },
    {
        "calculationDate": "20220422",
        "outstanding": 49210.0
    },
    {
        "calculationDate": "20210722",
        "outstanding": 47419.0
    },
    {
        "calculationDate": "20220905",
        "outstanding": 49785.0
    },
    {
        "calculationDate": "20200910",
        "outstanding": 0.0
    },
    {
        "calculationDate": "20201130",
        "outstanding": 27733.0
    },
    {
        "calculationDate": "20230423",
        "outstanding": 0.0
    },
    {
        "calculationDate": "20220706",
        "outstanding": 12757.0
    },
    {
        "calculationDate": "20210426",
        "outstanding": 20590.0
    },
    {
        "calculationDate": "20211116",
        "outstanding": 48689.0
    },
    {
        "calculationDate": "20200629",
        "outstanding": 0.0
    },
    {
        "calculationDate": "20210909",
        "outstanding": 0.0
    },
    {
        "calculationDate": "20210930",
        "outstanding": 14598.0
    },
    {
        "calculationDate": "20220704",
        "outstanding": 0.0
    },
    {
        "calculationDate": "20220817",
        "outstanding": 48946.0
    },
    {
        "calculationDate": "20220328",
        "outstanding": 49263.0
    },
    {
        "calculationDate": "20220729",
        "outstanding": 14393.0
    },
    {
        "calculationDate": "20200928",
        "outstanding": 14998.0
    },
    {
        "calculationDate": "20200720",
        "outstanding": 14908.0
    },
    {
        "calculationDate": "20220306",
        "outstanding": 49849.0
    },
    {
        "calculationDate": "20230608",
        "outstanding": 8273.32
    },
    {
        "calculationDate": "20201120",
        "outstanding": 27733.0
    },
    {
        "calculationDate": "20210125",
        "outstanding": 44656.0
    },
    {
        "calculationDate": "20220513",
        "outstanding": 49836.0
    },
    {
        "calculationDate": "20200622",
        "outstanding": 3617.0
    },
    {
        "calculationDate": "20220503",
        "outstanding": 49210.0
    },
    {
        "calculationDate": "20221220",
        "outstanding": 49453.68
    },
    {
        "calculationDate": "20220421",
        "outstanding": 48461.0
    },
    {
        "calculationDate": "20210816",
        "outstanding": 46419.0
    },
    {
        "calculationDate": "20220118",
        "outstanding": 16123.0
    },
    {
        "calculationDate": "20220530",
        "outstanding": 49825.0
    },
    {
        "calculationDate": "20210128",
        "outstanding": 47141.0
    },
    {
        "calculationDate": "20221014",
        "outstanding": 0.0
    },
    {
        "calculationDate": "20210208",
        "outstanding": 1018.0
    },
    {
        "calculationDate": "20210628",
        "outstanding": 49419.0
    },
    {
        "calculationDate": "20210701",
        "outstanding": 49419.0
    },
    {
        "calculationDate": "20210329",
        "outstanding": 49746.0
    },
    {
        "calculationDate": "20201228",
        "outstanding": 31803.0
    },
    {
        "calculationDate": "20200709",
        "outstanding": 8621.0
    },
    {
        "calculationDate": "20221227",
        "outstanding": 49453.68
    },
    {
        "calculationDate": "20210830",
        "outstanding": 46419.0
    },
    {
        "calculationDate": "20220119",
        "outstanding": 4549.0
    },
    {
        "calculationDate": "20200608",
        "outstanding": 0.0
    },
    {
        "calculationDate": "20200917",
        "outstanding": 9998.0
    },
    {
        "calculationDate": "20230216",
        "outstanding": 49752.85
    },
    {
        "calculationDate": "20210429",
        "outstanding": 0.0
    },
    {
        "calculationDate": "20210520",
        "outstanding": 0.0
    },
    {
        "calculationDate": "20201204",
        "outstanding": 32733.0
    },
    {
        "calculationDate": "20211011",
        "outstanding": 21298.0
    },
    {
        "calculationDate": "20221102",
        "outstanding": 45499.0
    },
    {
        "calculationDate": "20220713",
        "outstanding": 14402.0
    },
    {
        "calculationDate": "20230219",
        "outstanding": 49768.32
    },
    {
        "calculationDate": "20220128",
        "outstanding": 49898.0
    },
    {
        "calculationDate": "20220829",
        "outstanding": 48946.0
    },
    {
        "calculationDate": "20211220",
        "outstanding": 0.0
    },
    {
        "calculationDate": "20210121",
        "outstanding": 49656.0
    },
    {
        "calculationDate": "20221115",
        "outstanding": 40668.48
    },
    {
        "calculationDate": "20221024",
        "outstanding": 31818.0
    },
    {
        "calculationDate": "20220121",
        "outstanding": 44954.0
    },
    {
        "calculationDate": "20200601",
        "outstanding": 0.0
    },
    {
        "calculationDate": "20201029",
        "outstanding": 14998.0
    },
    {
        "calculationDate": "20220106",
        "outstanding": 8901.0
    },
    {
        "calculationDate": "20221005",
        "outstanding": 49939.0
    },
    {
        "calculationDate": "20210215",
        "outstanding": 48818.0
    }
]