[
    {
        "calculationDate": "20221129",
        "outstanding": 4235.19
    },
    {
        "calculationDate": "20230326",
        "outstanding": 38500.0
    },
    {
        "calculationDate": "20230526",
        "outstanding": 30000.0
    },
    {
        "calculationDate": "20230105",
        "outstanding": 5890.0
    },
    {
        "calculationDate": "20230111",
        "outstanding": 43820.0
    },
    {
        "calculationDate": "20230217",
        "outstanding": 2763.0
    },
    {
        "calculationDate": "20230518",
        "outstanding": 0.0
    },
    {
        "calculationDate": "20230210",
        "outstanding": 41574.43
    },
    {
        "calculationDate": "20230116",
        "outstanding": 41311.0
    },
    {
        "calculationDate": "20230122",
        "outstanding": 40911.0
    },
    {
        "calculationDate": "20230304",
        "outstanding": 4000.0
    },
    {
        "calculationDate": "20230216",
        "outstanding": 0.0
    },
    {
        "calculationDate": "20230613",
        "outstanding": 32000.0
    },
    {
        "calculationDate": "20230609",
        "outstanding": 30500.0
    },
    {
        "calculationDate": "20230228",
        "outstanding": 0.0
    },
    {
        "calculationDate": "20221029",
        "outstanding": 9315.0
    },
    {
        "calculationDate": "20230519",
        "outstanding": 30000.0
    },
    {
        "calculationDate": "20221030",
        "outstanding": 258.47
    },
    {
        "calculationDate": "20230427",
        "outstanding": 30005.0
    },
    {
        "calculationDate": "20221228",
        "outstanding": 4808.0
    },
    {
        "calculationDate": "20230314",
        "outstanding": 2946.34
    },
    {
        "calculationDate": "20221227",
        "outstanding": 2668.0
    },
    {
        "calculationDate": "20230208",
        "outstanding": 41574.43
    },
    {
        "calculationDate": "20230321",
        "outstanding": 38500.0
    },
    {
        "calculationDate": "20230310",
        "outstanding": 2000.0
    },
    {
        "calculationDate": "20230129",
        "outstanding": 41830.43
    },
    {
        "calculationDate": "20230109",
        "outstanding": 3820.0
    },
    {
        "calculationDate": "20230421",
        "outstanding": 35030.0
    },
    {
        "calculationDate": "20221118",
        "outstanding": 3670.0
    },
    {
        "calculationDate": "20230316",
        "outstanding": 0.0
    },
    {
        "calculationDate": "20221112",
        "outstanding": 1670.0
    },
    {
        "calculationDate": "20221225",
        "outstanding": 5679.0
    },
    {
        "calculationDate": "20230415",
        "outstanding": 30000.0
    }
]