[
    {
        "calculationDate": "20220419",
        "outstanding": 0.0
    },
    {
        "calculationDate": "20230529",
        "outstanding": 37556.2
    },
    {
        "calculationDate": "20220922",
        "outstanding": 0.0
    },
    {
        "calculationDate": "20230527",
        "outstanding": 32451.2
    },
    {
        "calculationDate": "20220723",
        "outstanding": 0.0
    },
    {
        "calculationDate": "20230406",
        "outstanding": 25904.34
    },
    {
        "calculationDate": "20230425",
        "outstanding": 740.43
    },
    {
        "calculationDate": "20230521",
        "outstanding": 11483.35
    },
    {
        "calculationDate": "20230227",
        "outstanding": 4699.29
    },
    {
        "calculationDate": "20230430",
        "outstanding": 3477.03
    },
    {
        "calculationDate": "20230321",
        "outstanding": 1099.21
    },
    {
        "calculationDate": "20220101",
        "outstanding": 0.0
    },
    {
        "calculationDate": "20210924",
        "outstanding": 0.0
    },
    {
        "calculationDate": "20230427",
        "outstanding": 2540.43
    },
    {
        "calculationDate": "20230214",
        "outstanding": 1523.67
    },
    {
        "calculationDate": "20211126",
        "outstanding": 0.0
    },
    {
        "calculationDate": "20230212",
        "outstanding": 5872.9
    },
    {
        "calculationDate": "20230610",
        "outstanding": 3284.32
    },
    {
        "calculationDate": "20210521",
        "outstanding": 0.0
    },
    {
        "calculationDate": "20220219",
        "outstanding": 0.0
    },
    {
        "calculationDate": "20230315",
        "outstanding": 21312.99
    },
    {
        "calculationDate": "20230509",
        "outstanding": 21010.14
    },
    {
        "calculationDate": "20230302",
        "outstanding": 5985.29
    },
    {
        "calculationDate": "20230506",
        "outstanding": 20092.86
    },
    {
        "calculationDate": "20230518",
        "outstanding": 0.0
    },
    {
        "calculationDate": "20220524",
        "outstanding": 0.0
    },
    {
        "calculationDate": "20230219",
        "outstanding": 0.0
    },
    {
        "calculationDate": "20220920",
        "outstanding": 0.0
    },
    {
        "calculationDate": "20230412",
        "outstanding": 9762.7
    },
    {
        "calculationDate": "20210820",
        "outstanding": 0.0
    },
    {
        "calculationDate": "20220823",
        "outstanding": 0.0
    },
    {
        "calculationDate": "20221021",
        "outstanding": 0.0
    },
    {
        "calculationDate": "20230420",
        "outstanding": 0.0
    },
    {
        "calculationDate": "20220820",
        "outstanding": 0.0
    },
    {
        "calculationDate": "20210423",
        "outstanding": 67.0
    },
    {
        "calculationDate": "20230328",
        "outstanding": 16613.93
    },
    {
        "calculationDate": "20230531",
        "outstanding": 39979.2
    },
    {
        "calculationDate": "20230606",
        "outstanding": 43514.01
    },
    {
        "calculationDate": "20211119",
        "outstanding": 0.0
    },
    {
        "calculationDate": "20230502",
        "outstanding": 7501.28
    },
    {
        "calculationDate": "20210525",
        "outstanding": 0.0
    },
    {
        "calculationDate": "20220322",
        "outstanding": 0.0
    },
    {
        "calculationDate": "20210622",
        "outstanding": 0.0
    },
    {
        "calculationDate": "20230418",
        "outstanding": 0.0
    },
    {
        "calculationDate": "20210723",
        "outstanding": 0.0
    },
    {
        "calculationDate": "20230513",
        "outstanding": 4260.14
    },
    {
        "calculationDate": "20230323",
        "outstanding": 4484.08
    },
    {
        "calculationDate": "20211022",
        "outstanding": 0.0
    },
    {
        "calculationDate": "20220621",
        "outstanding": 0.0
    },
    {
        "calculationDate": "20210511",
        "outstanding": 0.0
    },
    {
        "calculationDate": "20230330",
        "outstanding": 17613.93
    },
    {
        "calculationDate": "20230504",
        "outstanding": 17049.07
    },
    {
        "calculationDate": "20230206",
        "outstanding": 5584.94
    },
    {
        "calculationDate": "20230312",
        "outstanding": 20319.93
    },
    {
        "calculationDate": "20230608",
        "outstanding": 43710.87
    },
    {
        "calculationDate": "20230613",
        "outstanding": 4399.32
    },
    {
        "calculationDate": "20210824",
        "outstanding": 0.0
    },
    {
        "calculationDate": "20211124",
        "outstanding": 0.0
    },
    {
        "calculationDate": "20230402",
        "outstanding": 18928.86
    },
    {
        "calculationDate": "20221020",
        "outstanding": 0.0
    },
    {
        "calculationDate": "20210514",
        "outstanding": 0.0
    },
    {
        "calculationDate": "20220122",
        "outstanding": 0.0
    },
    {
        "calculationDate": "20210629",
        "outstanding": 0.0
    },
    {
        "calculationDate": "20210921",
        "outstanding": 0.0
    },
    {
        "calculationDate": "20230220",
        "outstanding": 0.0
    },
    {
        "calculationDate": "20230524",
        "outstanding": 11884.0
    },
    {
        "calculationDate": "20230516",
        "outstanding": 785.8
    },
    {
        "calculationDate": "20230223",
        "outstanding": 659.4
    },
    {
        "calculationDate": "20220623",
        "outstanding": 0.0
    },
    {
        "calculationDate": "20230216",
        "outstanding": 1944.9
    },
    {
        "calculationDate": "20230326",
        "outstanding": 14673.81
    },
    {
        "calculationDate": "20210720",
        "outstanding": 0.0
    },
    {
        "calculationDate": "20220423",
        "outstanding": 0.0
    },
    {
        "calculationDate": "20230309",
        "outstanding": 16627.68
    },
    {
        "calculationDate": "20230209",
        "outstanding": 0.0
    },
    {
        "calculationDate": "20230404",
        "outstanding": 25798.34
    },
    {
        "outstanding": 0.0
    },
    {
        "calculationDate": "20221022",
        "outstanding": 0.0
    },
    {
        "calculationDate": "20220721",
        "outstanding": 0.0
    },
    {
        "calculationDate": "20230603",
        "outstanding": 42689.64
    },
    {
        "calculationDate": "20210430",
        "outstanding": 67.0
    },
    {
        "calculationDate": "20220222",
        "outstanding": 0.0
    },
    {
        "calculationDate": "20230409",
        "outstanding": 9417.7
    },
    {
        "calculationDate": "20230523",
        "outstanding": 10309.03
    },
    {
        "calculationDate": "20230319"
    },
    {
        "calculationDate": "20210709",
        "outstanding": 0.0
    },
    {
        "calculationDate": "20230226",
        "outstanding": 4300.67
    },
    {
        "calculationDate": "20211223",
        "outstanding": 0.0
    },
    {
        "calculationDate": "20230305",
        "outstanding": 7861.65
    },
    {
        "calculationDate": "20211221",
        "outstanding": 0.0
    },
    {
        "calculationDate": "20220521",
        "outstanding": 0.0
    },
    {
        "calculationDate": "20230307",
        "outstanding": 14811.05
    },
    {
        "calculationDate": "20210427",
        "outstanding": 67.0
    },
    {
        "calculationDate": "20210504",
        "outstanding": 2784.0
    }
]