[
    {
        "calculationDate": "20181115",
        "outstanding": 44892.0
    },
    {
        "calculationDate": "20230427",
        "outstanding": 63052.49
    },
    {
        "calculationDate": "20190912",
        "outstanding": 13441.0
    },
    {
        "calculationDate": "20210107",
        "outstanding": 0.0
    },
    {
        "calculationDate": "20201008",
        "outstanding": 1550.0
    },
    {
        "calculationDate": "20181005",
        "outstanding": 28255.0
    },
    {
        "calculationDate": "20220606",
        "outstanding": 65525.0
    },
    {
        "calculationDate": "20210729",
        "outstanding": 67697.0
    },
    {
        "calculationDate": "20210913",
        "outstanding": 0.0
    },
    {
        "calculationDate": "20190527",
        "outstanding": 56695.0
    },
    {
        "calculationDate": "20190228",
        "outstanding": 51893.0
    },
    {
        "calculationDate": "20191017",
        "outstanding": 60547.0
    },
    {
        "calculationDate": "20220118",
        "outstanding": 0.0
    },
    {
        "calculationDate": "20200518",
        "outstanding": 57094.0
    },
    {
        "calculationDate": "20191224",
        "outstanding": 0.0
    },
    {
        "calculationDate": "20181126",
        "outstanding": 47345.0
    },
    {
        "calculationDate": "20180927",
        "outstanding": 18506.0
    },
    {
        "calculationDate": "20201221",
        "outstanding": 0.0
    },
    {
        "calculationDate": "20200622",
        "outstanding": 58942.0
    },
    {
        "calculationDate": "20180924",
        "outstanding": 15977.0
    },
    {
        "calculationDate": "20210401",
        "outstanding": 49131.0
    },
    {
        "calculationDate": "20201012",
        "outstanding": 51550.0
    },
    {
        "calculationDate": "20200528",
        "outstanding": 56926.0
    },
    {
        "calculationDate": "20221028",
        "outstanding": 62218.0
    },
    {
        "calculationDate": "20190107",
        "outstanding": 46831.0
    },
    {
        "calculationDate": "20220708",
        "outstanding": 94.0
    },
    {
        "calculationDate": "20190909",
        "outstanding": 11951.0
    },
    {
        "calculationDate": "20200326",
        "outstanding": 0.0
    },
    {
        "calculationDate": "20181220",
        "outstanding": 0.0
    },
    {
        "calculationDate": "20190321",
        "outstanding": 50212.0
    },
    {
        "calculationDate": "20220909",
        "outstanding": 1589.0
    },
    {
        "calculationDate": "20210809",
        "outstanding": 67796.0
    },
    {
        "calculationDate": "20220907",
        "outstanding": 99.0
    },
    {
        "calculationDate": "20190916",
        "outstanding": 0.0
    },
    {
        "calculationDate": "20190408",
        "outstanding": 60500.0
    },
    {
        "calculationDate": "20211108",
        "outstanding": 50098.0
    },
    {
        "calculationDate": "20210816",
        "outstanding": 27796.0
    },
    {
        "calculationDate": "20181108",
        "outstanding": 43786.0
    },
    {
        "calculationDate": "20201029",
        "outstanding": 51550.0
    },
    {
        "calculationDate": "20190110",
        "outstanding": 44331.0
    },
    {
        "calculationDate": "20211230",
        "outstanding": 24098.0
    },
    {
        "calculationDate": "20220110",
        "outstanding": 24197.0
    },
    {
        "calculationDate": "20200123",
        "outstanding": 9435.0
    },
    {
        "calculationDate": "20200210",
        "outstanding": 55223.0
    },
    {
        "calculationDate": "20181001",
        "outstanding": 25780.0
    },
    {
        "calculationDate": "20210812",
        "outstanding": 27796.0
    },
    {
        "calculationDate": "20200504",
        "outstanding": 52564.0
    },
    {
        "calculationDate": "20200910",
        "outstanding": 1551.0
    },
    {
        "calculationDate": "20220429",
        "outstanding": 65327.0
    },
    {
        "calculationDate": "20220718",
        "outstanding": 0.0
    },
    {
        "calculationDate": "20190117",
        "outstanding": 44331.0
    },
    {
        "calculationDate": "20190114",
        "outstanding": 44331.0
    },
    {
        "calculationDate": "20181112",
        "outstanding": 43859.0
    },
    {
        "calculationDate": "20190530",
        "outstanding": 56695.0
    },
    {
        "calculationDate": "20221007",
        "outstanding": 62218.0
    },
    {
        "calculationDate": "20200507",
        "outstanding": 53199.0
    },
    {
        "calculationDate": "20211115",
        "outstanding": 75499.0
    },
    {
        "calculationDate": "20220106",
        "outstanding": 24197.0
    },
    {
        "calculationDate": "20210708",
        "outstanding": 48197.0
    },
    {
        "calculationDate": "20181129",
        "outstanding": 47345.0
    },
    {
        "calculationDate": "20230528",
        "outstanding": 64133.44
    },
    {
        "calculationDate": "20220530",
        "outstanding": 65426.0
    },
    {
        "calculationDate": "20210114",
        "outstanding": 27847.0
    },
    {
        "calculationDate": "20190415",
        "outstanding": 61835.0
    },
    {
        "calculationDate": "20201210",
        "outstanding": 0.0
    },
    {
        "calculationDate": "20190131",
        "outstanding": 44474.0
    },
    {
        "calculationDate": "20220916",
        "outstanding": 0.0
    },
    {
        "calculationDate": "20201001",
        "outstanding": 1551.0
    },
    {
        "calculationDate": "20210329",
        "outstanding": 75131.0
    },
    {
        "calculationDate": "20210408",
        "outstanding": 49230.0
    },
    {
        "calculationDate": "20200305",
        "outstanding": 0.0
    },
    {
        "calculationDate": "20220509",
        "outstanding": 65426.0
    },
    {
        "calculationDate": "20201231",
        "outstanding": 0.0
    },
    {
        "calculationDate": "20201026",
        "outstanding": 51550.0
    },
    {
        "calculationDate": "20180910",
        "outstanding": 450.0
    },
    {
        "calculationDate": "20220506",
        "outstanding": 65426.0
    },
    {
        "calculationDate": "20190815",
        "outstanding": 11319.0
    },
    {
        "calculationDate": "20190411",
        "outstanding": 61465.0
    },
    {
        "calculationDate": "20220407",
        "outstanding": 65327.0
    },
    {
        "calculationDate": "20220704",
        "outstanding": 0.0
    },
    {
        "calculationDate": "20220905",
        "outstanding": 0.0
    },
    {
        "calculationDate": "20220321",
        "outstanding": 53850.0
    },
    {
        "calculationDate": "20220706",
        "outstanding": 94.0
    },
    {
        "calculationDate": "20181227",
        "outstanding": 46772.0
    },
    {
        "calculationDate": "20201120",
        "outstanding": 49649.0
    },
    {
        "calculationDate": "20220608",
        "outstanding": 65525.0
    },
    {
        "calculationDate": "20211227",
        "outstanding": 24098.0
    },
    {
        "calculationDate": "20181015",
        "outstanding": 32802.0
    },
    {
        "calculationDate": "20210301",
        "outstanding": 77132.0
    },
    {
        "calculationDate": "20200831",
        "outstanding": 0.0
    },
    {
        "calculationDate": "20201130",
        "outstanding": 54649.0
    },
    {
        "calculationDate": "20200511",
        "outstanding": 55362.0
    },
    {
        "calculationDate": "20181225",
        "outstanding": 45691.0
    },
    {
        "calculationDate": "20220926",
        "outstanding": 62119.0
    },
    {
        "calculationDate": "20200608",
        "outstanding": 56985.0
    },
    {
        "calculationDate": "20190325",
        "outstanding": 53351.0
    },
    {
        "calculationDate": "20230509",
        "outstanding": 64133.44
    },
    {
        "calculationDate": "20220214",
        "outstanding": 0.0
    },
    {
        "calculationDate": "20181231",
        "outstanding": 46772.0
    },
    {
        "calculationDate": "20191124",
        "outstanding": 49710.0
    },
    {
        "calculationDate": "20220405",
        "outstanding": 65228.0
    },
    {
        "calculationDate": "20190702",
        "outstanding": 54689.0
    },
    {
        "calculationDate": "20190808",
        "outstanding": 61319.0
    },
    {
        "calculationDate": "20190903",
        "outstanding": 11892.0
    },
    {
        "calculationDate": "20181011",
        "outstanding": 33917.0
    },
    {
        "calculationDate": "20190328",
        "outstanding": 53351.0
    },
    {
        "calculationDate": "20200330",
        "outstanding": 14992.0
    },
    {
        "calculationDate": "20190718",
        "outstanding": 0.0
    },
    {
        "calculationDate": "20230425",
        "outstanding": 62689.49
    },
    {
        "calculationDate": "20220408",
        "outstanding": 65327.0
    },
    {
        "calculationDate": "20181029",
        "outstanding": 41517.0
    },
    {
        "calculationDate": "20190225",
        "outstanding": 51893.0
    },
    {
        "calculationDate": "20221227",
        "outstanding": 62415.5
    },
    {
        "calculationDate": "20190829",
        "outstanding": 11319.0
    },
    {
        "calculationDate": "20181022",
        "outstanding": 40737.0
    },
    {
        "calculationDate": "20191024",
        "outstanding": 66752.0
    },
    {
        "calculationDate": "20200102",
        "outstanding": 9876.0
    },
    {
        "calculationDate": "20210128",
        "outstanding": 27847.0
    },
    {
        "calculationDate": "20191209",
        "outstanding": 64203.0
    },
    {
        "calculationDate": "20220309",
        "outstanding": 0.0
    },
    {
        "calculationDate": "20181122",
        "outstanding": 44282.0
    },
    {
        "calculationDate": "20211211",
        "outstanding": 74098.0
    },
    {
        "calculationDate": "20191230",
        "outstanding": 9876.0
    },
    {
        "calculationDate": "20200420",
        "outstanding": 0.0
    },
    {
        "calculationDate": "20190708",
        "outstanding": 44748.0
    },
    {
        "calculationDate": "20190318",
        "outstanding": 49825.0
    },
    {
        "calculationDate": "20190221",
        "outstanding": 51981.0
    },
    {
        "calculationDate": "20220715",
        "outstanding": 94.0
    },
    {
        "calculationDate": "20190502",
        "outstanding": 59436.0
    },
    {
        "calculationDate": "20200203",
        "outstanding": 42740.0
    },
    {
        "calculationDate": "20201207",
        "outstanding": 54649.0
    },
    {
        "calculationDate": "20210208",
        "outstanding": 27946.0
    },
    {
        "calculationDate": "20200319",
        "outstanding": 17292.0
    },
    {
        "calculationDate": "20220808",
        "outstanding": 0.0
    },
    {
        "calculationDate": "20200309",
        "outstanding": 0.0
    },
    {
        "calculationDate": "20210104",
        "outstanding": 0.0
    },
    {
        "calculationDate": "20190429",
        "outstanding": 58735.0
    },
    {
        "calculationDate": "20190509",
        "outstanding": 59495.0
    },
    {
        "calculationDate": "20181018",
        "outstanding": 35871.0
    },
    {
        "calculationDate": "20191021",
        "outstanding": 59755.0
    },
    {
        "calculationDate": "20200521",
        "outstanding": 58926.0
    },
    {
        "calculationDate": "20200409",
        "outstanding": 15051.0
    },
    {
        "calculationDate": "20200130",
        "outstanding": 39435.0
    },
    {
        "calculationDate": "20181210",
        "outstanding": 48586.0
    },
    {
        "calculationDate": "20191031",
        "outstanding": 72020.0
    },
    {
        "calculationDate": "20230606",
        "outstanding": 64133.44
    },
    {
        "calculationDate": "20210510",
        "outstanding": 0.0
    },
    {
        "calculationDate": "20210308",
        "outstanding": 77231.0
    },
    {
        "calculationDate": "20211007",
        "outstanding": 84.0
    },
    {
        "calculationDate": "20230418",
        "outstanding": 62129.5
    },
    {
        "calculationDate": "20190725",
        "outstanding": 61260.0
    },
    {
        "calculationDate": "20210909",
        "outstanding": 29385.0
    },
    {
        "calculationDate": "20190222",
        "outstanding": 53893.0
    },
    {
        "calculationDate": "20191007",
        "outstanding": 51509.0
    },
    {
        "calculationDate": "20190722",
        "outstanding": 55168.0
    },
    {
        "calculationDate": "20191130",
        "outstanding": 49710.0
    },
    {
        "calculationDate": "20200525",
        "outstanding": 56926.0
    },
    {
        "calculationDate": "20190401",
        "outstanding": 0.0
    },
    {
        "calculationDate": "20220324",
        "outstanding": 50000.0
    },
    {
        "calculationDate": "20190520",
        "outstanding": 59495.0
    },
    {
        "calculationDate": "20200727",
        "outstanding": 0.0
    },
    {
        "calculationDate": "20200810",
        "outstanding": 62.0
    },
    {
        "calculationDate": "20211014",
        "outstanding": 0.0
    },
    {
        "calculationDate": "20191014",
        "outstanding": 56951.0
    },
    {
        "calculationDate": "20200127",
        "outstanding": 39435.0
    },
    {
        "calculationDate": "20210830",
        "outstanding": 27796.0
    },
    {
        "calculationDate": "20190218",
        "outstanding": 51981.0
    },
    {
        "calculationDate": "20210222",
        "outstanding": 77132.0
    },
    {
        "calculationDate": "20191111",
        "outstanding": 74479.0
    },
    {
        "calculationDate": "20210415",
        "outstanding": 0.0
    },
    {
        "calculationDate": "20210218",
        "outstanding": 26946.0
    },
    {
        "calculationDate": "20200206",
        "outstanding": 55164.0
    },
    {
        "calculationDate": "20220627",
        "outstanding": 0.0
    },
    {
        "calculationDate": "20230105",
        "outstanding": 62415.5
    },
    {
        "calculationDate": "20201110",
        "outstanding": 51649.0
    },
    {
        "calculationDate": "20200416",
        "outstanding": 15051.0
    },
    {
        "calculationDate": "20190610",
        "outstanding": 57489.0
    },
    {
        "calculationDate": "20210712",
        "outstanding": 67697.0
    },
    {
        "calculationDate": "20190425",
        "outstanding": 58835.0
    },
    {
        "calculationDate": "20201214",
        "outstanding": 0.0
    },
    {
        "calculationDate": "20180920",
        "outstanding": 15318.0
    },
    {
        "calculationDate": "20210322",
        "outstanding": 75131.0
    },
    {
        "calculationDate": "20210628",
        "outstanding": 50098.0
    },
    {
        "calculationDate": "20200709",
        "outstanding": 49963.0
    },
    {
        "calculationDate": "20181119",
        "outstanding": 45882.0
    },
    {
        "calculationDate": "20211129",
        "outstanding": 73999.0
    },
    {
        "calculationDate": "20190121",
        "outstanding": 44474.0
    },
    {
        "calculationDate": "20190307",
        "outstanding": 51952.0
    },
    {
        "calculationDate": "20200625",
        "outstanding": 59254.0
    },
    {
        "calculationDate": "20191010",
        "outstanding": 54255.0
    },
    {
        "calculationDate": "20211116",
        "outstanding": 75499.0
    },
    {
        "calculationDate": "20200827",
        "outstanding": 0.0
    },
    {
        "calculationDate": "20221206",
        "outstanding": 62316.5
    },
    {
        "calculationDate": "20211207",
        "outstanding": 74098.0
    },
    {
        "calculationDate": "20200213",
        "outstanding": 20223.0
    },
    {
        "calculationDate": "20230402",
        "outstanding": 0.0
    },
    {
        "calculationDate": "20190311",
        "outstanding": 49452.0
    },
    {
        "calculationDate": "20180918",
        "outstanding": 11171.0
    },
    {
        "calculationDate": "20200514",
        "outstanding": 55699.0
    },
    {
        "calculationDate": "20211025",
        "outstanding": 49999.0
    },
    {
        "calculationDate": "20180913",
        "outstanding": 7452.0
    },
    {
        "calculationDate": "20181217",
        "outstanding": 0.0
    },
    {
        "calculationDate": "20230507",
        "outstanding": 63052.49
    },
    {
        "calculationDate": "20200430",
        "outstanding": 0.0
    },
    {
        "calculationDate": "20200702",
        "outstanding": 59364.0
    },
    {
        "calculationDate": "20200109",
        "outstanding": 9935.0
    },
    {
        "calculationDate": "20191215",
        "outstanding": 64376.0
    },
    {
        "calculationDate": "20190213",
        "outstanding": 47779.0
    },
    {
        "calculationDate": "20190627",
        "outstanding": 54689.0
    },
    {
        "calculationDate": "20200304",
        "outstanding": 20223.0
    },
    {
        "calculationDate": "20200629",
        "outstanding": 59254.0
    },
    {
        "calculationDate": "20220207",
        "outstanding": 96.0
    },
    {
        "calculationDate": "20190715",
        "outstanding": 0.0
    },
    {
        "calculationDate": "20181025",
        "outstanding": 41517.0
    }
]