[
    {
        "calculationDate": "20210304",
        "outstanding": 0.0
    },
    {
        "calculationDate": "20220417",
        "outstanding": 20298.0
    },
    {
        "calculationDate": "20210330",
        "outstanding": 20000.0
    },
    {
        "calculationDate": "20210328",
        "outstanding": 20000.0
    },
    {
        "calculationDate": "20220529",
        "outstanding": 74668.0
    },
    {
        "calculationDate": "20210508",
        "outstanding": 35000.0
    },
    {
        "calculationDate": "20220610",
        "outstanding": 109488.0
    },
    {
        "calculationDate": "20201227",
        "outstanding": 9454.0
    },
    {
        "calculationDate": "20220602",
        "outstanding": 79686.0
    },
    {
        "calculationDate": "20210810",
        "outstanding": 0.0
    },
    {
        "calculationDate": "20220612",
        "outstanding": 109820.0
    },
    {
        "calculationDate": "20210102",
        "outstanding": 0.0
    },
    {
        "calculationDate": "20220214",
        "outstanding": 0.0
    },
    {
        "calculationDate": "20220407",
        "outstanding": 21862.0
    },
    {
        "calculationDate": "20211214",
        "outstanding": 0.0
    },
    {
        "calculationDate": "20210905",
        "outstanding": 71794.0
    },
    {
        "calculationDate": "20220411",
        "outstanding": 16716.0
    },
    {
        "calculationDate": "20210201",
        "outstanding": 0.0
    },
    {
        "calculationDate": "20211112",
        "outstanding": 0.0
    },
    {
        "calculationDate": "20220622",
        "outstanding": 111711.0
    },
    {
        "calculationDate": "20210911",
        "outstanding": 51794.0
    },
    {
        "calculationDate": "20220403",
        "outstanding": 21031.0
    },
    {
        "calculationDate": "20210418",
        "outstanding": 20941.0
    },
    {
        "calculationDate": "20210601",
        "outstanding": 18300.0
    },
    {
        "calculationDate": "20220115",
        "outstanding": 0.0
    },
    {
        "calculationDate": "20220513",
        "outstanding": 68955.0
    },
    {
        "calculationDate": "20210604",
        "outstanding": 0.0
    },
    {
        "calculationDate": "20210921",
        "outstanding": 28340.0
    },
    {
        "calculationDate": "20220706",
        "outstanding": 0.0
    },
    {
        "calculationDate": "20220421",
        "outstanding": 50033.0
    },
    {
        "calculationDate": "20220501",
        "outstanding": 53368.0
    },
    {
        "calculationDate": "20210502",
        "outstanding": 40000.0
    },
    {
        "calculationDate": "20220302",
        "outstanding": 0.0
    },
    {
        "calculationDate": "20211013",
        "outstanding": 0.0
    },
    {
        "calculationDate": "20220507",
        "outstanding": 64757.0
    },
    {
        "calculationDate": "20220222",
        "outstanding": 23029.0
    },
    {
        "calculationDate": "20220630",
        "outstanding": 0.0
    },
    {
        "calculationDate": "20220330",
        "outstanding": 5146.0
    },
    {
        "calculationDate": "20220606",
        "outstanding": 91113.0
    },
    {
        "calculationDate": "20220511",
        "outstanding": 69297.0
    },
    {
        "calculationDate": "20220515",
        "outstanding": 70000.0
    },
    {
        "calculationDate": "20220401",
        "outstanding": 13356.0
    },
    {
        "calculationDate": "20210828",
        "outstanding": 71494.0
    },
    {
        "calculationDate": "20211104",
        "outstanding": 55000.0
    },
    {
        "calculationDate": "20220413",
        "outstanding": 17298.0
    },
    {
        "calculationDate": "20210915",
        "outstanding": 64000.0
    },
    {
        "calculationDate": "20220531",
        "outstanding": 77200.0
    },
    {
        "calculationDate": "20220423",
        "outstanding": 52703.0
    },
    {
        "calculationDate": "20201224",
        "outstanding": 0.0
    },
    {
        "calculationDate": "20210822",
        "outstanding": 26837.0
    },
    {
        "calculationDate": "20210824",
        "outstanding": 68212.0
    },
    {
        "calculationDate": "20211110",
        "outstanding": 35000.0
    },
    {
        "calculationDate": "20210806",
        "outstanding": 0.0
    },
    {
        "calculationDate": "20211001",
        "outstanding": 28340.0
    },
    {
        "calculationDate": "20220419",
        "outstanding": 48033.0
    },
    {
        "calculationDate": "20210919",
        "outstanding": 44000.0
    },
    {
        "calculationDate": "20210706",
        "outstanding": 0.0
    },
    {
        "calculationDate": "20201230",
        "outstanding": 4454.0
    },
    {
        "calculationDate": "20210420",
        "outstanding": 20941.0
    },
    {
        "calculationDate": "20210520",
        "outstanding": 0.0
    },
    {
        "calculationDate": "20220509",
        "outstanding": 68167.0
    }
]