[
    {
        "calculationDate": "20190224",
        "outstanding": 46992.0
    },
    {
        "calculationDate": "20180803",
        "outstanding": 95877.0
    },
    {
        "calculationDate": "20181118",
        "outstanding": 19610.0
    },
    {
        "calculationDate": "20170722",
        "outstanding": 99696.0
    },
    {
        "calculationDate": "20140515",
        "outstanding": 0.0
    },
    {
        "calculationDate": "20181005",
        "outstanding": 4342.0
    },
    {
        "calculationDate": "20171205",
        "outstanding": 99255.0
    },
    {
        "calculationDate": "20180510",
        "outstanding": 96982.0
    },
    {
        "calculationDate": "20170803",
        "outstanding": 95188.0
    },
    {
        "calculationDate": "20181226",
        "outstanding": 35506.0
    },
    {
        "calculationDate": "20190119",
        "outstanding": 17658.0
    },
    {
        "calculationDate": "20170827",
        "outstanding": 90151.0
    },
    {
        "calculationDate": "20180121",
        "outstanding": 0.0
    },
    {
        "calculationDate": "20180708",
        "outstanding": 95165.0
    },
    {
        "calculationDate": "20180827",
        "outstanding": 88061.0
    },
    {
        "calculationDate": "20180914",
        "outstanding": 0.0
    },
    {
        "calculationDate": "20171113",
        "outstanding": 58592.0
    },
    {
        "calculationDate": "20190405",
        "outstanding": 77657.0
    },
    {
        "calculationDate": "20160327",
        "outstanding": 0.0
    },
    {
        "calculationDate": "20170902",
        "outstanding": 90369.0
    },
    {
        "calculationDate": "20171110",
        "outstanding": 49851.0
    },
    {
        "calculationDate": "20181115",
        "outstanding": 18527.0
    },
    {
        "calculationDate": "20180703",
        "outstanding": 101537.0
    },
    {
        "calculationDate": "20171222",
        "outstanding": 42887.0
    },
    {
        "calculationDate": "20190131",
        "outstanding": 22784.0
    },
    {
        "calculationDate": "20190306",
        "outstanding": 57500.0
    },
    {
        "calculationDate": "20181109",
        "outstanding": 57921.0
    },
    {
        "calculationDate": "20190704",
        "outstanding": 0.0
    },
    {
        "calculationDate": "20130509",
        "outstanding": 0.0
    },
    {
        "calculationDate": "20171231",
        "outstanding": 68801.0
    },
    {
        "calculationDate": "20170110",
        "outstanding": 39533.0
    },
    {
        "calculationDate": "20170203",
        "outstanding": 91084.0
    },
    {
        "calculationDate": "20160123",
        "outstanding": 0.0
    },
    {
        "calculationDate": "20180821",
        "outstanding": 19445.0
    },
    {
        "calculationDate": "20160703",
        "outstanding": 0.0
    },
    {
        "calculationDate": "20161107",
        "outstanding": 34312.0
    },
    {
        "calculationDate": "20161002",
        "outstanding": 0.0
    },
    {
        "calculationDate": "20190312",
        "outstanding": 51951.0
    },
    {
        "calculationDate": "20160905",
        "outstanding": 76374.0
    },
    {
        "calculationDate": "20180908",
        "outstanding": 90763.0
    },
    {
        "calculationDate": "20170725",
        "outstanding": 99701.0
    },
    {
        "calculationDate": "20181010",
        "outstanding": 17755.0
    },
    {
        "calculationDate": "20180830",
        "outstanding": 93912.0
    },
    {
        "calculationDate": "20180302",
        "outstanding": 55736.0
    },
    {
        "calculationDate": "20180528",
        "outstanding": 100609.0
    },
    {
        "calculationDate": "20151206",
        "outstanding": 0.0
    },
    {
        "calculationDate": "20130704",
        "outstanding": 0.0
    },
    {
        "calculationDate": "20181223",
        "outstanding": 40363.0
    },
    {
        "calculationDate": "20180401",
        "outstanding": 87085.0
    },
    {
        "calculationDate": "20171023",
        "outstanding": 100837.0
    },
    {
        "calculationDate": "20131025",
        "outstanding": 0.0
    },
    {
        "calculationDate": "20190218",
        "outstanding": 37816.0
    },
    {
        "calculationDate": "20190327",
        "outstanding": 67156.0
    },
    {
        "calculationDate": "20180624",
        "outstanding": 96204.0
    },
    {
        "calculationDate": "20170104",
        "outstanding": 11814.0
    },
    {
        "calculationDate": "20171002",
        "outstanding": 89307.0
    },
    {
        "calculationDate": "20161217",
        "outstanding": 37270.0
    },
    {
        "calculationDate": "20140825",
        "outstanding": 0.0
    },
    {
        "calculationDate": "20190116",
        "outstanding": 13470.0
    },
    {
        "calculationDate": "20151112",
        "outstanding": 0.0
    },
    {
        "calculationDate": "20180202",
        "outstanding": 5244.0
    },
    {
        "calculationDate": "20160510",
        "outstanding": 29677.0
    },
    {
        "calculationDate": "20181019",
        "outstanding": 0.0
    },
    {
        "calculationDate": "20171207",
        "outstanding": 49284.0
    },
    {
        "calculationDate": "20161223",
        "outstanding": 36341.0
    },
    {
        "calculationDate": "20181112",
        "outstanding": 0.0
    },
    {
        "calculationDate": "20190101",
        "outstanding": 6492.0
    },
    {
        "calculationDate": "20141008",
        "outstanding": 0.0
    },
    {
        "calculationDate": "20190223",
        "outstanding": 46992.0
    },
    {
        "calculationDate": "20190122",
        "outstanding": 15166.0
    },
    {
        "calculationDate": "20170302",
        "outstanding": 0.0
    },
    {
        "calculationDate": "20140306",
        "outstanding": 0.0
    },
    {
        "calculationDate": "20190228",
        "outstanding": 47572.0
    },
    {
        "calculationDate": "20160603",
        "outstanding": 79452.0
    },
    {
        "calculationDate": "20170728",
        "outstanding": 94958.0
    },
    {
        "calculationDate": "20151017",
        "outstanding": 0.0
    },
    {
        "calculationDate": "20180320",
        "outstanding": 90872.0
    },
    {
        "calculationDate": "20160504",
        "outstanding": 79677.0
    },
    {
        "calculationDate": "20180719",
        "outstanding": 92842.0
    },
    {
        "calculationDate": "20190513",
        "outstanding": 92872.0
    },
    {
        "calculationDate": "20161005",
        "outstanding": 0.0
    },
    {
        "calculationDate": "20131125",
        "outstanding": 0.0
    },
    {
        "calculationDate": "20180923",
        "outstanding": 17847.0
    },
    {
        "calculationDate": "20180413",
        "outstanding": 74324.0
    },
    {
        "calculationDate": "20181013",
        "outstanding": 0.0
    },
    {
        "calculationDate": "20180712",
        "outstanding": 92507.0
    },
    {
        "calculationDate": "20170404",
        "outstanding": 0.0
    },
    {
        "calculationDate": "20130830",
        "outstanding": 0.0
    },
    {
        "calculationDate": "20190510",
        "outstanding": 97830.0
    },
    {
        "calculationDate": "20160516",
        "outstanding": 0.0
    },
    {
        "calculationDate": "20160917",
        "outstanding": 0.0
    },
    {
        "calculationDate": "20181217",
        "outstanding": 53798.0
    },
    {
        "calculationDate": "20190203",
        "outstanding": 33010.0
    },
    {
        "calculationDate": "20161020",
        "outstanding": 0.0
    },
    {
        "calculationDate": "20160821",
        "outstanding": 0.0
    },
    {
        "calculationDate": "20190504",
        "outstanding": 99476.0
    },
    {
        "calculationDate": "20160229",
        "outstanding": 11229.0
    },
    {
        "calculationDate": "20180917",
        "outstanding": 0.0
    },
    {
        "calculationDate": "20190607",
        "outstanding": 0.0
    },
    {
        "calculationDate": "20180218",
        "outstanding": 36019.0
    },
    {
        "calculationDate": "20170224",
        "outstanding": 94916.0
    },
    {
        "calculationDate": "20190206",
        "outstanding": 29281.0
    },
    {
        "calculationDate": "20170704",
        "outstanding": 98590.0
    },
    {
        "calculationDate": "20181022",
        "outstanding": 0.0
    },
    {
        "calculationDate": "20170605",
        "outstanding": 45298.0
    },
    {
        "calculationDate": "20160618",
        "outstanding": 0.0
    },
    {
        "calculationDate": "20140629",
        "outstanding": 0.0
    },
    {
        "calculationDate": "20180501",
        "outstanding": 90342.0
    },
    {
        "calculationDate": "20190310",
        "outstanding": 57893.0
    },
    {
        "calculationDate": "20160303",
        "outstanding": 0.0
    },
    {
        "calculationDate": "20180809",
        "outstanding": 96727.0
    },
    {
        "calculationDate": "20181211",
        "outstanding": 70356.0
    },
    {
        "calculationDate": "20170101",
        "outstanding": 9128.0
    },
    {
        "calculationDate": "20180902",
        "outstanding": 94487.0
    },
    {
        "calculationDate": "20170414",
        "outstanding": 0.0
    },
    {
        "calculationDate": "20190110",
        "outstanding": 9206.0
    },
    {
        "calculationDate": "20160102",
        "outstanding": 0.0
    },
    {
        "calculationDate": "20180224",
        "outstanding": 43042.0
    },
    {
        "calculationDate": "20131230",
        "outstanding": 0.0
    },
    {
        "calculationDate": "20161014",
        "outstanding": 7630.0
    },
    {
        "calculationDate": "20171005",
        "outstanding": 90396.0
    },
    {
        "calculationDate": "20171026",
        "outstanding": 99318.0
    },
    {
        "calculationDate": "20171210",
        "outstanding": 41783.0
    },
    {
        "calculationDate": "20150901",
        "outstanding": 1605.0
    },
    {
        "calculationDate": "20181221",
        "outstanding": 33926.0
    },
    {
        "calculationDate": "20170505",
        "outstanding": 4387.0
    },
    {
        "calculationDate": "20190425",
        "outstanding": 91761.0
    },
    {
        "calculationDate": "20180603",
        "outstanding": 100853.0
    },
    {
        "calculationDate": "20180205",
        "outstanding": 0.0
    },
    {
        "calculationDate": "20160204",
        "outstanding": 4102.0
    },
    {
        "calculationDate": "20180618",
        "outstanding": 95504.0
    },
    {
        "calculationDate": "20190428",
        "outstanding": 98450.0
    },
    {
        "calculationDate": "20170911",
        "outstanding": 82718.0
    },
    {
        "calculationDate": "20161202",
        "outstanding": 80431.0
    },
    {
        "calculationDate": "20190411",
        "outstanding": 75498.0
    },
    {
        "calculationDate": "20160207",
        "outstanding": 0.0
    },
    {
        "calculationDate": "20190422",
        "outstanding": 95359.0
    },
    {
        "calculationDate": "20161116",
        "outstanding": 66383.0
    },
    {
        "calculationDate": "20181103",
        "outstanding": 13715.0
    },
    {
        "calculationDate": "20180329",
        "outstanding": 87023.0
    },
    {
        "calculationDate": "20161104",
        "outstanding": 75174.0
    },
    {
        "calculationDate": "20130608",
        "outstanding": 0.0
    },
    {
        "calculationDate": "20171101",
        "outstanding": 99605.0
    },
    {
        "calculationDate": "20160402",
        "outstanding": 0.0
    },
    {
        "calculationDate": "20160923",
        "outstanding": 0.0
    },
    {
        "calculationDate": "20171213",
        "outstanding": 47813.0
    },
    {
        "calculationDate": "20190603",
        "outstanding": 0.0
    },
    {
        "calculationDate": "20160309",
        "outstanding": 0.0
    },
    {
        "calculationDate": "20181204",
        "outstanding": 49209.0
    },
    {
        "calculationDate": "20160414",
        "outstanding": 34109.0
    },
    {
        "calculationDate": "20190303",
        "outstanding": 52491.0
    },
    {
        "calculationDate": "20190215",
        "outstanding": 40946.0
    },
    {
        "calculationDate": "20170824",
        "outstanding": 96157.0
    },
    {
        "calculationDate": "20190611",
        "outstanding": 0.0
    },
    {
        "calculationDate": "20170526",
        "outstanding": 22165.0
    },
    {
        "calculationDate": "20180103",
        "outstanding": 58839.0
    },
    {
        "calculationDate": "20151204",
        "outstanding": 0.0
    }
]