[
    {
        "calculationDate": "20220824",
        "outstanding": 89554.0
    },
    {
        "calculationDate": "20200607",
        "outstanding": 61094.0
    },
    {
        "calculationDate": "20201222",
        "outstanding": 42133.0
    },
    {
        "calculationDate": "20220513",
        "outstanding": 61191.0
    },
    {
        "calculationDate": "20220722",
        "outstanding": 89633.0
    },
    {
        "calculationDate": "20211203",
        "outstanding": 80021.0
    },
    {
        "calculationDate": "20211115",
        "outstanding": 71092.0
    },
    {
        "calculationDate": "20200514",
        "outstanding": 38861.0
    },
    {
        "calculationDate": "20220817",
        "outstanding": 82728.0
    },
    {
        "calculationDate": "20210925",
        "outstanding": 87168.0
    },
    {
        "calculationDate": "20230207",
        "outstanding": 69943.64
    },
    {
        "calculationDate": "20211201",
        "outstanding": 69779.0
    },
    {
        "calculationDate": "20210213",
        "outstanding": 56854.0
    },
    {
        "calculationDate": "20211230",
        "outstanding": 65741.0
    },
    {
        "calculationDate": "20210807",
        "outstanding": 74937.0
    },
    {
        "calculationDate": "20191204",
        "outstanding": 45246.0
    },
    {
        "calculationDate": "20220112",
        "outstanding": 88320.0
    },
    {
        "calculationDate": "20220601",
        "outstanding": 89353.0
    },
    {
        "calculationDate": "20220105",
        "outstanding": 79104.0
    },
    {
        "calculationDate": "20220812",
        "outstanding": 84097.0
    },
    {
        "calculationDate": "20201208",
        "outstanding": 24302.0
    },
    {
        "calculationDate": "20210824",
        "outstanding": 74876.0
    },
    {
        "calculationDate": "20220218",
        "outstanding": 61907.0
    },
    {
        "calculationDate": "20201217",
        "outstanding": 30883.0
    },
    {
        "calculationDate": "20201215",
        "outstanding": 7952.0
    },
    {
        "calculationDate": "20210915",
        "outstanding": 79827.0
    },
    {
        "calculationDate": "20210227",
        "outstanding": 73177.0
    },
    {
        "calculationDate": "20230424",
        "outstanding": 22917.06
    },
    {
        "calculationDate": "20201226",
        "outstanding": 57893.0
    },
    {
        "calculationDate": "20210522",
        "outstanding": 75244.0
    },
    {
        "calculationDate": "20230526",
        "outstanding": 50530.45
    },
    {
        "calculationDate": "20220221",
        "outstanding": 69272.0
    },
    {
        "calculationDate": "20210216",
        "outstanding": 56854.0
    },
    {
        "calculationDate": "20200322",
        "outstanding": 63899.0
    },
    {
        "calculationDate": "20191229",
        "outstanding": 69355.0
    },
    {
        "calculationDate": "20210130",
        "outstanding": 74901.0
    },
    {
        "calculationDate": "20200325",
        "outstanding": 71895.0
    },
    {
        "calculationDate": "20200814",
        "outstanding": 34571.0
    },
    {
        "calculationDate": "20221219",
        "outstanding": 81459.17
    },
    {
        "calculationDate": "20220311",
        "outstanding": 77828.0
    },
    {
        "calculationDate": "20221113",
        "outstanding": 37595.71
    },
    {
        "calculationDate": "20211231",
        "outstanding": 73883.0
    },
    {
        "calculationDate": "20220617",
        "outstanding": 87954.0
    },
    {
        "calculationDate": "20230213",
        "outstanding": 44093.25
    },
    {
        "calculationDate": "20210110",
        "outstanding": 71415.0
    },
    {
        "calculationDate": "20200326",
        "outstanding": 72183.0
    },
    {
        "calculationDate": "20200331",
        "outstanding": 74035.0
    },
    {
        "calculationDate": "20220328",
        "outstanding": 79308.0
    },
    {
        "calculationDate": "20200523",
        "outstanding": 59408.0
    },
    {
        "calculationDate": "20220118",
        "outstanding": 87296.0
    },
    {
        "calculationDate": "20230522",
        "outstanding": 39353.47
    },
    {
        "calculationDate": "20210626",
        "outstanding": 75000.0
    },
    {
        "calculationDate": "20201211",
        "outstanding": 19956.0
    },
    {
        "calculationDate": "20220107",
        "outstanding": 80797.0
    },
    {
        "calculationDate": "20230228",
        "outstanding": 62909.07
    },
    {
        "calculationDate": "20210424",
        "outstanding": 73560.0
    },
    {
        "calculationDate": "20220504",
        "outstanding": 87574.0
    },
    {
        "calculationDate": "20221214",
        "outstanding": 74939.58
    },
    {
        "calculationDate": "20200819",
        "outstanding": 64562.0
    },
    {
        "calculationDate": "20200717",
        "outstanding": 40367.0
    },
    {
        "calculationDate": "20210330",
        "outstanding": 74980.0
    },
    {
        "calculationDate": "20210520",
        "outstanding": 65621.0
    },
    {
        "calculationDate": "20200509",
        "outstanding": 37728.0
    },
    {
        "calculationDate": "20220128",
        "outstanding": 82910.0
    },
    {
        "calculationDate": "20200915",
        "outstanding": 66408.0
    },
    {
        "calculationDate": "20220323",
        "outstanding": 85271.0
    },
    {
        "calculationDate": "20220718",
        "outstanding": 82495.0
    },
    {
        "calculationDate": "20211006",
        "outstanding": 89774.0
    },
    {
        "calculationDate": "20210413",
        "outstanding": 63837.0
    },
    {
        "calculationDate": "20200425",
        "outstanding": 56389.0
    },
    {
        "calculationDate": "20201107",
        "outstanding": 74875.0
    },
    {
        "calculationDate": "20200623",
        "outstanding": 43495.0
    },
    {
        "calculationDate": "20200714",
        "outstanding": 36226.0
    },
    {
        "calculationDate": "20200917",
        "outstanding": 74069.0
    },
    {
        "calculationDate": "20200217",
        "outstanding": 58364.0
    },
    {
        "calculationDate": "20200420",
        "outstanding": 53615.0
    },
    {
        "calculationDate": "20211112",
        "outstanding": 60289.0
    },
    {
        "calculationDate": "20210106",
        "outstanding": 64642.0
    },
    {
        "calculationDate": "20221003",
        "outstanding": 50643.0
    },
    {
        "calculationDate": "20200708",
        "outstanding": 43935.0
    },
    {
        "calculationDate": "20210515",
        "outstanding": 63657.0
    },
    {
        "calculationDate": "20230413",
        "outstanding": 20180.34
    },
    {
        "calculationDate": "20200518",
        "outstanding": 41672.0
    },
    {
        "calculationDate": "20200802",
        "outstanding": 57839.0
    },
    {
        "calculationDate": "20201013",
        "outstanding": 44567.0
    },
    {
        "calculationDate": "20230531",
        "outstanding": 55147.63
    },
    {
        "calculationDate": "20200428",
        "outstanding": 57339.0
    },
    {
        "calculationDate": "20221017",
        "outstanding": 63704.0
    },
    {
        "calculationDate": "20201210",
        "outstanding": 25865.0
    },
    {
        "calculationDate": "20201009",
        "outstanding": 39550.0
    },
    {
        "calculationDate": "20220425",
        "outstanding": 87132.0
    },
    {
        "calculationDate": "20191214",
        "outstanding": 36890.0
    },
    {
        "calculationDate": "20200313",
        "outstanding": 56437.0
    },
    {
        "calculationDate": "20191103",
        "outstanding": 61960.0
    },
    {
        "calculationDate": "20210429",
        "outstanding": 70909.0
    },
    {
        "calculationDate": "20220713",
        "outstanding": 80389.0
    },
    {
        "calculationDate": "20200207",
        "outstanding": 74828.0
    },
    {
        "calculationDate": "20200811",
        "outstanding": 64945.0
    },
    {
        "calculationDate": "20200805",
        "outstanding": 60038.0
    },
    {
        "calculationDate": "20210113",
        "outstanding": 72123.0
    },
    {
        "calculationDate": "20230412",
        "outstanding": 6030.54
    },
    {
        "calculationDate": "20220530",
        "outstanding": 88665.0
    },
    {
        "calculationDate": "20200309",
        "outstanding": 74988.0
    },
    {
        "calculationDate": "20200824",
        "outstanding": 69459.0
    },
    {
        "calculationDate": "20200611",
        "outstanding": 32150.0
    },
    {
        "calculationDate": "20201212",
        "outstanding": 7763.0
    },
    {
        "calculationDate": "20200129",
        "outstanding": 72249.0
    },
    {
        "calculationDate": "20210722",
        "outstanding": 75373.0
    },
    {
        "calculationDate": "20220202",
        "outstanding": 86705.0
    },
    {
        "calculationDate": "20210224",
        "outstanding": 72677.0
    },
    {
        "calculationDate": "20221024",
        "outstanding": 90271.0
    },
    {
        "calculationDate": "20210622",
        "outstanding": 70595.0
    },
    {
        "calculationDate": "20201230",
        "outstanding": 56610.0
    },
    {
        "calculationDate": "20220114",
        "outstanding": 88693.0
    },
    {
        "calculationDate": "20200825",
        "outstanding": 72132.0
    },
    {
        "calculationDate": "20230602",
        "outstanding": 61992.21
    },
    {
        "calculationDate": "20201221",
        "outstanding": 37947.0
    },
    {
        "calculationDate": "20220413",
        "outstanding": 75844.0
    },
    {
        "calculationDate": "20220204",
        "outstanding": 89454.0
    },
    {
        "calculationDate": "20221019",
        "outstanding": 69478.0
    },
    {
        "calculationDate": "20201020",
        "outstanding": 74709.0
    },
    {
        "calculationDate": "20220401",
        "outstanding": 82647.0
    },
    {
        "calculationDate": "20200812",
        "outstanding": 28934.0
    },
    {
        "calculationDate": "20221021",
        "outstanding": 73029.0
    },
    {
        "calculationDate": "20220213",
        "outstanding": 56645.0
    },
    {
        "calculationDate": "20200311",
        "outstanding": 56437.0
    },
    {
        "calculationDate": "20210819",
        "outstanding": 74686.0
    },
    {
        "calculationDate": "20200323",
        "outstanding": 68862.0
    },
    {
        "calculationDate": "20221103",
        "outstanding": 88811.14
    },
    {
        "calculationDate": "20191128",
        "outstanding": 53603.0
    },
    {
        "calculationDate": "20201219",
        "outstanding": 36362.0
    },
    {
        "calculationDate": "20220422",
        "outstanding": 84324.0
    },
    {
        "calculationDate": "20191224",
        "outstanding": 66890.0
    },
    {
        "calculationDate": "20211124",
        "outstanding": 90392.0
    },
    {
        "calculationDate": "20211215",
        "outstanding": 53186.0
    },
    {
        "calculationDate": "20220415",
        "outstanding": 78856.0
    },
    {
        "calculationDate": "20221203",
        "outstanding": 81505.1
    },
    {
        "calculationDate": "20220111",
        "outstanding": 81420.0
    },
    {
        "calculationDate": "20210415",
        "outstanding": 65583.0
    },
    {
        "calculationDate": "20200213",
        "outstanding": 74938.0
    },
    {
        "calculationDate": "20220124",
        "outstanding": 90006.0
    },
    {
        "calculationDate": "20220819",
        "outstanding": 82756.0
    },
    {
        "calculationDate": "20220701",
        "outstanding": 89867.0
    },
    {
        "calculationDate": "20200610",
        "outstanding": 63660.0
    },
    {
        "calculationDate": "20210817",
        "outstanding": 68119.0
    },
    {
        "calculationDate": "20230113",
        "outstanding": 62138.14
    },
    {
        "calculationDate": "20201218",
        "outstanding": 35070.0
    },
    {
        "calculationDate": "20200823",
        "outstanding": 67295.0
    },
    {
        "calculationDate": "20210731",
        "outstanding": 71337.0
    },
    {
        "calculationDate": "20221005",
        "outstanding": 53049.0
    },
    {
        "calculationDate": "20230306",
        "outstanding": 76078.64
    },
    {
        "calculationDate": "20210727",
        "outstanding": 63274.0
    },
    {
        "calculationDate": "20220606",
        "outstanding": 89690.0
    },
    {
        "calculationDate": "20220520",
        "outstanding": 80520.0
    },
    {
        "calculationDate": "20200806",
        "outstanding": 63549.0
    },
    {
        "calculationDate": "20201005",
        "outstanding": 74907.0
    },
    {
        "calculationDate": "20221209",
        "outstanding": 71608.9
    },
    {
        "calculationDate": "20201105",
        "outstanding": 74709.0
    },
    {
        "calculationDate": "20230210",
        "outstanding": 44093.25
    },
    {
        "calculationDate": "20220207",
        "outstanding": 89701.0
    },
    {
        "calculationDate": "20200721",
        "outstanding": 47974.0
    },
    {
        "calculationDate": "20211015",
        "outstanding": 71329.0
    },
    {
        "calculationDate": "20230406",
        "outstanding": 0.0
    },
    {
        "calculationDate": "20230511",
        "outstanding": 14809.61
    },
    {
        "calculationDate": "20210612",
        "outstanding": 57698.0
    },
    {
        "calculationDate": "20201011",
        "outstanding": 42468.0
    },
    {
        "calculationDate": "20221028",
        "outstanding": 81565.0
    },
    {
        "calculationDate": "20210504",
        "outstanding": 73964.0
    },
    {
        "calculationDate": "20200727",
        "outstanding": 57339.0
    },
    {
        "calculationDate": "20201231",
        "outstanding": 64532.0
    },
    {
        "calculationDate": "20211025",
        "outstanding": 87985.0
    },
    {
        "calculationDate": "20210420",
        "outstanding": 68405.0
    },
    {
        "calculationDate": "20210812",
        "outstanding": 48529.0
    },
    {
        "calculationDate": "20201216",
        "outstanding": 24125.0
    },
    {
        "calculationDate": "20211013",
        "outstanding": 74981.0
    },
    {
        "calculationDate": "20200124",
        "outstanding": 63738.0
    },
    {
        "calculationDate": "20200113",
        "outstanding": 70859.0
    },
    {
        "calculationDate": "20210715",
        "outstanding": 70714.0
    },
    {
        "calculationDate": "20210318",
        "outstanding": 70517.0
    },
    {
        "calculationDate": "20230115",
        "outstanding": 56761.51
    },
    {
        "calculationDate": "20220801",
        "outstanding": 87046.0
    },
    {
        "calculationDate": "20230529",
        "outstanding": 38176.13
    },
    {
        "calculationDate": "20220309",
        "outstanding": 73541.0
    },
    {
        "calculationDate": "20220131",
        "outstanding": 85056.0
    },
    {
        "calculationDate": "20220608",
        "outstanding": 89907.0
    },
    {
        "calculationDate": "20200413",
        "outstanding": 74772.0
    },
    {
        "calculationDate": "20201113",
        "outstanding": 41387.0
    },
    {
        "calculationDate": "20220418",
        "outstanding": 81331.0
    },
    {
        "calculationDate": "20220408",
        "outstanding": 89985.0
    },
    {
        "calculationDate": "20211129",
        "outstanding": 54886.0
    },
    {
        "calculationDate": "20220316",
        "outstanding": 75630.0
    },
    {
        "calculationDate": "20210325",
        "outstanding": 74980.0
    },
    {
        "calculationDate": "20210309",
        "outstanding": 73850.0
    },
    {
        "calculationDate": "20211110",
        "outstanding": 89952.0
    },
    {
        "calculationDate": "20230528",
        "outstanding": 23598.13
    },
    {
        "calculationDate": "20200128",
        "outstanding": 65150.0
    },
    {
        "calculationDate": "20220914",
        "outstanding": 18876.0
    },
    {
        "calculationDate": "20221122",
        "outstanding": 69005.2
    },
    {
        "calculationDate": "20221213",
        "outstanding": 71664.77
    },
    {
        "calculationDate": "20230310",
        "outstanding": 0.0
    },
    {
        "calculationDate": "20220715",
        "outstanding": 80892.0
    },
    {
        "calculationDate": "20200513",
        "outstanding": 37728.0
    },
    {
        "calculationDate": "20211122",
        "outstanding": 83864.0
    },
    {
        "calculationDate": "20201206",
        "outstanding": 22163.0
    },
    {
        "calculationDate": "20220215",
        "outstanding": 56645.0
    },
    {
        "calculationDate": "20230301",
        "outstanding": 69172.08
    },
    {
        "calculationDate": "20200324",
        "outstanding": 71228.0
    },
    {
        "calculationDate": "20220406",
        "outstanding": 88185.0
    },
    {
        "calculationDate": "20201128",
        "outstanding": 19256.0
    },
    {
        "calculationDate": "20200613",
        "outstanding": 37402.0
    },
    {
        "calculationDate": "20230331",
        "outstanding": 24465.27
    },
    {
        "calculationDate": "20201207",
        "outstanding": 23670.0
    },
    {
        "calculationDate": "20191015",
        "outstanding": 61960.0
    },
    {
        "calculationDate": "20200914",
        "outstanding": 62699.0
    },
    {
        "calculationDate": "20220314",
        "outstanding": 75380.0
    },
    {
        "calculationDate": "20211027",
        "outstanding": 88385.0
    },
    {
        "calculationDate": "20210120",
        "outstanding": 72957.0
    },
    {
        "calculationDate": "20220930",
        "outstanding": 42070.0
    },
    {
        "calculationDate": "20230605",
        "outstanding": 69274.71
    },
    {
        "calculationDate": "20220627",
        "outstanding": 85512.0
    },
    {
        "calculationDate": "20200220",
        "outstanding": 74864.0
    },
    {
        "calculationDate": "20210624",
        "outstanding": 71361.0
    },
    {
        "calculationDate": "20200716",
        "outstanding": 37362.0
    },
    {
        "calculationDate": "20210311",
        "outstanding": 74522.0
    },
    {
        "calculationDate": "20220116",
        "outstanding": 87171.0
    },
    {
        "calculationDate": "20220527",
        "outstanding": 85822.0
    },
    {
        "calculationDate": "20220822",
        "outstanding": 89054.0
    },
    {
        "calculationDate": "20200522",
        "outstanding": 49422.0
    },
    {
        "calculationDate": "20221010",
        "outstanding": 54549.0
    },
    {
        "calculationDate": "20210720",
        "outstanding": 73073.0
    },
    {
        "calculationDate": "20210124",
        "outstanding": 74101.0
    },
    {
        "calculationDate": "20211012",
        "outstanding": 68497.0
    },
    {
        "calculationDate": "20230519",
        "outstanding": 6464.16
    },
    {
        "calculationDate": "20200818",
        "outstanding": 57480.0
    },
    {
        "calculationDate": "20210401",
        "outstanding": 74977.0
    },
    {
        "calculationDate": "20220727",
        "outstanding": 84731.0
    },
    {
        "calculationDate": "20200816",
        "outstanding": 53063.0
    },
    {
        "calculationDate": "20210527",
        "outstanding": 62330.0
    },
    {
        "calculationDate": "20220525",
        "outstanding": 85400.0
    },
    {
        "calculationDate": "20220404",
        "outstanding": 85837.0
    },
    {
        "calculationDate": "20210529",
        "outstanding": 63620.0
    },
    {
        "calculationDate": "20200813",
        "outstanding": 28934.0
    },
    {
        "calculationDate": "20200913",
        "outstanding": 36051.0
    },
    {
        "calculationDate": "20211004",
        "outstanding": 87849.0
    },
    {
        "calculationDate": "20220126",
        "outstanding": 90206.0
    },
    {
        "calculationDate": "20230414",
        "outstanding": 18205.82
    },
    {
        "calculationDate": "20211207",
        "outstanding": 53186.0
    },
    {
        "calculationDate": "20221119",
        "outstanding": 59301.7
    },
    {
        "calculationDate": "20210117",
        "outstanding": 73023.0
    },
    {
        "calculationDate": "20220223",
        "outstanding": 70197.0
    },
    {
        "calculationDate": "20200911",
        "outstanding": 33756.0
    },
    {
        "calculationDate": "20210316",
        "outstanding": 68517.0
    },
    {
        "calculationDate": "20210601",
        "outstanding": 74597.0
    },
    {
        "calculationDate": "20220803",
        "outstanding": 89769.0
    },
    {
        "calculationDate": "20210729",
        "outstanding": 68031.0
    },
    {
        "calculationDate": "20201213",
        "outstanding": 7763.0
    },
    {
        "calculationDate": "20210127",
        "outstanding": 74501.0
    },
    {
        "calculationDate": "20221221",
        "outstanding": 81959.17
    },
    {
        "calculationDate": "20210427",
        "outstanding": 68305.0
    },
    {
        "calculationDate": "20200501",
        "outstanding": 64435.0
    },
    {
        "calculationDate": "20201111",
        "outstanding": 41387.0
    },
    {
        "calculationDate": "20210118",
        "outstanding": 69443.0
    },
    {
        "calculationDate": "20210508",
        "outstanding": 74964.0
    },
    {
        "calculationDate": "20200430",
        "outstanding": 63852.0
    },
    {
        "calculationDate": "20210615",
        "outstanding": 55098.0
    },
    {
        "calculationDate": "20210814",
        "outstanding": 51755.0
    },
    {
        "calculationDate": "20200130",
        "outstanding": 73111.0
    },
    {
        "calculationDate": "20200711",
        "outstanding": 17303.0
    },
    {
        "calculationDate": "20220325",
        "outstanding": 85671.0
    },
    {
        "calculationDate": "20191024",
        "outstanding": 61960.0
    },
    {
        "calculationDate": "20200713",
        "outstanding": 32053.0
    },
    {
        "calculationDate": "20221108",
        "outstanding": 62019.37
    },
    {
        "calculationDate": "20210313",
        "outstanding": 52075.0
    },
    {
        "calculationDate": "20230524",
        "outstanding": 43181.43
    },
    {
        "calculationDate": "20210826",
        "outstanding": 74986.0
    },
    {
        "calculationDate": "20220304",
        "outstanding": 71197.0
    },
    {
        "calculationDate": "20210320",
        "outstanding": 74077.0
    },
    {
        "calculationDate": "20230204",
        "outstanding": 68108.64
    },
    {
        "calculationDate": "20221112",
        "outstanding": 37595.71
    },
    {
        "calculationDate": "20200422",
        "outstanding": 54620.0
    },
    {
        "calculationDate": "20210918",
        "outstanding": 89964.0
    },
    {
        "calculationDate": "20230122",
        "outstanding": 57269.21
    },
    {
        "calculationDate": "20221208",
        "outstanding": 86664.69
    },
    {
        "calculationDate": "20230613",
        "outstanding": 61506.32
    },
    {
        "calculationDate": "20220509",
        "outstanding": 89689.0
    },
    {
        "calculationDate": "20221115",
        "outstanding": 42469.83
    },
    {
        "calculationDate": "20200815",
        "outstanding": 37707.0
    },
    {
        "calculationDate": "20200817",
        "outstanding": 55801.0
    },
    {
        "calculationDate": "20221117",
        "outstanding": 54469.83
    },
    {
        "calculationDate": "20220909",
        "outstanding": 40120.0
    },
    {
        "calculationDate": "20221224",
        "outstanding": 83236.67
    },
    {
        "calculationDate": "20201228",
        "outstanding": 60164.0
    },
    {
        "calculationDate": "20230609",
        "outstanding": 61506.32
    },
    {
        "calculationDate": "20220624",
        "outstanding": 89800.0
    },
    {
        "calculationDate": "20220615",
        "outstanding": 87252.0
    },
    {
        "calculationDate": "20220613",
        "outstanding": 89968.0
    },
    {
        "calculationDate": "20191113",
        "outstanding": 53758.0
    },
    {
        "calculationDate": "20230123",
        "outstanding": 67613.62
    },
    {
        "calculationDate": "20201201",
        "outstanding": 21113.0
    },
    {
        "outstanding": 60464.07
    },
    {
        "calculationDate": "20220829",
        "outstanding": 82211.0
    },
    {
        "calculationDate": "20230329",
        "outstanding": 465.27
    },
    {
        "calculationDate": "20201129",
        "outstanding": 20037.0
    },
    {
        "calculationDate": "20220815",
        "outstanding": 81989.0
    },
    {
        "calculationDate": "20191109",
        "outstanding": 61960.0
    },
    {
        "calculationDate": "20210410",
        "outstanding": 62896.0
    },
    {
        "calculationDate": "20211117",
        "outstanding": 71442.0
    },
    {
        "calculationDate": "20211022",
        "outstanding": 86981.0
    },
    {
        "calculationDate": "20201229",
        "outstanding": 63566.0
    },
    {
        "calculationDate": "20230218",
        "outstanding": 59709.07
    },
    {
        "calculationDate": "20191213",
        "outstanding": 45246.0
    },
    {
        "calculationDate": "20200916",
        "outstanding": 67561.0
    },
    {
        "calculationDate": "20210422",
        "outstanding": 69175.0
    },
    {
        "calculationDate": "20220318",
        "outstanding": 77103.0
    },
    {
        "calculationDate": "20220912",
        "outstanding": 18876.0
    },
    {
        "calculationDate": "20221014",
        "outstanding": 61974.0
    },
    {
        "calculationDate": "20230513",
        "outstanding": 14809.61
    },
    {
        "calculationDate": "20230313",
        "outstanding": 0.0
    },
    {
        "calculationDate": "20200718",
        "outstanding": 47624.0
    }
]